solid csg.js
facet normal 0 0 -1
outer loop
vertex 212.27406099999993 -43.6875 0
vertex 212.27408595809928 -43.687502050000006 0
vertex 158.5 -43.687502050000006 0
endloop
endfacet
facet normal 0 0 -1
outer loop
vertex 212.27406099999993 -43.6875 0
vertex 158.5 -43.687502050000006 0
vertex 161.12500475001906 -43.6875 0
endloop
endfacet
facet normal 0 0 -1
outer loop
vertex 158.5 -43.687502050000006 0
vertex 212.27408595809928 -43.687502050000006 0
vertex 212.76358065735474 -43.727708001679844 0
endloop
endfacet
facet normal 0 0 -1
outer loop
vertex 158.5 -43.687502050000006 0
vertex 212.76358065735474 -43.727708001679844 0
vertex 213.23997436568015 -43.84725216651913 0
endloop
endfacet
facet normal 0 0 -1
outer loop
vertex 158.5 -43.687502050000006 0
vertex 213.23997436568015 -43.84725216651913 0
vertex 213.69047706245493 -44.042928156046656 0
endloop
endfacet
facet normal 0 0 -1
outer loop
vertex 158.5 -43.687502050000006 0
vertex 213.69047706245493 -44.042928156046656 0
vertex 214.1030131844388 -44.309490945531095 0
endloop
endfacet
facet normal 0 0 -1
outer loop
vertex 158.5 -43.687502050000006 0
vertex 214.1030131844388 -44.309490945531095 0
vertex 214.4665248488135 -44.639795414987205 0
endloop
endfacet
facet normal 0 0 -1
outer loop
vertex 158.5 -43.687502050000006 0
vertex 214.4665248488135 -44.639795414987205 0
vertex 214.77126825576758 -45.02498787155555 0
endloop
endfacet
facet normal 0 0 -1
outer loop
vertex 158.5 -43.687502050000006 0
vertex 214.77126825576758 -45.02498787155555 0
vertex 215.0090748675559 -45.45474336956437 0
endloop
endfacet
facet normal 0 0 -1
outer loop
vertex 158.5 -43.687502050000006 0
vertex 215.0090748675559 -45.45474336956437 0
vertex 215.11401972601095 -45.75 0
endloop
endfacet
facet normal 0 0 -1
outer loop
vertex 158.5 -43.687502050000006 0
vertex 215.11401972601095 -45.75 0
vertex 158.5 -45.75 0
endloop
endfacet
facet normal 0 0 -1
outer loop
vertex 158.5 -43.687502050000006 0
vertex 158.5 -45.75 0
vertex 105.5 -45.75 0
endloop
endfacet
facet normal 0 0 -1
outer loop
vertex 158.5 -43.687502050000006 0
vertex 105.5 -45.75 0
vertex 103.10473018457178 -45.75 0
endloop
endfacet
facet normal 0 0 -1
outer loop
vertex 158.5 -43.687502050000006 0
vertex 103.10473018457178 -45.75 0
vertex 104.10853469999984 -44.65762410000016 0
endloop
endfacet
facet normal 0 0 -1
outer loop
vertex 158.5 -43.687502050000006 0
vertex 104.10853469999984 -44.65762410000016 0
vertex 104.40862845203591 -44.37316674823579 0
endloop
endfacet
facet normal 0 0 -1
outer loop
vertex 158.5 -43.687502050000006 0
vertex 104.40862845203591 -44.37316674823579 0
vertex 104.74498194816798 -44.13267597115143 0
endloop
endfacet
facet normal 0 0 -1
outer loop
vertex 158.5 -43.687502050000006 0
vertex 104.74498194816798 -44.13267597115143 0
vertex 105.11120826227432 -43.94071822820038 0
endloop
endfacet
facet normal 0 0 -1
outer loop
vertex 158.5 -43.687502050000006 0
vertex 105.11120826227432 -43.94071822820038 0
vertex 105.50035033596657 -43.80094006572395 0
endloop
endfacet
facet normal 0 0 -1
outer loop
vertex 158.5 -43.687502050000006 0
vertex 105.50035033596657 -43.80094006572395 0
vertex 105.90501578911326 -43.715996794933616 0
endloop
endfacet
facet normal 0 0 -1
outer loop
vertex 158.5 -43.687502050000006 0
vertex 105.90501578911326 -43.715996794933616 0
vertex 106.31751734999997 -43.687502050000006 0
endloop
endfacet
facet normal 0 0 -1
outer loop
vertex 215.11401972601095 -45.75 0
vertex 215.1673351375735 -45.900000000000006 0
vertex 210 -45.900000000000006 0
endloop
endfacet
facet normal 0 0 -1
outer loop
vertex 215.11401972601095 -45.75 0
vertex 210 -45.900000000000006 0
vertex 164.99999999999994 -45.900000000000006 0
endloop
endfacet
facet normal 0 0 -1
outer loop
vertex 215.11401972601095 -45.75 0
vertex 164.99999999999994 -45.900000000000006 0
vertex 158.5 -45.900000000000006 0
endloop
endfacet
facet normal 0 0 -1
outer loop
vertex 215.11401972601095 -45.75 0
vertex 158.5 -45.900000000000006 0
vertex 158.5 -45.75 0
endloop
endfacet
facet normal 0 0 -1
outer loop
vertex 164.99999999999994 -45.900000000000006 0
vertex 164.7854006457822 -45.92113619155646 0
vertex 158.5 -45.92113619155646 0
endloop
endfacet
facet normal 0 0 -1
outer loop
vertex 164.99999999999994 -45.900000000000006 0
vertex 158.5 -45.92113619155646 0
vertex 158.5 -45.900000000000006 0
endloop
endfacet
facet normal 0 0 -1
outer loop
vertex 210 -45.900000000000006 0
vertex 209.78540064578226 -45.92113619155646 0
vertex 165.21459935421777 -45.92113619155646 0
endloop
endfacet
facet normal 0 0 -1
outer loop
vertex 210 -45.900000000000006 0
vertex 165.21459935421777 -45.92113619155646 0
vertex 164.99999999999994 -45.900000000000006 0
endloop
endfacet
facet normal 0 0 -1
outer loop
vertex 215.1673351375735 -45.900000000000006 0
vertex 215.17357036322502 -45.917542466996224 0
vertex 215.1742154226566 -45.92113619155646 0
endloop
endfacet
facet normal 0 0 -1
outer loop
vertex 215.1673351375735 -45.900000000000006 0
vertex 215.1742154226566 -45.92113619155646 0
vertex 210.21459935421774 -45.92113619155646 0
endloop
endfacet
facet normal 0 0 -1
outer loop
vertex 215.1673351375735 -45.900000000000006 0
vertex 210.21459935421774 -45.92113619155646 0
vertex 210 -45.900000000000006 0
endloop
endfacet
facet normal 0 0 -1
outer loop
vertex 164.7854006457822 -45.92113619155646 0
vertex 164.57904822439843 -45.98373251423759 0
vertex 158.5 -45.98373251423759 0
endloop
endfacet
facet normal 0 0 -1
outer loop
vertex 164.7854006457822 -45.92113619155646 0
vertex 158.5 -45.98373251423759 0
vertex 158.5 -45.92113619155646 0
endloop
endfacet
facet normal 0 0 -1
outer loop
vertex 209.78540064578226 -45.92113619155646 0
vertex 209.57904822439835 -45.98373251423759 0
vertex 165.42095177560154 -45.98373251423759 0
endloop
endfacet
facet normal 0 0 -1
outer loop
vertex 209.78540064578226 -45.92113619155646 0
vertex 165.42095177560154 -45.98373251423759 0
vertex 165.21459935421777 -45.92113619155646 0
endloop
endfacet
facet normal 0 0 -1
outer loop
vertex 215.1742154226566 -45.92113619155646 0
vertex 215.18545121651093 -45.98373251423759 0
vertex 210.4209517756016 -45.98373251423759 0
endloop
endfacet
facet normal 0 0 -1
outer loop
vertex 215.1742154226566 -45.92113619155646 0
vertex 210.4209517756016 -45.98373251423759 0
vertex 210.21459935421774 -45.92113619155646 0
endloop
endfacet
facet normal 0 0 -1
outer loop
vertex 164.57904822439843 -45.98373251423759 0
vertex 164.3888727436785 -46.085383426467246 0
vertex 158.5 -46.085383426467246 0
endloop
endfacet
facet normal 0 0 -1
outer loop
vertex 164.57904822439843 -45.98373251423759 0
vertex 158.5 -46.085383426467246 0
vertex 158.5 -45.98373251423759 0
endloop
endfacet
facet normal 0 0 -1
outer loop
vertex 209.57904822439835 -45.98373251423759 0
vertex 209.38887274367832 -46.085383426467246 0
vertex 165.6111272563215 -46.085383426467246 0
endloop
endfacet
facet normal 0 0 -1
outer loop
vertex 209.57904822439835 -45.98373251423759 0
vertex 165.6111272563215 -46.085383426467246 0
vertex 165.42095177560154 -45.98373251423759 0
endloop
endfacet
facet normal 0 0 -1
outer loop
vertex 215.18545121651093 -45.98373251423759 0
vertex 215.20369715566508 -46.085383426467246 0
vertex 210.61112725632165 -46.085383426467246 0
endloop
endfacet
facet normal 0 0 -1
outer loop
vertex 215.18545121651093 -45.98373251423759 0
vertex 210.61112725632165 -46.085383426467246 0
vertex 210.4209517756016 -45.98373251423759 0
endloop
endfacet
facet normal 0 0 -1
outer loop
vertex 164.3888727436785 -46.085383426467246 0
vertex 164.22218254069494 -46.22218254069472 0
vertex 158.5 -46.22218254069472 0
endloop
endfacet
facet normal 0 0 -1
outer loop
vertex 164.3888727436785 -46.085383426467246 0
vertex 158.5 -46.22218254069472 0
vertex 158.5 -46.085383426467246 0
endloop
endfacet
facet normal 0 0 -1
outer loop
vertex 209.38887274367832 -46.085383426467246 0
vertex 209.22218254069503 -46.22218254069472 0
vertex 165.7778174593051 -46.22218254069472 0
endloop
endfacet
facet normal 0 0 -1
outer loop
vertex 209.38887274367832 -46.085383426467246 0
vertex 165.7778174593051 -46.22218254069472 0
vertex 165.6111272563215 -46.085383426467246 0
endloop
endfacet
facet normal 0 0 -1
outer loop
vertex 215.20369715566508 -46.085383426467246 0
vertex 215.22825205890982 -46.22218254069472 0
vertex 210.77781745930514 -46.22218254069472 0
endloop
endfacet
facet normal 0 0 -1
outer loop
vertex 215.20369715566508 -46.085383426467246 0
vertex 210.77781745930514 -46.22218254069472 0
vertex 210.61112725632165 -46.085383426467246 0
endloop
endfacet
facet normal 0 0 -1
outer loop
vertex 164.22218254069494 -46.22218254069472 0
vertex 164.08538342646702 -46.38887274367846 0
vertex 158.5 -46.38887274367846 0
endloop
endfacet
facet normal 0 0 -1
outer loop
vertex 164.22218254069494 -46.22218254069472 0
vertex 158.5 -46.38887274367846 0
vertex 158.5 -46.22218254069472 0
endloop
endfacet
facet normal 0 0 -1
outer loop
vertex 209.22218254069503 -46.22218254069472 0
vertex 209.085383426467 -46.38887274367846 0
vertex 165.91461657353284 -46.38887274367846 0
endloop
endfacet
facet normal 0 0 -1
outer loop
vertex 209.22218254069503 -46.22218254069472 0
vertex 165.91461657353284 -46.38887274367846 0
vertex 165.7778174593051 -46.22218254069472 0
endloop
endfacet
facet normal 0 0 -1
outer loop
vertex 215.22825205890982 -46.22218254069472 0
vertex 215.25817229508405 -46.38887274367846 0
vertex 210.9146165735328 -46.38887274367846 0
endloop
endfacet
facet normal 0 0 -1
outer loop
vertex 215.22825205890982 -46.22218254069472 0
vertex 210.9146165735328 -46.38887274367846 0
vertex 210.77781745930514 -46.22218254069472 0
endloop
endfacet
facet normal 0 0 -1
outer loop
vertex 164.08538342646702 -46.38887274367846 0
vertex 163.98373251423772 -46.579048224398306 0
vertex 158.5 -46.579048224398306 0
endloop
endfacet
facet normal 0 0 -1
outer loop
vertex 164.08538342646702 -46.38887274367846 0
vertex 158.5 -46.579048224398306 0
vertex 158.5 -46.38887274367846 0
endloop
endfacet
facet normal 0 0 -1
outer loop
vertex 209.085383426467 -46.38887274367846 0
vertex 208.9837325142377 -46.579048224398306 0
vertex 166.01626748576243 -46.579048224398306 0
endloop
endfacet
facet normal 0 0 -1
outer loop
vertex 209.085383426467 -46.38887274367846 0
vertex 166.01626748576243 -46.579048224398306 0
vertex 165.91461657353284 -46.38887274367846 0
endloop
endfacet
facet normal 0 0 -1
outer loop
vertex 215.25817229508405 -46.38887274367846 0
vertex 215.2603455 -46.40098000000006 0
vertex 215.27743044664408 -46.579048224398306 0
endloop
endfacet
facet normal 0 0 -1
outer loop
vertex 215.25817229508405 -46.38887274367846 0
vertex 215.27743044664408 -46.579048224398306 0
vertex 211.01626748576237 -46.579048224398306 0
endloop
endfacet
facet normal 0 0 -1
outer loop
vertex 215.25817229508405 -46.38887274367846 0
vertex 211.01626748576237 -46.579048224398306 0
vertex 210.9146165735328 -46.38887274367846 0
endloop
endfacet
facet normal 0 0 -1
outer loop
vertex 163.98373251423772 -46.579048224398306 0
vertex 163.9211361915564 -46.78540064578223 0
vertex 158.5 -46.78540064578223 0
endloop
endfacet
facet normal 0 0 -1
outer loop
vertex 163.98373251423772 -46.579048224398306 0
vertex 158.5 -46.78540064578223 0
vertex 158.5 -46.579048224398306 0
endloop
endfacet
facet normal 0 0 -1
outer loop
vertex 208.9837325142377 -46.579048224398306 0
vertex 208.92113619155646 -46.78540064578223 0
vertex 166.07886380844351 -46.78540064578223 0
endloop
endfacet
facet normal 0 0 -1
outer loop
vertex 208.9837325142377 -46.579048224398306 0
vertex 166.07886380844351 -46.78540064578223 0
vertex 166.01626748576243 -46.579048224398306 0
endloop
endfacet
facet normal 0 0 -1
outer loop
vertex 215.27743044664408 -46.579048224398306 0
vertex 215.29722915088303 -46.78540064578223 0
vertex 211.07886380844351 -46.78540064578223 0
endloop
endfacet
facet normal 0 0 -1
outer loop
vertex 215.27743044664408 -46.579048224398306 0
vertex 211.07886380844351 -46.78540064578223 0
vertex 211.01626748576237 -46.579048224398306 0
endloop
endfacet
facet normal 0 0 -1
outer loop
vertex 163.9211361915564 -46.78540064578223 0
vertex 163.9 -47.00000000000003 0
vertex 158.5 -47.00000000000003 0
endloop
endfacet
facet normal 0 0 -1
outer loop
vertex 163.9211361915564 -46.78540064578223 0
vertex 158.5 -47.00000000000003 0
vertex 158.5 -46.78540064578223 0
endloop
endfacet
facet normal 0 0 -1
outer loop
vertex 208.92113619155646 -46.78540064578223 0
vertex 208.89999999999998 -47.00000000000003 0
vertex 166.1 -47.00000000000003 0
endloop
endfacet
facet normal 0 0 -1
outer loop
vertex 208.92113619155646 -46.78540064578223 0
vertex 166.1 -47.00000000000003 0
vertex 166.07886380844351 -46.78540064578223 0
endloop
endfacet
facet normal 0 0 -1
outer loop
vertex 215.29722915088303 -46.78540064578223 0
vertex 215.31781911593185 -47.00000000000003 0
vertex 211.09999999999997 -47.00000000000003 0
endloop
endfacet
facet normal 0 0 -1
outer loop
vertex 215.29722915088303 -46.78540064578223 0
vertex 211.09999999999997 -47.00000000000003 0
vertex 211.07886380844351 -46.78540064578223 0
endloop
endfacet
facet normal 0 0 -1
outer loop
vertex 163.9 -47.00000000000003 0
vertex 163.92113619155646 -47.214599354217626 0
vertex 158.5 -47.214599354217626 0
endloop
endfacet
facet normal 0 0 -1
outer loop
vertex 163.9 -47.00000000000003 0
vertex 158.5 -47.214599354217626 0
vertex 158.5 -47.00000000000003 0
endloop
endfacet
facet normal 0 0 -1
outer loop
vertex 208.89999999999998 -47.00000000000003 0
vertex 208.92113619155643 -47.214599354217626 0
vertex 166.07886375248117 -47.214599354217626 0
endloop
endfacet
facet normal 0 0 -1
outer loop
vertex 208.89999999999998 -47.00000000000003 0
vertex 166.07886375248117 -47.214599354217626 0
vertex 166.1 -47.00000000000003 0
endloop
endfacet
facet normal 0 0 -1
outer loop
vertex 215.31781911593185 -47.00000000000003 0
vertex 215.33840908098063 -47.214599354217626 0
vertex 211.07886380844357 -47.214599354217626 0
endloop
endfacet
facet normal 0 0 -1
outer loop
vertex 215.31781911593185 -47.00000000000003 0
vertex 211.07886380844357 -47.214599354217626 0
vertex 211.09999999999997 -47.00000000000003 0
endloop
endfacet
facet normal 0 0 -1
outer loop
vertex 163.92113619155646 -47.214599354217626 0
vertex 163.9837325142376 -47.420951775601566 0
vertex 158.5 -47.420951775601566 0
endloop
endfacet
facet normal 0 0 -1
outer loop
vertex 163.92113619155646 -47.214599354217626 0
vertex 158.5 -47.420951775601566 0
vertex 158.5 -47.214599354217626 0
endloop
endfacet
facet normal 0 0 -1
outer loop
vertex 208.92113619155643 -47.214599354217626 0
vertex 208.98373251423757 -47.420951775601566 0
vertex 166.01626748576243 -47.420951775601566 0
endloop
endfacet
facet normal 0 0 -1
outer loop
vertex 208.92113619155643 -47.214599354217626 0
vertex 166.01626748576243 -47.420951775601566 0
vertex 166.07886375248117 -47.214599354217626 0
endloop
endfacet
facet normal 0 0 -1
outer loop
vertex 215.33840908098063 -47.214599354217626 0
vertex 215.3582077852196 -47.420951775601566 0
vertex 211.01626748576246 -47.420951775601566 0
endloop
endfacet
facet normal 0 0 -1
outer loop
vertex 215.33840908098063 -47.214599354217626 0
vertex 211.01626748576246 -47.420951775601566 0
vertex 211.07886380844357 -47.214599354217626 0
endloop
endfacet
facet normal 0 0 -1
outer loop
vertex 163.9837325142376 -47.420951775601566 0
vertex 164.0853834264672 -47.611127256321424 0
vertex 158.5 -47.611127256321424 0
endloop
endfacet
facet normal 0 0 -1
outer loop
vertex 163.9837325142376 -47.420951775601566 0
vertex 158.5 -47.611127256321424 0
vertex 158.5 -47.420951775601566 0
endloop
endfacet
facet normal 0 0 -1
outer loop
vertex 208.98373251423757 -47.420951775601566 0
vertex 209.08538342646713 -47.611127256321424 0
vertex 165.91461657353287 -47.611127256321424 0
endloop
endfacet
facet normal 0 0 -1
outer loop
vertex 208.98373251423757 -47.420951775601566 0
vertex 165.91461657353287 -47.611127256321424 0
vertex 166.01626748576243 -47.420951775601566 0
endloop
endfacet
facet normal 0 0 -1
outer loop
vertex 215.3582077852196 -47.420951775601566 0
vertex 215.37645437554806 -47.611127256321424 0
vertex 210.91461657353284 -47.611127256321424 0
endloop
endfacet
facet normal 0 0 -1
outer loop
vertex 215.3582077852196 -47.420951775601566 0
vertex 210.91461657353284 -47.611127256321424 0
vertex 211.01626748576246 -47.420951775601566 0
endloop
endfacet
facet normal 0 0 -1
outer loop
vertex 164.0853834264672 -47.611127256321424 0
vertex 164.22218254069492 -47.777817459305254 0
vertex 158.5 -47.777817459305254 0
endloop
endfacet
facet normal 0 0 -1
outer loop
vertex 164.0853834264672 -47.611127256321424 0
vertex 158.5 -47.777817459305254 0
vertex 158.5 -47.611127256321424 0
endloop
endfacet
facet normal 0 0 -1
outer loop
vertex 209.08538342646713 -47.611127256321424 0
vertex 209.2221825406949 -47.777817459305254 0
vertex 165.77781745930525 -47.777817459305254 0
endloop
endfacet
facet normal 0 0 -1
outer loop
vertex 209.08538342646713 -47.611127256321424 0
vertex 165.77781745930525 -47.777817459305254 0
vertex 165.91461657353287 -47.611127256321424 0
endloop
endfacet
facet normal 0 0 -1
outer loop
vertex 215.37645437554806 -47.611127256321424 0
vertex 215.39244764573252 -47.777817459305254 0
vertex 210.77781745930514 -47.777817459305254 0
endloop
endfacet
facet normal 0 0 -1
outer loop
vertex 215.37645437554806 -47.611127256321424 0
vertex 210.77781745930514 -47.777817459305254 0
vertex 210.91461657353284 -47.611127256321424 0
endloop
endfacet
facet normal 0 0 -1
outer loop
vertex 164.22218254069492 -47.777817459305254 0
vertex 164.3888727436784 -47.91461657353281 0
vertex 158.5 -47.91461657353281 0
endloop
endfacet
facet normal 0 0 -1
outer loop
vertex 164.22218254069492 -47.777817459305254 0
vertex 158.5 -47.91461657353281 0
vertex 158.5 -47.777817459305254 0
endloop
endfacet
facet normal 0 0 -1
outer loop
vertex 209.2221825406949 -47.777817459305254 0
vertex 209.38887274367846 -47.91461657353281 0
vertex 165.61112725632154 -47.91461657353281 0
endloop
endfacet
facet normal 0 0 -1
outer loop
vertex 209.2221825406949 -47.777817459305254 0
vertex 165.61112725632154 -47.91461657353281 0
vertex 165.77781745930525 -47.777817459305254 0
endloop
endfacet
facet normal 0 0 -1
outer loop
vertex 215.39244764573252 -47.777817459305254 0
vertex 215.40557298336887 -47.91461657353281 0
vertex 210.61112725632154 -47.91461657353281 0
endloop
endfacet
facet normal 0 0 -1
outer loop
vertex 215.39244764573252 -47.777817459305254 0
vertex 210.61112725632154 -47.91461657353281 0
vertex 210.77781745930514 -47.777817459305254 0
endloop
endfacet
facet normal 0 0 -1
outer loop
vertex 164.3888727436784 -47.91461657353281 0
vertex 164.57904822439835 -48.01626748576241 0
vertex 158.5 -48.01626748576241 0
endloop
endfacet
facet normal 0 0 -1
outer loop
vertex 164.3888727436784 -47.91461657353281 0
vertex 158.5 -48.01626748576241 0
vertex 158.5 -47.91461657353281 0
endloop
endfacet
facet normal 0 0 -1
outer loop
vertex 209.38887274367846 -47.91461657353281 0
vertex 209.5790482243984 -48.01626748576241 0
vertex 165.42095177560157 -48.01626748576241 0
endloop
endfacet
facet normal 0 0 -1
outer loop
vertex 209.38887274367846 -47.91461657353281 0
vertex 165.42095177560157 -48.01626748576241 0
vertex 165.61112725632154 -47.91461657353281 0
endloop
endfacet
facet normal 0 0 -1
outer loop
vertex 215.40557298336887 -47.91461657353281 0
vertex 215.41532598909257 -48.01626748576241 0
vertex 210.42095177560157 -48.01626748576241 0
endloop
endfacet
facet normal 0 0 -1
outer loop
vertex 215.40557298336887 -47.91461657353281 0
vertex 210.42095177560157 -48.01626748576241 0
vertex 210.61112725632154 -47.91461657353281 0
endloop
endfacet
facet normal 0 0 -1
outer loop
vertex 164.57904822439835 -48.01626748576241 0
vertex 164.78540064578232 -48.07886380844356 0
vertex 158.5 -48.07886380844356 0
endloop
endfacet
facet normal 0 0 -1
outer loop
vertex 164.57904822439835 -48.01626748576241 0
vertex 158.5 -48.07886380844356 0
vertex 158.5 -48.01626748576241 0
endloop
endfacet
facet normal 0 0 -1
outer loop
vertex 209.5790482243984 -48.01626748576241 0
vertex 209.7854006457823 -48.07886380844356 0
vertex 165.2145993542177 -48.07886380844356 0
endloop
endfacet
facet normal 0 0 -1
outer loop
vertex 209.5790482243984 -48.01626748576241 0
vertex 165.2145993542177 -48.07886380844356 0
vertex 165.42095177560157 -48.01626748576241 0
endloop
endfacet
facet normal 0 0 -1
outer loop
vertex 215.41532598909257 -48.01626748576241 0
vertex 215.42133186036318 -48.07886380844356 0
vertex 210.21459935421777 -48.07886380844356 0
endloop
endfacet
facet normal 0 0 -1
outer loop
vertex 215.41532598909257 -48.01626748576241 0
vertex 210.21459935421777 -48.07886380844356 0
vertex 210.42095177560157 -48.01626748576241 0
endloop
endfacet
facet normal 0 0 -1
outer loop
vertex 164.78540064578232 -48.07886380844356 0
vertex 164.9999999999999 -48.099999999999994 0
vertex 158.5 -48.099999999999994 0
endloop
endfacet
facet normal 0 0 -1
outer loop
vertex 164.78540064578232 -48.07886380844356 0
vertex 158.5 -48.099999999999994 0
vertex 158.5 -48.07886380844356 0
endloop
endfacet
facet normal 0 0 -1
outer loop
vertex 209.7854006457823 -48.07886380844356 0
vertex 209.9999999999999 -48.099999999999994 0
vertex 164.9999999999999 -48.099999999999994 0
endloop
endfacet
facet normal 0 0 -1
outer loop
vertex 209.7854006457823 -48.07886380844356 0
vertex 164.9999999999999 -48.099999999999994 0
vertex 165.2145993542177 -48.07886380844356 0
endloop
endfacet
facet normal 0 0 -1
outer loop
vertex 215.42133186036318 -48.07886380844356 0
vertex 215.4233597949159 -48.099999999999994 0
vertex 209.9999999999999 -48.099999999999994 0
endloop
endfacet
facet normal 0 0 -1
outer loop
vertex 215.42133186036318 -48.07886380844356 0
vertex 209.9999999999999 -48.099999999999994 0
vertex 210.21459935421777 -48.07886380844356 0
endloop
endfacet
facet normal 0 0 -1
outer loop
vertex 164.9999999999999 -48.099999999999994 0
vertex 209.9999999999999 -48.099999999999994 0
vertex 215.4233597949159 -48.099999999999994 0
endloop
endfacet
facet normal 0 0 -1
outer loop
vertex 164.9999999999999 -48.099999999999994 0
vertex 215.4233597949159 -48.099999999999994 0
vertex 215.94146858265586 -53.5 0
endloop
endfacet
facet normal 0 0 -1
outer loop
vertex 164.9999999999999 -48.099999999999994 0
vertex 215.94146858265586 -53.5 0
vertex 203.5 -53.5 0
endloop
endfacet
facet normal 0 0 -1
outer loop
vertex 164.9999999999999 -48.099999999999994 0
vertex 203.5 -53.5 0
vertex 170.5 -53.5 0
endloop
endfacet
facet normal 0 0 -1
outer loop
vertex 164.9999999999999 -48.099999999999994 0
vertex 170.5 -53.5 0
vertex 158.5 -53.5 0
endloop
endfacet
facet normal 0 0 -1
outer loop
vertex 164.9999999999999 -48.099999999999994 0
vertex 158.5 -53.5 0
vertex 158.5 -48.099999999999994 0
endloop
endfacet
facet normal 0 0 -1
outer loop
vertex 105.5 -45.75 0
vertex 105.5 -58.900000000000006 0
vertex 98.00000000000004 -58.900000000000006 0
endloop
endfacet
facet normal 0 0 -1
outer loop
vertex 105.5 -45.75 0
vertex 98.00000000000004 -58.900000000000006 0
vertex 91.02095080251017 -58.900000000000006 0
endloop
endfacet
facet normal 0 0 -1
outer loop
vertex 105.5 -45.75 0
vertex 91.02095080251017 -58.900000000000006 0
vertex 103.10473018457178 -45.75 0
endloop
endfacet
facet normal 0 0 -1
outer loop
vertex 98.00000000000004 -58.900000000000006 0
vertex 97.78540064578237 -58.92113619155645 0
vertex 91.00152836329002 -58.92113619155645 0
endloop
endfacet
facet normal 0 0 -1
outer loop
vertex 98.00000000000004 -58.900000000000006 0
vertex 91.00152836329002 -58.92113619155645 0
vertex 91.02095080251017 -58.900000000000006 0
endloop
endfacet
facet normal 0 0 -1
outer loop
vertex 105.5 -58.900000000000006 0
vertex 105.5 -58.92113619155645 0
vertex 98.21459935421773 -58.92113619155645 0
endloop
endfacet
facet normal 0 0 -1
outer loop
vertex 105.5 -58.900000000000006 0
vertex 98.21459935421773 -58.92113619155645 0
vertex 98.00000000000004 -58.900000000000006 0
endloop
endfacet
facet normal 0 0 -1
outer loop
vertex 97.78540064578237 -58.92113619155645 0
vertex 97.57904822439838 -58.98373251423759 0
vertex 90.94400743907654 -58.98373251423759 0
endloop
endfacet
facet normal 0 0 -1
outer loop
vertex 97.78540064578237 -58.92113619155645 0
vertex 90.94400743907654 -58.98373251423759 0
vertex 91.00152836329002 -58.92113619155645 0
endloop
endfacet
facet normal 0 0 -1
outer loop
vertex 105.5 -58.92113619155645 0
vertex 105.5 -58.98373251423759 0
vertex 98.42095177560158 -58.98373251423759 0
endloop
endfacet
facet normal 0 0 -1
outer loop
vertex 105.5 -58.92113619155645 0
vertex 98.42095177560158 -58.98373251423759 0
vertex 98.21459935421773 -58.92113619155645 0
endloop
endfacet
facet normal 0 0 -1
outer loop
vertex 97.57904822439838 -58.98373251423759 0
vertex 97.38887274367842 -59.085383426467224 0
vertex 90.85059852672914 -59.085383426467224 0
endloop
endfacet
facet normal 0 0 -1
outer loop
vertex 97.57904822439838 -58.98373251423759 0
vertex 90.85059852672914 -59.085383426467224 0
vertex 90.94400743907654 -58.98373251423759 0
endloop
endfacet
facet normal 0 0 -1
outer loop
vertex 105.5 -58.98373251423759 0
vertex 105.5 -59.085383426467224 0
vertex 98.6111272563216 -59.085383426467224 0
endloop
endfacet
facet normal 0 0 -1
outer loop
vertex 105.5 -58.98373251423759 0
vertex 98.6111272563216 -59.085383426467224 0
vertex 98.42095177560158 -58.98373251423759 0
endloop
endfacet
facet normal 0 0 -1
outer loop
vertex 97.38887274367842 -59.085383426467224 0
vertex 97.22218254069475 -59.22218254069482 0
vertex 90.72489127836506 -59.22218254069482 0
endloop
endfacet
facet normal 0 0 -1
outer loop
vertex 97.38887274367842 -59.085383426467224 0
vertex 90.72489127836506 -59.22218254069482 0
vertex 90.85059852672914 -59.085383426467224 0
endloop
endfacet
facet normal 0 0 -1
outer loop
vertex 105.5 -59.085383426467224 0
vertex 105.5 -59.22218254069482 0
vertex 98.77781745930523 -59.22218254069482 0
endloop
endfacet
facet normal 0 0 -1
outer loop
vertex 105.5 -59.085383426467224 0
vertex 98.77781745930523 -59.22218254069482 0
vertex 98.6111272563216 -59.085383426467224 0
endloop
endfacet
facet normal 0 0 -1
outer loop
vertex 97.22218254069475 -59.22218254069482 0
vertex 97.08538342646722 -59.38887274367845 0
vertex 90.57171655304147 -59.38887274367845 0
endloop
endfacet
facet normal 0 0 -1
outer loop
vertex 97.22218254069475 -59.22218254069482 0
vertex 90.57171655304147 -59.38887274367845 0
vertex 90.72489127836506 -59.22218254069482 0
endloop
endfacet
facet normal 0 0 -1
outer loop
vertex 105.5 -59.22218254069482 0
vertex 105.5 -59.38887274367845 0
vertex 98.91461657353281 -59.38887274367845 0
endloop
endfacet
facet normal 0 0 -1
outer loop
vertex 105.5 -59.22218254069482 0
vertex 98.91461657353281 -59.38887274367845 0
vertex 98.77781745930523 -59.22218254069482 0
endloop
endfacet
facet normal 0 0 -1
outer loop
vertex 97.08538342646722 -59.38887274367845 0
vertex 96.98373251423764 -59.579048224398385 0
vertex 90.39696076955119 -59.579048224398385 0
endloop
endfacet
facet normal 0 0 -1
outer loop
vertex 97.08538342646722 -59.38887274367845 0
vertex 90.39696076955119 -59.579048224398385 0
vertex 90.57171655304147 -59.38887274367845 0
endloop
endfacet
facet normal 0 0 -1
outer loop
vertex 105.5 -59.38887274367845 0
vertex 105.5 -59.579048224398385 0
vertex 99.01626748576241 -59.579048224398385 0
endloop
endfacet
facet normal 0 0 -1
outer loop
vertex 105.5 -59.38887274367845 0
vertex 99.01626748576241 -59.579048224398385 0
vertex 98.91461657353281 -59.38887274367845 0
endloop
endfacet
facet normal 0 0 -1
outer loop
vertex 96.98373251423764 -59.579048224398385 0
vertex 96.9211361915564 -59.7854006457823 0
vertex 90.20733969464948 -59.7854006457823 0
endloop
endfacet
facet normal 0 0 -1
outer loop
vertex 96.98373251423764 -59.579048224398385 0
vertex 90.20733969464948 -59.7854006457823 0
vertex 90.39696076955119 -59.579048224398385 0
endloop
endfacet
facet normal 0 0 -1
outer loop
vertex 105.5 -59.579048224398385 0
vertex 105.5 -59.7854006457823 0
vertex 99.07886380844357 -59.7854006457823 0
endloop
endfacet
facet normal 0 0 -1
outer loop
vertex 105.5 -59.579048224398385 0
vertex 99.07886380844357 -59.7854006457823 0
vertex 99.01626748576241 -59.579048224398385 0
endloop
endfacet
facet normal 0 0 -1
outer loop
vertex 96.9211361915564 -59.7854006457823 0
vertex 96.9 -60.00000000000003 0
vertex 90.01014035990424 -60.00000000000003 0
endloop
endfacet
facet normal 0 0 -1
outer loop
vertex 96.9211361915564 -59.7854006457823 0
vertex 90.01014035990424 -60.00000000000003 0
vertex 90.20733969464948 -59.7854006457823 0
endloop
endfacet
facet normal 0 0 -1
outer loop
vertex 105.5 -59.7854006457823 0
vertex 105.5 -60.00000000000003 0
vertex 99.10000000000001 -60.00000000000003 0
endloop
endfacet
facet normal 0 0 -1
outer loop
vertex 105.5 -59.7854006457823 0
vertex 99.10000000000001 -60.00000000000003 0
vertex 99.07886380844357 -59.7854006457823 0
endloop
endfacet
facet normal 0 0 -1
outer loop
vertex 96.9 -60.00000000000003 0
vertex 96.92113619155644 -60.21459935421776 0
vertex 89.81294102515899 -60.21459935421776 0
endloop
endfacet
facet normal 0 0 -1
outer loop
vertex 96.9 -60.00000000000003 0
vertex 89.81294102515899 -60.21459935421776 0
vertex 90.01014035990424 -60.00000000000003 0
endloop
endfacet
facet normal 0 0 -1
outer loop
vertex 105.5 -60.00000000000003 0
vertex 105.5 -60.21459935421776 0
vertex 99.07886380844357 -60.21459935421776 0
endloop
endfacet
facet normal 0 0 -1
outer loop
vertex 105.5 -60.00000000000003 0
vertex 99.07886380844357 -60.21459935421776 0
vertex 99.10000000000001 -60.00000000000003 0
endloop
endfacet
facet normal 0 0 -1
outer loop
vertex 96.92113619155644 -60.21459935421776 0
vertex 96.98373251423756 -60.420951775601544 0
vertex 89.62331995025741 -60.420951775601544 0
endloop
endfacet
facet normal 0 0 -1
outer loop
vertex 96.92113619155644 -60.21459935421776 0
vertex 89.62331995025741 -60.420951775601544 0
vertex 89.81294102515899 -60.21459935421776 0
endloop
endfacet
facet normal 0 0 -1
outer loop
vertex 105.5 -60.21459935421776 0
vertex 105.5 -60.420951775601544 0
vertex 99.0162674857624 -60.420951775601544 0
endloop
endfacet
facet normal 0 0 -1
outer loop
vertex 105.5 -60.21459935421776 0
vertex 99.0162674857624 -60.420951775601544 0
vertex 99.07886380844357 -60.21459935421776 0
endloop
endfacet
facet normal 0 0 -1
outer loop
vertex 96.98373251423756 -60.420951775601544 0
vertex 97.08538342646719 -60.61112725632154 0
vertex 89.44856416676707 -60.61112725632154 0
endloop
endfacet
facet normal 0 0 -1
outer loop
vertex 96.98373251423756 -60.420951775601544 0
vertex 89.44856416676707 -60.61112725632154 0
vertex 89.62331995025741 -60.420951775601544 0
endloop
endfacet
facet normal 0 0 -1
outer loop
vertex 105.5 -60.420951775601544 0
vertex 105.5 -60.61112725632154 0
vertex 98.91461657353285 -60.61112725632154 0
endloop
endfacet
facet normal 0 0 -1
outer loop
vertex 105.5 -60.420951775601544 0
vertex 98.91461657353285 -60.61112725632154 0
vertex 99.0162674857624 -60.420951775601544 0
endloop
endfacet
facet normal 0 0 -1
outer loop
vertex 97.08538342646719 -60.61112725632154 0
vertex 97.2221825406948 -60.7778174593052 0
vertex 89.29538944144346 -60.7778174593052 0
endloop
endfacet
facet normal 0 0 -1
outer loop
vertex 97.08538342646719 -60.61112725632154 0
vertex 89.29538944144346 -60.7778174593052 0
vertex 89.44856416676707 -60.61112725632154 0
endloop
endfacet
facet normal 0 0 -1
outer loop
vertex 105.5 -60.61112725632154 0
vertex 105.5 -60.7778174593052 0
vertex 98.77781745930524 -60.7778174593052 0
endloop
endfacet
facet normal 0 0 -1
outer loop
vertex 105.5 -60.61112725632154 0
vertex 98.77781745930524 -60.7778174593052 0
vertex 98.91461657353285 -60.61112725632154 0
endloop
endfacet
facet normal 0 0 -1
outer loop
vertex 97.2221825406948 -60.7778174593052 0
vertex 97.38887274367846 -60.91461657353281 0
vertex 89.16968219307935 -60.91461657353281 0
endloop
endfacet
facet normal 0 0 -1
outer loop
vertex 97.2221825406948 -60.7778174593052 0
vertex 89.16968219307935 -60.91461657353281 0
vertex 89.29538944144346 -60.7778174593052 0
endloop
endfacet
facet normal 0 0 -1
outer loop
vertex 105.5 -60.7778174593052 0
vertex 105.5 -60.91461657353281 0
vertex 98.61112725632147 -60.91461657353281 0
endloop
endfacet
facet normal 0 0 -1
outer loop
vertex 105.5 -60.7778174593052 0
vertex 98.61112725632147 -60.91461657353281 0
vertex 98.77781745930524 -60.7778174593052 0
endloop
endfacet
facet normal 0 0 -1
outer loop
vertex 97.38887274367846 -60.91461657353281 0
vertex 97.57904822439845 -61.016267485762434 0
vertex 89.07627328073197 -61.016267485762434 0
endloop
endfacet
facet normal 0 0 -1
outer loop
vertex 97.38887274367846 -60.91461657353281 0
vertex 89.07627328073197 -61.016267485762434 0
vertex 89.16968219307935 -60.91461657353281 0
endloop
endfacet
facet normal 0 0 -1
outer loop
vertex 105.5 -60.91461657353281 0
vertex 105.5 -61.016267485762434 0
vertex 98.4209517756016 -61.016267485762434 0
endloop
endfacet
facet normal 0 0 -1
outer loop
vertex 105.5 -60.91461657353281 0
vertex 98.4209517756016 -61.016267485762434 0
vertex 98.61112725632147 -60.91461657353281 0
endloop
endfacet
facet normal 0 0 -1
outer loop
vertex 97.57904822439845 -61.016267485762434 0
vertex 97.78540064578222 -61.07886380844354 0
vertex 89.01875235651852 -61.07886380844354 0
endloop
endfacet
facet normal 0 0 -1
outer loop
vertex 97.57904822439845 -61.016267485762434 0
vertex 89.01875235651852 -61.07886380844354 0
vertex 89.07627328073197 -61.016267485762434 0
endloop
endfacet
facet normal 0 0 -1
outer loop
vertex 105.5 -61.016267485762434 0
vertex 105.5 -61.07886380844354 0
vertex 98.21459935421778 -61.07886380844354 0
endloop
endfacet
facet normal 0 0 -1
outer loop
vertex 105.5 -61.016267485762434 0
vertex 98.21459935421778 -61.07886380844354 0
vertex 98.4209517756016 -61.016267485762434 0
endloop
endfacet
facet normal 0 0 -1
outer loop
vertex 97.78540064578222 -61.07886380844354 0
vertex 98.00000000000001 -61.1 0
vertex 88.99932991729835 -61.1 0
endloop
endfacet
facet normal 0 0 -1
outer loop
vertex 97.78540064578222 -61.07886380844354 0
vertex 88.99932991729835 -61.1 0
vertex 89.01875235651852 -61.07886380844354 0
endloop
endfacet
facet normal 0 0 -1
outer loop
vertex 105.5 -61.07886380844354 0
vertex 105.5 -61.1 0
vertex 98.00000000000001 -61.1 0
endloop
endfacet
facet normal 0 0 -1
outer loop
vertex 105.5 -61.07886380844354 0
vertex 98.00000000000001 -61.1 0
vertex 98.21459935421778 -61.07886380844354 0
endloop
endfacet
facet normal 0 0 -1
outer loop
vertex 215.94146858265586 -53.5 0
vertex 216.73660160000003 -61.78729100000032 0
vertex 203.5 -61.78729100000032 0
endloop
endfacet
facet normal 0 0 -1
outer loop
vertex 215.94146858265586 -53.5 0
vertex 203.5 -61.78729100000032 0
vertex 203.5 -53.5 0
endloop
endfacet
facet normal 0 0 -1
outer loop
vertex 216.73660160000003 -61.78729100000032 0
vertex 216.77378592550437 -62.051041524291975 0
vertex 203.5 -62.051041524291975 0
endloop
endfacet
facet normal 0 0 -1
outer loop
vertex 216.73660160000003 -61.78729100000032 0
vertex 203.5 -62.051041524291975 0
vertex 203.5 -61.78729100000032 0
endloop
endfacet
facet normal 0 0 -1
outer loop
vertex 216.77378592550437 -62.051041524291975 0
vertex 216.83421804916412 -62.310449807348164 0
vertex 203.5 -62.310449807348164 0
endloop
endfacet
facet normal 0 0 -1
outer loop
vertex 216.77378592550437 -62.051041524291975 0
vertex 203.5 -62.310449807348164 0
vertex 203.5 -62.051041524291975 0
endloop
endfacet
facet normal 0 0 -1
outer loop
vertex 170.5 -53.5 0
vertex 170.5 -62.5 0
vertex 158.5 -62.5 0
endloop
endfacet
facet normal 0 0 -1
outer loop
vertex 170.5 -53.5 0
vertex 158.5 -62.5 0
vertex 158.5 -53.5 0
endloop
endfacet
facet normal 0 0 -1
outer loop
vertex 216.83421804916412 -62.310449807348164 0
vertex 216.89654807298427 -62.5 0
vertex 203.5 -62.5 0
endloop
endfacet
facet normal 0 0 -1
outer loop
vertex 216.83421804916412 -62.310449807348164 0
vertex 203.5 -62.5 0
vertex 203.5 -62.310449807348164 0
endloop
endfacet
facet normal 0 0 -1
outer loop
vertex 170.5 -62.5 0
vertex 203.5 -62.5 0
vertex 216.89654807298427 -62.5 0
endloop
endfacet
facet normal 0 0 -1
outer loop
vertex 170.5 -62.5 0
vertex 216.89654807298427 -62.5 0
vertex 216.91742080000012 -62.56347550000041 0
endloop
endfacet
facet normal 0 0 -1
outer loop
vertex 170.5 -62.5 0
vertex 216.91742080000012 -62.56347550000041 0
vertex 158.5 -62.56347550000041 0
endloop
endfacet
facet normal 0 0 -1
outer loop
vertex 170.5 -62.5 0
vertex 158.5 -62.56347550000041 0
vertex 158.5 -62.5 0
endloop
endfacet
facet normal 0 0 -1
outer loop
vertex 98.00000000000001 -61.1 0
vertex 105.5 -61.1 0
vertex 105.5 -66.25 0
endloop
endfacet
facet normal 0 0 -1
outer loop
vertex 98.00000000000001 -61.1 0
vertex 105.5 -66.25 0
vertex 87.99939557585671 -66.25 0
endloop
endfacet
facet normal 0 0 -1
outer loop
vertex 98.00000000000001 -61.1 0
vertex 87.99939557585671 -66.25 0
vertex 87.9998261 -63.35630569999992 0
endloop
endfacet
facet normal 0 0 -1
outer loop
vertex 98.00000000000001 -61.1 0
vertex 87.9998261 -63.35630569999992 0
vertex 88.03295460758488 -62.912136024035924 0
endloop
endfacet
facet normal 0 0 -1
outer loop
vertex 98.00000000000001 -61.1 0
vertex 88.03295460758488 -62.912136024035924 0
vertex 88.13148315415846 -62.477769824953896 0
endloop
endfacet
facet normal 0 0 -1
outer loop
vertex 98.00000000000001 -61.1 0
vertex 88.13148315415846 -62.477769824953896 0
vertex 88.29323688113662 -62.062778739262015 0
endloop
endfacet
facet normal 0 0 -1
outer loop
vertex 98.00000000000001 -61.1 0
vertex 88.29323688113662 -62.062778739262015 0
vertex 88.51465034332585 -61.67631017888982 0
endloop
endfacet
facet normal 0 0 -1
outer loop
vertex 98.00000000000001 -61.1 0
vertex 88.51465034332585 -61.67631017888982 0
vertex 88.79084305000015 -61.32688284999984 0
endloop
endfacet
facet normal 0 0 -1
outer loop
vertex 98.00000000000001 -61.1 0
vertex 88.79084305000015 -61.32688284999984 0
vertex 88.99932991729835 -61.1 0
endloop
endfacet
facet normal 0 0 -1
outer loop
vertex 216.91742080000012 -62.56347550000041 0
vertex 218.31387145836894 -66.25 0
vertex 158.5 -66.25 0
endloop
endfacet
facet normal 0 0 -1
outer loop
vertex 216.91742080000012 -62.56347550000041 0
vertex 158.5 -66.25 0
vertex 158.5 -62.56347550000041 0
endloop
endfacet
facet normal 0 0 -1
outer loop
vertex 105.5 -66.25 0
vertex 158.5 -66.25 0
vertex 218.31387145836894 -66.25 0
endloop
endfacet
facet normal 0 0 -1
outer loop
vertex 105.5 -66.25 0
vertex 218.31387145836894 -66.25 0
vertex 219.42659261591416 -69.1875 0
endloop
endfacet
facet normal 0 0 -1
outer loop
vertex 105.5 -66.25 0
vertex 219.42659261591416 -69.1875 0
vertex 211.775 -69.1875 0
endloop
endfacet
facet normal 0 0 -1
outer loop
vertex 105.5 -66.25 0
vertex 211.775 -69.1875 0
vertex 206.775 -69.1875 0
endloop
endfacet
facet normal 0 0 -1
outer loop
vertex 105.5 -66.25 0
vertex 206.775 -69.1875 0
vertex 202.775 -69.1875 0
endloop
endfacet
facet normal 0 0 -1
outer loop
vertex 105.5 -66.25 0
vertex 202.775 -69.1875 0
vertex 197.775 -69.1875 0
endloop
endfacet
facet normal 0 0 -1
outer loop
vertex 105.5 -66.25 0
vertex 197.775 -69.1875 0
vertex 187.9625 -69.1875 0
endloop
endfacet
facet normal 0 0 -1
outer loop
vertex 105.5 -66.25 0
vertex 187.9625 -69.1875 0
vertex 182.9625 -69.1875 0
endloop
endfacet
facet normal 0 0 -1
outer loop
vertex 105.5 -66.25 0
vertex 182.9625 -69.1875 0
vertex 178.9625 -69.1875 0
endloop
endfacet
facet normal 0 0 -1
outer loop
vertex 105.5 -66.25 0
vertex 178.9625 -69.1875 0
vertex 173.9625 -69.1875 0
endloop
endfacet
facet normal 0 0 -1
outer loop
vertex 105.5 -66.25 0
vertex 173.9625 -69.1875 0
vertex 168.9125 -69.1875 0
endloop
endfacet
facet normal 0 0 -1
outer loop
vertex 105.5 -66.25 0
vertex 168.9125 -69.1875 0
vertex 163.9125 -69.1875 0
endloop
endfacet
facet normal 0 0 -1
outer loop
vertex 105.5 -66.25 0
vertex 163.9125 -69.1875 0
vertex 159.9125 -69.1875 0
endloop
endfacet
facet normal 0 0 -1
outer loop
vertex 105.5 -66.25 0
vertex 159.9125 -69.1875 0
vertex 154.9125 -69.1875 0
endloop
endfacet
facet normal 0 0 -1
outer loop
vertex 105.5 -66.25 0
vertex 154.9125 -69.1875 0
vertex 149.8625 -69.1875 0
endloop
endfacet
facet normal 0 0 -1
outer loop
vertex 105.5 -66.25 0
vertex 149.8625 -69.1875 0
vertex 144.8625 -69.1875 0
endloop
endfacet
facet normal 0 0 -1
outer loop
vertex 105.5 -66.25 0
vertex 144.8625 -69.1875 0
vertex 140.8625 -69.1875 0
endloop
endfacet
facet normal 0 0 -1
outer loop
vertex 105.5 -66.25 0
vertex 140.8625 -69.1875 0
vertex 135.8625 -69.1875 0
endloop
endfacet
facet normal 0 0 -1
outer loop
vertex 105.5 -66.25 0
vertex 135.8625 -69.1875 0
vertex 130.8125 -69.1875 0
endloop
endfacet
facet normal 0 0 -1
outer loop
vertex 105.5 -66.25 0
vertex 130.8125 -69.1875 0
vertex 125.8125 -69.1875 0
endloop
endfacet
facet normal 0 0 -1
outer loop
vertex 105.5 -66.25 0
vertex 125.8125 -69.1875 0
vertex 121.8125 -69.1875 0
endloop
endfacet
facet normal 0 0 -1
outer loop
vertex 105.5 -66.25 0
vertex 121.8125 -69.1875 0
vertex 116.8125 -69.1875 0
endloop
endfacet
facet normal 0 0 -1
outer loop
vertex 105.5 -66.25 0
vertex 116.8125 -69.1875 0
vertex 107 -69.1875 0
endloop
endfacet
facet normal 0 0 -1
outer loop
vertex 105.5 -66.25 0
vertex 107 -69.1875 0
vertex 102 -69.1875 0
endloop
endfacet
facet normal 0 0 -1
outer loop
vertex 105.5 -66.25 0
vertex 102 -69.1875 0
vertex 98 -69.1875 0
endloop
endfacet
facet normal 0 0 -1
outer loop
vertex 105.5 -66.25 0
vertex 98 -69.1875 0
vertex 93 -69.1875 0
endloop
endfacet
facet normal 0 0 -1
outer loop
vertex 105.5 -66.25 0
vertex 93 -69.1875 0
vertex 87.99895853429675 -69.1875 0
endloop
endfacet
facet normal 0 0 -1
outer loop
vertex 105.5 -66.25 0
vertex 87.99895853429675 -69.1875 0
vertex 87.99939557585671 -66.25 0
endloop
endfacet
facet normal 0 0 -1
outer loop
vertex 102 -69.1875 0
vertex 102 -69.4375 0
vertex 98 -69.4375 0
endloop
endfacet
facet normal 0 0 -1
outer loop
vertex 102 -69.1875 0
vertex 98 -69.4375 0
vertex 98 -69.1875 0
endloop
endfacet
facet normal 0 0 -1
outer loop
vertex 125.8125 -69.1875 0
vertex 125.8125 -69.4375 0
vertex 121.8125 -69.4375 0
endloop
endfacet
facet normal 0 0 -1
outer loop
vertex 125.8125 -69.1875 0
vertex 121.8125 -69.4375 0
vertex 121.8125 -69.1875 0
endloop
endfacet
facet normal 0 0 -1
outer loop
vertex 144.8625 -69.1875 0
vertex 144.8625 -69.4375 0
vertex 140.8625 -69.4375 0
endloop
endfacet
facet normal 0 0 -1
outer loop
vertex 144.8625 -69.1875 0
vertex 140.8625 -69.4375 0
vertex 140.8625 -69.1875 0
endloop
endfacet
facet normal 0 0 -1
outer loop
vertex 163.9125 -69.1875 0
vertex 163.9125 -69.4375 0
vertex 159.9125 -69.4375 0
endloop
endfacet
facet normal 0 0 -1
outer loop
vertex 163.9125 -69.1875 0
vertex 159.9125 -69.4375 0
vertex 159.9125 -69.1875 0
endloop
endfacet
facet normal 0 0 -1
outer loop
vertex 182.9625 -69.1875 0
vertex 182.9625 -69.4375 0
vertex 178.9625 -69.4375 0
endloop
endfacet
facet normal 0 0 -1
outer loop
vertex 182.9625 -69.1875 0
vertex 178.9625 -69.4375 0
vertex 178.9625 -69.1875 0
endloop
endfacet
facet normal 0 0 -1
outer loop
vertex 206.775 -69.1875 0
vertex 206.775 -69.4375 0
vertex 202.775 -69.4375 0
endloop
endfacet
facet normal 0 0 -1
outer loop
vertex 206.775 -69.1875 0
vertex 202.775 -69.4375 0
vertex 202.775 -69.1875 0
endloop
endfacet
facet normal 0 0 -1
outer loop
vertex 93 -69.1875 0
vertex 93 -83.1875 0
vertex 87.99687561281945 -83.1875 0
endloop
endfacet
facet normal 0 0 -1
outer loop
vertex 93 -69.1875 0
vertex 87.99687561281945 -83.1875 0
vertex 87.99895853429675 -69.1875 0
endloop
endfacet
facet normal 0 0 -1
outer loop
vertex 102 -82.9375 0
vertex 102 -83.1875 0
vertex 98 -83.1875 0
endloop
endfacet
facet normal 0 0 -1
outer loop
vertex 102 -82.9375 0
vertex 98 -83.1875 0
vertex 98 -82.9375 0
endloop
endfacet
facet normal 0 0 -1
outer loop
vertex 116.8125 -69.1875 0
vertex 116.8125 -83.1875 0
vertex 107 -83.1875 0
endloop
endfacet
facet normal 0 0 -1
outer loop
vertex 116.8125 -69.1875 0
vertex 107 -83.1875 0
vertex 107 -69.1875 0
endloop
endfacet
facet normal 0 0 -1
outer loop
vertex 125.8125 -82.9375 0
vertex 125.8125 -83.1875 0
vertex 121.8125 -83.1875 0
endloop
endfacet
facet normal 0 0 -1
outer loop
vertex 125.8125 -82.9375 0
vertex 121.8125 -83.1875 0
vertex 121.8125 -82.9375 0
endloop
endfacet
facet normal 0 0 -1
outer loop
vertex 135.8625 -69.1875 0
vertex 135.8625 -83.1875 0
vertex 130.8125 -83.1875 0
endloop
endfacet
facet normal 0 0 -1
outer loop
vertex 135.8625 -69.1875 0
vertex 130.8125 -83.1875 0
vertex 130.8125 -69.1875 0
endloop
endfacet
facet normal 0 0 -1
outer loop
vertex 144.8625 -82.9375 0
vertex 144.8625 -83.1875 0
vertex 140.8625 -83.1875 0
endloop
endfacet
facet normal 0 0 -1
outer loop
vertex 144.8625 -82.9375 0
vertex 140.8625 -83.1875 0
vertex 140.8625 -82.9375 0
endloop
endfacet
facet normal 0 0 -1
outer loop
vertex 154.9125 -69.1875 0
vertex 154.9125 -83.1875 0
vertex 149.8625 -83.1875 0
endloop
endfacet
facet normal 0 0 -1
outer loop
vertex 154.9125 -69.1875 0
vertex 149.8625 -83.1875 0
vertex 149.8625 -69.1875 0
endloop
endfacet
facet normal 0 0 -1
outer loop
vertex 163.9125 -82.9375 0
vertex 163.9125 -83.1875 0
vertex 159.9125 -83.1875 0
endloop
endfacet
facet normal 0 0 -1
outer loop
vertex 163.9125 -82.9375 0
vertex 159.9125 -83.1875 0
vertex 159.9125 -82.9375 0
endloop
endfacet
facet normal 0 0 -1
outer loop
vertex 173.9625 -69.1875 0
vertex 173.9625 -83.1875 0
vertex 168.9125 -83.1875 0
endloop
endfacet
facet normal 0 0 -1
outer loop
vertex 173.9625 -69.1875 0
vertex 168.9125 -83.1875 0
vertex 168.9125 -69.1875 0
endloop
endfacet
facet normal 0 0 -1
outer loop
vertex 182.9625 -82.9375 0
vertex 182.9625 -83.1875 0
vertex 178.9625 -83.1875 0
endloop
endfacet
facet normal 0 0 -1
outer loop
vertex 182.9625 -82.9375 0
vertex 178.9625 -83.1875 0
vertex 178.9625 -82.9375 0
endloop
endfacet
facet normal 0 0 -1
outer loop
vertex 197.775 -69.1875 0
vertex 197.775 -83.1875 0
vertex 187.9625 -83.1875 0
endloop
endfacet
facet normal 0 0 -1
outer loop
vertex 197.775 -69.1875 0
vertex 187.9625 -83.1875 0
vertex 187.9625 -69.1875 0
endloop
endfacet
facet normal 0 0 -1
outer loop
vertex 206.775 -82.9375 0
vertex 206.775 -83.1875 0
vertex 202.775 -83.1875 0
endloop
endfacet
facet normal 0 0 -1
outer loop
vertex 206.775 -82.9375 0
vertex 202.775 -83.1875 0
vertex 202.775 -82.9375 0
endloop
endfacet
facet normal 0 0 -1
outer loop
vertex 219.42659261591416 -69.1875 0
vertex 224.72977430293827 -83.1875 0
vertex 211.775 -83.1875 0
endloop
endfacet
facet normal 0 0 -1
outer loop
vertex 219.42659261591416 -69.1875 0
vertex 211.775 -83.1875 0
vertex 211.775 -69.1875 0
endloop
endfacet
facet normal 0 0 -1
outer loop
vertex 93 -83.1875 0
vertex 98 -83.1875 0
vertex 102 -83.1875 0
endloop
endfacet
facet normal 0 0 -1
outer loop
vertex 93 -83.1875 0
vertex 102 -83.1875 0
vertex 107 -83.1875 0
endloop
endfacet
facet normal 0 0 -1
outer loop
vertex 93 -83.1875 0
vertex 107 -83.1875 0
vertex 116.8125 -83.1875 0
endloop
endfacet
facet normal 0 0 -1
outer loop
vertex 93 -83.1875 0
vertex 116.8125 -83.1875 0
vertex 121.8125 -83.1875 0
endloop
endfacet
facet normal 0 0 -1
outer loop
vertex 93 -83.1875 0
vertex 121.8125 -83.1875 0
vertex 125.8125 -83.1875 0
endloop
endfacet
facet normal 0 0 -1
outer loop
vertex 93 -83.1875 0
vertex 125.8125 -83.1875 0
vertex 130.8125 -83.1875 0
endloop
endfacet
facet normal 0 0 -1
outer loop
vertex 93 -83.1875 0
vertex 130.8125 -83.1875 0
vertex 135.8625 -83.1875 0
endloop
endfacet
facet normal 0 0 -1
outer loop
vertex 93 -83.1875 0
vertex 135.8625 -83.1875 0
vertex 140.8625 -83.1875 0
endloop
endfacet
facet normal 0 0 -1
outer loop
vertex 93 -83.1875 0
vertex 140.8625 -83.1875 0
vertex 144.8625 -83.1875 0
endloop
endfacet
facet normal 0 0 -1
outer loop
vertex 93 -83.1875 0
vertex 144.8625 -83.1875 0
vertex 149.8625 -83.1875 0
endloop
endfacet
facet normal 0 0 -1
outer loop
vertex 93 -83.1875 0
vertex 149.8625 -83.1875 0
vertex 154.9125 -83.1875 0
endloop
endfacet
facet normal 0 0 -1
outer loop
vertex 93 -83.1875 0
vertex 154.9125 -83.1875 0
vertex 159.9125 -83.1875 0
endloop
endfacet
facet normal 0 0 -1
outer loop
vertex 93 -83.1875 0
vertex 159.9125 -83.1875 0
vertex 163.9125 -83.1875 0
endloop
endfacet
facet normal 0 0 -1
outer loop
vertex 93 -83.1875 0
vertex 163.9125 -83.1875 0
vertex 168.9125 -83.1875 0
endloop
endfacet
facet normal 0 0 -1
outer loop
vertex 93 -83.1875 0
vertex 168.9125 -83.1875 0
vertex 173.9625 -83.1875 0
endloop
endfacet
facet normal 0 0 -1
outer loop
vertex 93 -83.1875 0
vertex 173.9625 -83.1875 0
vertex 178.9625 -83.1875 0
endloop
endfacet
facet normal 0 0 -1
outer loop
vertex 93 -83.1875 0
vertex 178.9625 -83.1875 0
vertex 182.9625 -83.1875 0
endloop
endfacet
facet normal 0 0 -1
outer loop
vertex 93 -83.1875 0
vertex 182.9625 -83.1875 0
vertex 187.9625 -83.1875 0
endloop
endfacet
facet normal 0 0 -1
outer loop
vertex 93 -83.1875 0
vertex 187.9625 -83.1875 0
vertex 197.775 -83.1875 0
endloop
endfacet
facet normal 0 0 -1
outer loop
vertex 93 -83.1875 0
vertex 197.775 -83.1875 0
vertex 202.775 -83.1875 0
endloop
endfacet
facet normal 0 0 -1
outer loop
vertex 93 -83.1875 0
vertex 202.775 -83.1875 0
vertex 206.775 -83.1875 0
endloop
endfacet
facet normal 0 0 -1
outer loop
vertex 93 -83.1875 0
vertex 206.775 -83.1875 0
vertex 211.775 -83.1875 0
endloop
endfacet
facet normal 0 0 -1
outer loop
vertex 93 -83.1875 0
vertex 211.775 -83.1875 0
vertex 224.72977430293827 -83.1875 0
endloop
endfacet
facet normal 0 0 -1
outer loop
vertex 93 -83.1875 0
vertex 224.72977430293827 -83.1875 0
vertex 226.1739443159225 -87 0
endloop
endfacet
facet normal 0 0 -1
outer loop
vertex 93 -83.1875 0
vertex 226.1739443159225 -87 0
vertex 214.00000000000006 -87 0
endloop
endfacet
facet normal 0 0 -1
outer loop
vertex 93 -83.1875 0
vertex 214.00000000000006 -87 0
vertex 156.99999999999997 -87 0
endloop
endfacet
facet normal 0 0 -1
outer loop
vertex 93 -83.1875 0
vertex 156.99999999999997 -87 0
vertex 100.00000000000004 -87 0
endloop
endfacet
facet normal 0 0 -1
outer loop
vertex 93 -83.1875 0
vertex 100.00000000000004 -87 0
vertex 87.99630838866716 -87 0
endloop
endfacet
facet normal 0 0 -1
outer loop
vertex 93 -83.1875 0
vertex 87.99630838866716 -87 0
vertex 87.99687561281945 -83.1875 0
endloop
endfacet
facet normal 0 0 -1
outer loop
vertex 100.00000000000004 -87 0
vertex 99.78540064578229 -87.02113619155644 0
vertex 87.99630524402235 -87.02113619155644 0
endloop
endfacet
facet normal 0 0 -1
outer loop
vertex 100.00000000000004 -87 0
vertex 87.99630524402235 -87.02113619155644 0
vertex 87.99630838866716 -87 0
endloop
endfacet
facet normal 0 0 -1
outer loop
vertex 156.99999999999997 -87 0
vertex 156.78540064578223 -87.02113619155644 0
vertex 100.21459935421771 -87.02113619155644 0
endloop
endfacet
facet normal 0 0 -1
outer loop
vertex 156.99999999999997 -87 0
vertex 100.21459935421771 -87.02113619155644 0
vertex 100.00000000000004 -87 0
endloop
endfacet
facet normal 0 0 -1
outer loop
vertex 214.00000000000006 -87 0
vertex 213.78540064578232 -87.02113619155644 0
vertex 157.2145993542177 -87.02113619155644 0
endloop
endfacet
facet normal 0 0 -1
outer loop
vertex 214.00000000000006 -87 0
vertex 157.2145993542177 -87.02113619155644 0
vertex 156.99999999999997 -87 0
endloop
endfacet
facet normal 0 0 -1
outer loop
vertex 226.1739443159225 -87 0
vertex 226.18195067763648 -87.02113619155644 0
vertex 214.2145993542177 -87.02113619155644 0
endloop
endfacet
facet normal 0 0 -1
outer loop
vertex 226.1739443159225 -87 0
vertex 214.2145993542177 -87.02113619155644 0
vertex 214.00000000000006 -87 0
endloop
endfacet
facet normal 0 0 -1
outer loop
vertex 99.78540064578229 -87.02113619155644 0
vertex 99.57904822439825 -87.08373251423761 0
vertex 87.99629593093485 -87.08373251423761 0
endloop
endfacet
facet normal 0 0 -1
outer loop
vertex 99.78540064578229 -87.02113619155644 0
vertex 87.99629593093485 -87.08373251423761 0
vertex 87.99630524402235 -87.02113619155644 0
endloop
endfacet
facet normal 0 0 -1
outer loop
vertex 156.78540064578223 -87.02113619155644 0
vertex 156.57904822439832 -87.08373251423761 0
vertex 100.42095177560167 -87.08373251423761 0
endloop
endfacet
facet normal 0 0 -1
outer loop
vertex 156.78540064578223 -87.02113619155644 0
vertex 100.42095177560167 -87.08373251423761 0
vertex 100.21459935421771 -87.02113619155644 0
endloop
endfacet
facet normal 0 0 -1
outer loop
vertex 213.78540064578232 -87.02113619155644 0
vertex 213.57904822439838 -87.08373251423761 0
vertex 157.42095177560168 -87.08373251423761 0
endloop
endfacet
facet normal 0 0 -1
outer loop
vertex 213.78540064578232 -87.02113619155644 0
vertex 157.42095177560168 -87.08373251423761 0
vertex 157.2145993542177 -87.02113619155644 0
endloop
endfacet
facet normal 0 0 -1
outer loop
vertex 226.18195067763648 -87.02113619155644 0
vertex 226.20566208278777 -87.08373251423761 0
vertex 214.42095177560168 -87.08373251423761 0
endloop
endfacet
facet normal 0 0 -1
outer loop
vertex 226.18195067763648 -87.02113619155644 0
vertex 214.42095177560168 -87.08373251423761 0
vertex 214.2145993542177 -87.02113619155644 0
endloop
endfacet
facet normal 0 0 -1
outer loop
vertex 99.57904822439825 -87.08373251423761 0
vertex 99.38887274367858 -87.18538342646713 0
vertex 87.9962808073014 -87.18538342646713 0
endloop
endfacet
facet normal 0 0 -1
outer loop
vertex 99.57904822439825 -87.08373251423761 0
vertex 87.9962808073014 -87.18538342646713 0
vertex 87.99629593093485 -87.08373251423761 0
endloop
endfacet
facet normal 0 0 -1
outer loop
vertex 156.57904822439832 -87.08373251423761 0
vertex 156.38887274367866 -87.18538342646713 0
vertex 100.61112725632145 -87.18538342646713 0
endloop
endfacet
facet normal 0 0 -1
outer loop
vertex 156.57904822439832 -87.08373251423761 0
vertex 100.61112725632145 -87.18538342646713 0
vertex 100.42095177560167 -87.08373251423761 0
endloop
endfacet
facet normal 0 0 -1
outer loop
vertex 213.57904822439838 -87.08373251423761 0
vertex 213.38887274367863 -87.18538342646713 0
vertex 157.61112725632148 -87.18538342646713 0
endloop
endfacet
facet normal 0 0 -1
outer loop
vertex 213.57904822439838 -87.08373251423761 0
vertex 157.61112725632148 -87.18538342646713 0
vertex 157.42095177560168 -87.08373251423761 0
endloop
endfacet
facet normal 0 0 -1
outer loop
vertex 226.20566208278777 -87.08373251423761 0
vertex 226.24416731537383 -87.18538342646713 0
vertex 214.6111272563215 -87.18538342646713 0
endloop
endfacet
facet normal 0 0 -1
outer loop
vertex 226.20566208278777 -87.08373251423761 0
vertex 214.6111272563215 -87.18538342646713 0
vertex 214.42095177560168 -87.08373251423761 0
endloop
endfacet
facet normal 0 0 -1
outer loop
vertex 99.38887274367858 -87.18538342646713 0
vertex 99.22218254069475 -87.32218254069484 0
vertex 87.99626045431475 -87.32218254069484 0
endloop
endfacet
facet normal 0 0 -1
outer loop
vertex 99.38887274367858 -87.18538342646713 0
vertex 87.99626045431475 -87.32218254069484 0
vertex 87.9962808073014 -87.18538342646713 0
endloop
endfacet
facet normal 0 0 -1
outer loop
vertex 156.38887274367866 -87.18538342646713 0
vertex 156.2221825406947 -87.32218254069484 0
vertex 100.77781745930523 -87.32218254069484 0
endloop
endfacet
facet normal 0 0 -1
outer loop
vertex 156.38887274367866 -87.18538342646713 0
vertex 100.77781745930523 -87.32218254069484 0
vertex 100.61112725632145 -87.18538342646713 0
endloop
endfacet
facet normal 0 0 -1
outer loop
vertex 213.38887274367863 -87.18538342646713 0
vertex 213.22218254069443 -87.32218254069484 0
vertex 157.77781745930517 -87.32218254069484 0
endloop
endfacet
facet normal 0 0 -1
outer loop
vertex 213.38887274367863 -87.18538342646713 0
vertex 157.77781745930517 -87.32218254069484 0
vertex 157.61112725632148 -87.18538342646713 0
endloop
endfacet
facet normal 0 0 -1
outer loop
vertex 226.24416731537383 -87.18538342646713 0
vertex 226.2959866409005 -87.32218254069484 0
vertex 214.7778174593053 -87.32218254069484 0
endloop
endfacet
facet normal 0 0 -1
outer loop
vertex 226.24416731537383 -87.18538342646713 0
vertex 214.7778174593053 -87.32218254069484 0
vertex 214.6111272563215 -87.18538342646713 0
endloop
endfacet
facet normal 0 0 -1
outer loop
vertex 99.22218254069475 -87.32218254069484 0
vertex 99.08538342646717 -87.48887274367848 0
vertex 87.99623565412877 -87.48887274367848 0
endloop
endfacet
facet normal 0 0 -1
outer loop
vertex 99.22218254069475 -87.32218254069484 0
vertex 87.99623565412877 -87.48887274367848 0
vertex 87.99626045431475 -87.32218254069484 0
endloop
endfacet
facet normal 0 0 -1
outer loop
vertex 156.2221825406947 -87.32218254069484 0
vertex 156.08538342646708 -87.48887274367848 0
vertex 100.91461657353284 -87.48887274367848 0
endloop
endfacet
facet normal 0 0 -1
outer loop
vertex 156.2221825406947 -87.32218254069484 0
vertex 100.91461657353284 -87.48887274367848 0
vertex 100.77781745930523 -87.32218254069484 0
endloop
endfacet
facet normal 0 0 -1
outer loop
vertex 213.22218254069443 -87.32218254069484 0
vertex 213.0853834264673 -87.48887274367848 0
vertex 157.91461657353295 -87.48887274367848 0
endloop
endfacet
facet normal 0 0 -1
outer loop
vertex 213.22218254069443 -87.32218254069484 0
vertex 157.91461657353295 -87.48887274367848 0
vertex 157.77781745930517 -87.32218254069484 0
endloop
endfacet
facet normal 0 0 -1
outer loop
vertex 226.2959866409005 -87.32218254069484 0
vertex 226.3591286717483 -87.48887274367848 0
vertex 214.91461657353275 -87.48887274367848 0
endloop
endfacet
facet normal 0 0 -1
outer loop
vertex 226.2959866409005 -87.32218254069484 0
vertex 214.91461657353275 -87.48887274367848 0
vertex 214.7778174593053 -87.32218254069484 0
endloop
endfacet
facet normal 0 0 -1
outer loop
vertex 99.08538342646717 -87.48887274367848 0
vertex 98.98373251423763 -87.67904822439836 0
vertex 87.99620735980068 -87.67904822439836 0
endloop
endfacet
facet normal 0 0 -1
outer loop
vertex 99.08538342646717 -87.48887274367848 0
vertex 87.99620735980068 -87.67904822439836 0
vertex 87.99623565412877 -87.48887274367848 0
endloop
endfacet
facet normal 0 0 -1
outer loop
vertex 156.08538342646708 -87.48887274367848 0
vertex 155.98373251423766 -87.67904822439836 0
vertex 101.0162674857624 -87.67904822439836 0
endloop
endfacet
facet normal 0 0 -1
outer loop
vertex 156.08538342646708 -87.48887274367848 0
vertex 101.0162674857624 -87.67904822439836 0
vertex 100.91461657353284 -87.48887274367848 0
endloop
endfacet
facet normal 0 0 -1
outer loop
vertex 213.0853834264673 -87.48887274367848 0
vertex 212.98373251423763 -87.67904822439836 0
vertex 158.0162674857624 -87.67904822439836 0
endloop
endfacet
facet normal 0 0 -1
outer loop
vertex 213.0853834264673 -87.48887274367848 0
vertex 158.0162674857624 -87.67904822439836 0
vertex 157.91461657353295 -87.48887274367848 0
endloop
endfacet
facet normal 0 0 -1
outer loop
vertex 226.3591286717483 -87.48887274367848 0
vertex 226.4311668950822 -87.67904822439836 0
vertex 215.01626748576234 -87.67904822439836 0
endloop
endfacet
facet normal 0 0 -1
outer loop
vertex 226.3591286717483 -87.48887274367848 0
vertex 215.01626748576234 -87.67904822439836 0
vertex 214.91461657353275 -87.48887274367848 0
endloop
endfacet
facet normal 0 0 -1
outer loop
vertex 98.98373251423763 -87.67904822439836 0
vertex 98.9211361915564 -87.88540064578225 0
vertex 87.99617665866565 -87.88540064578225 0
endloop
endfacet
facet normal 0 0 -1
outer loop
vertex 98.98373251423763 -87.67904822439836 0
vertex 87.99617665866565 -87.88540064578225 0
vertex 87.99620735980068 -87.67904822439836 0
endloop
endfacet
facet normal 0 0 -1
outer loop
vertex 155.98373251423766 -87.67904822439836 0
vertex 155.92113619155643 -87.88540064578225 0
vertex 101.07886380844356 -87.88540064578225 0
endloop
endfacet
facet normal 0 0 -1
outer loop
vertex 155.98373251423766 -87.67904822439836 0
vertex 101.07886380844356 -87.88540064578225 0
vertex 101.0162674857624 -87.67904822439836 0
endloop
endfacet
facet normal 0 0 -1
outer loop
vertex 212.98373251423763 -87.67904822439836 0
vertex 212.92113619155649 -87.88540064578225 0
vertex 158.07886380844354 -87.88540064578225 0
endloop
endfacet
facet normal 0 0 -1
outer loop
vertex 212.98373251423763 -87.67904822439836 0
vertex 158.07886380844354 -87.88540064578225 0
vertex 158.0162674857624 -87.67904822439836 0
endloop
endfacet
facet normal 0 0 -1
outer loop
vertex 226.4311668950822 -87.67904822439836 0
vertex 226.5093329223791 -87.88540064578225 0
vertex 215.07886380844354 -87.88540064578225 0
endloop
endfacet
facet normal 0 0 -1
outer loop
vertex 226.4311668950822 -87.67904822439836 0
vertex 215.07886380844354 -87.88540064578225 0
vertex 215.01626748576234 -87.67904822439836 0
endloop
endfacet
facet normal 0 0 -1
outer loop
vertex 98.9211361915564 -87.88540064578225 0
vertex 98.9 -88.10000000000004 0
vertex 87.99614473055108 -88.10000000000004 0
endloop
endfacet
facet normal 0 0 -1
outer loop
vertex 98.9211361915564 -87.88540064578225 0
vertex 87.99614473055108 -88.10000000000004 0
vertex 87.99617665866565 -87.88540064578225 0
endloop
endfacet
facet normal 0 0 -1
outer loop
vertex 155.92113619155643 -87.88540064578225 0
vertex 155.9 -88.10000000000004 0
vertex 101.1 -88.10000000000004 0
endloop
endfacet
facet normal 0 0 -1
outer loop
vertex 155.92113619155643 -87.88540064578225 0
vertex 101.1 -88.10000000000004 0
vertex 101.07886380844356 -87.88540064578225 0
endloop
endfacet
facet normal 0 0 -1
outer loop
vertex 212.92113619155649 -87.88540064578225 0
vertex 212.89999999999998 -88.10000000000004 0
vertex 158.1 -88.10000000000004 0
endloop
endfacet
facet normal 0 0 -1
outer loop
vertex 212.92113619155649 -87.88540064578225 0
vertex 158.1 -88.10000000000004 0
vertex 158.07886380844354 -87.88540064578225 0
endloop
endfacet
facet normal 0 0 -1
outer loop
vertex 226.5093329223791 -87.88540064578225 0
vertex 226.59062287704586 -88.10000000000004 0
vertex 215.1 -88.10000000000004 0
endloop
endfacet
facet normal 0 0 -1
outer loop
vertex 226.5093329223791 -87.88540064578225 0
vertex 215.1 -88.10000000000004 0
vertex 215.07886380844354 -87.88540064578225 0
endloop
endfacet
facet normal 0 0 -1
outer loop
vertex 98.9 -88.10000000000004 0
vertex 98.92113619155641 -88.31459935421759 0
vertex 87.99611280243651 -88.31459935421759 0
endloop
endfacet
facet normal 0 0 -1
outer loop
vertex 98.9 -88.10000000000004 0
vertex 87.99611280243651 -88.31459935421759 0
vertex 87.99614473055108 -88.10000000000004 0
endloop
endfacet
facet normal 0 0 -1
outer loop
vertex 155.9 -88.10000000000004 0
vertex 155.92113619155643 -88.31459935421759 0
vertex 101.07886380844359 -88.31459935421759 0
endloop
endfacet
facet normal 0 0 -1
outer loop
vertex 155.9 -88.10000000000004 0
vertex 101.07886380844359 -88.31459935421759 0
vertex 101.1 -88.10000000000004 0
endloop
endfacet
facet normal 0 0 -1
outer loop
vertex 212.89999999999998 -88.10000000000004 0
vertex 212.9211361915564 -88.31459935421759 0
vertex 158.07886380844357 -88.31459935421759 0
endloop
endfacet
facet normal 0 0 -1
outer loop
vertex 212.89999999999998 -88.10000000000004 0
vertex 158.07886380844357 -88.31459935421759 0
vertex 158.1 -88.10000000000004 0
endloop
endfacet
facet normal 0 0 -1
outer loop
vertex 226.59062287704586 -88.10000000000004 0
vertex 226.67191283171255 -88.31459935421759 0
vertex 215.07886380844357 -88.31459935421759 0
endloop
endfacet
facet normal 0 0 -1
outer loop
vertex 226.59062287704586 -88.10000000000004 0
vertex 215.07886380844357 -88.31459935421759 0
vertex 215.1 -88.10000000000004 0
endloop
endfacet
facet normal 0 0 -1
outer loop
vertex 98.92113619155641 -88.31459935421759 0
vertex 98.9837325142376 -88.52095177560159 0
vertex 87.99608210130148 -88.52095177560159 0
endloop
endfacet
facet normal 0 0 -1
outer loop
vertex 98.92113619155641 -88.31459935421759 0
vertex 87.99608210130148 -88.52095177560159 0
vertex 87.99611280243651 -88.31459935421759 0
endloop
endfacet
facet normal 0 0 -1
outer loop
vertex 155.92113619155643 -88.31459935421759 0
vertex 155.9837325142376 -88.52095177560159 0
vertex 101.0162674857624 -88.52095177560159 0
endloop
endfacet
facet normal 0 0 -1
outer loop
vertex 155.92113619155643 -88.31459935421759 0
vertex 101.0162674857624 -88.52095177560159 0
vertex 101.07886380844359 -88.31459935421759 0
endloop
endfacet
facet normal 0 0 -1
outer loop
vertex 212.9211361915564 -88.31459935421759 0
vertex 212.98373251423757 -88.52095177560159 0
vertex 158.0162674857623 -88.52095177560159 0
endloop
endfacet
facet normal 0 0 -1
outer loop
vertex 212.9211361915564 -88.31459935421759 0
vertex 158.0162674857623 -88.52095177560159 0
vertex 158.07886380844357 -88.31459935421759 0
endloop
endfacet
facet normal 0 0 -1
outer loop
vertex 226.67191283171255 -88.31459935421759 0
vertex 226.75007885900945 -88.52095177560159 0
vertex 215.0162674857625 -88.52095177560159 0
endloop
endfacet
facet normal 0 0 -1
outer loop
vertex 226.67191283171255 -88.31459935421759 0
vertex 215.0162674857625 -88.52095177560159 0
vertex 215.07886380844357 -88.31459935421759 0
endloop
endfacet
facet normal 0 0 -1
outer loop
vertex 98.9837325142376 -88.52095177560159 0
vertex 99.08538342646726 -88.71112725632165 0
vertex 87.9960538069734 -88.71112725632165 0
endloop
endfacet
facet normal 0 0 -1
outer loop
vertex 98.9837325142376 -88.52095177560159 0
vertex 87.9960538069734 -88.71112725632165 0
vertex 87.99608210130148 -88.52095177560159 0
endloop
endfacet
facet normal 0 0 -1
outer loop
vertex 155.9837325142376 -88.52095177560159 0
vertex 156.08538342646722 -88.71112725632165 0
vertex 100.91461657353288 -88.71112725632165 0
endloop
endfacet
facet normal 0 0 -1
outer loop
vertex 155.9837325142376 -88.52095177560159 0
vertex 100.91461657353288 -88.71112725632165 0
vertex 101.0162674857624 -88.52095177560159 0
endloop
endfacet
facet normal 0 0 -1
outer loop
vertex 212.98373251423757 -88.52095177560159 0
vertex 213.08538342646725 -88.71112725632165 0
vertex 157.9146165735328 -88.71112725632165 0
endloop
endfacet
facet normal 0 0 -1
outer loop
vertex 212.98373251423757 -88.52095177560159 0
vertex 157.9146165735328 -88.71112725632165 0
vertex 158.0162674857623 -88.52095177560159 0
endloop
endfacet
facet normal 0 0 -1
outer loop
vertex 226.75007885900945 -88.52095177560159 0
vertex 226.82211708234342 -88.71112725632165 0
vertex 214.9146165735327 -88.71112725632165 0
endloop
endfacet
facet normal 0 0 -1
outer loop
vertex 226.75007885900945 -88.52095177560159 0
vertex 214.9146165735327 -88.71112725632165 0
vertex 215.0162674857625 -88.52095177560159 0
endloop
endfacet
facet normal 0 0 -1
outer loop
vertex 99.08538342646726 -88.71112725632165 0
vertex 99.22218254069477 -88.87781745930516 0
vertex 87.99602900678741 -88.87781745930516 0
endloop
endfacet
facet normal 0 0 -1
outer loop
vertex 99.08538342646726 -88.71112725632165 0
vertex 87.99602900678741 -88.87781745930516 0
vertex 87.9960538069734 -88.71112725632165 0
endloop
endfacet
facet normal 0 0 -1
outer loop
vertex 156.08538342646722 -88.71112725632165 0
vertex 156.2221825406947 -88.87781745930516 0
vertex 100.77781745930521 -88.87781745930516 0
endloop
endfacet
facet normal 0 0 -1
outer loop
vertex 156.08538342646722 -88.71112725632165 0
vertex 100.77781745930521 -88.87781745930516 0
vertex 100.91461657353288 -88.71112725632165 0
endloop
endfacet
facet normal 0 0 -1
outer loop
vertex 213.08538342646725 -88.71112725632165 0
vertex 213.22218254069475 -88.87781745930516 0
vertex 157.77781745930514 -88.87781745930516 0
endloop
endfacet
facet normal 0 0 -1
outer loop
vertex 213.08538342646725 -88.71112725632165 0
vertex 157.77781745930514 -88.87781745930516 0
vertex 157.9146165735328 -88.71112725632165 0
endloop
endfacet
facet normal 0 0 -1
outer loop
vertex 226.82211708234342 -88.71112725632165 0
vertex 226.88525911319118 -88.87781745930516 0
vertex 214.77781745930534 -88.87781745930516 0
endloop
endfacet
facet normal 0 0 -1
outer loop
vertex 226.82211708234342 -88.71112725632165 0
vertex 214.77781745930534 -88.87781745930516 0
vertex 214.9146165735327 -88.71112725632165 0
endloop
endfacet
facet normal 0 0 -1
outer loop
vertex 99.22218254069477 -88.87781745930516 0
vertex 99.38887274367848 -89.01461657353283 0
vertex 87.99600865380076 -89.01461657353283 0
endloop
endfacet
facet normal 0 0 -1
outer loop
vertex 99.22218254069477 -88.87781745930516 0
vertex 87.99600865380076 -89.01461657353283 0
vertex 87.99602900678741 -88.87781745930516 0
endloop
endfacet
facet normal 0 0 -1
outer loop
vertex 156.2221825406947 -88.87781745930516 0
vertex 156.3888727436785 -89.01461657353283 0
vertex 100.6111272563215 -89.01461657353283 0
endloop
endfacet
facet normal 0 0 -1
outer loop
vertex 156.2221825406947 -88.87781745930516 0
vertex 100.6111272563215 -89.01461657353283 0
vertex 100.77781745930521 -88.87781745930516 0
endloop
endfacet
facet normal 0 0 -1
outer loop
vertex 213.22218254069475 -88.87781745930516 0
vertex 213.3888727436785 -89.01461657353283 0
vertex 157.6111272563215 -89.01461657353283 0
endloop
endfacet
facet normal 0 0 -1
outer loop
vertex 213.22218254069475 -88.87781745930516 0
vertex 157.6111272563215 -89.01461657353283 0
vertex 157.77781745930514 -88.87781745930516 0
endloop
endfacet
facet normal 0 0 -1
outer loop
vertex 226.88525911319118 -88.87781745930516 0
vertex 226.93707843871783 -89.01461657353283 0
vertex 214.61112725632142 -89.01461657353283 0
endloop
endfacet
facet normal 0 0 -1
outer loop
vertex 226.88525911319118 -88.87781745930516 0
vertex 214.61112725632142 -89.01461657353283 0
vertex 214.77781745930534 -88.87781745930516 0
endloop
endfacet
facet normal 0 0 -1
outer loop
vertex 99.38887274367848 -89.01461657353283 0
vertex 99.57904822439835 -89.11626748576239 0
vertex 87.99599353016731 -89.11626748576239 0
endloop
endfacet
facet normal 0 0 -1
outer loop
vertex 99.38887274367848 -89.01461657353283 0
vertex 87.99599353016731 -89.11626748576239 0
vertex 87.99600865380076 -89.01461657353283 0
endloop
endfacet
facet normal 0 0 -1
outer loop
vertex 156.3888727436785 -89.01461657353283 0
vertex 156.57904822439832 -89.11626748576239 0
vertex 100.42095177560167 -89.11626748576239 0
endloop
endfacet
facet normal 0 0 -1
outer loop
vertex 156.3888727436785 -89.01461657353283 0
vertex 100.42095177560167 -89.11626748576239 0
vertex 100.6111272563215 -89.01461657353283 0
endloop
endfacet
facet normal 0 0 -1
outer loop
vertex 213.3888727436785 -89.01461657353283 0
vertex 213.57904822439835 -89.11626748576239 0
vertex 157.42095177560168 -89.11626748576239 0
endloop
endfacet
facet normal 0 0 -1
outer loop
vertex 213.3888727436785 -89.01461657353283 0
vertex 157.42095177560168 -89.11626748576239 0
vertex 157.6111272563215 -89.01461657353283 0
endloop
endfacet
facet normal 0 0 -1
outer loop
vertex 226.93707843871783 -89.01461657353283 0
vertex 226.97558367130392 -89.11626748576239 0
vertex 214.4209517756017 -89.11626748576239 0
endloop
endfacet
facet normal 0 0 -1
outer loop
vertex 226.93707843871783 -89.01461657353283 0
vertex 214.4209517756017 -89.11626748576239 0
vertex 214.61112725632142 -89.01461657353283 0
endloop
endfacet
facet normal 0 0 -1
outer loop
vertex 99.57904822439835 -89.11626748576239 0
vertex 99.78540064578225 -89.17886380844355 0
vertex 87.99598421707982 -89.17886380844355 0
endloop
endfacet
facet normal 0 0 -1
outer loop
vertex 99.57904822439835 -89.11626748576239 0
vertex 87.99598421707982 -89.17886380844355 0
vertex 87.99599353016731 -89.11626748576239 0
endloop
endfacet
facet normal 0 0 -1
outer loop
vertex 156.57904822439832 -89.11626748576239 0
vertex 156.7854006457822 -89.17886380844355 0
vertex 100.21459935421771 -89.17886380844355 0
endloop
endfacet
facet normal 0 0 -1
outer loop
vertex 156.57904822439832 -89.11626748576239 0
vertex 100.21459935421771 -89.17886380844355 0
vertex 100.42095177560167 -89.11626748576239 0
endloop
endfacet
facet normal 0 0 -1
outer loop
vertex 213.57904822439835 -89.11626748576239 0
vertex 213.7854006457823 -89.17886380844355 0
vertex 157.21459935421774 -89.17886380844355 0
endloop
endfacet
facet normal 0 0 -1
outer loop
vertex 213.57904822439835 -89.11626748576239 0
vertex 157.21459935421774 -89.17886380844355 0
vertex 157.42095177560168 -89.11626748576239 0
endloop
endfacet
facet normal 0 0 -1
outer loop
vertex 226.97558367130392 -89.11626748576239 0
vertex 226.99929507645518 -89.17886380844355 0
vertex 214.21459935421774 -89.17886380844355 0
endloop
endfacet
facet normal 0 0 -1
outer loop
vertex 226.97558367130392 -89.11626748576239 0
vertex 214.21459935421774 -89.17886380844355 0
vertex 214.4209517756017 -89.11626748576239 0
endloop
endfacet
facet normal 0 0 -1
outer loop
vertex 99.78540064578225 -89.17886380844355 0
vertex 100 -89.19999999999999 0
vertex 87.99598107243501 -89.19999999999999 0
endloop
endfacet
facet normal 0 0 -1
outer loop
vertex 99.78540064578225 -89.17886380844355 0
vertex 87.99598107243501 -89.19999999999999 0
vertex 87.99598421707982 -89.17886380844355 0
endloop
endfacet
facet normal 0 0 -1
outer loop
vertex 156.7854006457822 -89.17886380844355 0
vertex 157.00000000000003 -89.19999999999999 0
vertex 100 -89.19999999999999 0
endloop
endfacet
facet normal 0 0 -1
outer loop
vertex 156.7854006457822 -89.17886380844355 0
vertex 100 -89.19999999999999 0
vertex 100.21459935421771 -89.17886380844355 0
endloop
endfacet
facet normal 0 0 -1
outer loop
vertex 213.7854006457823 -89.17886380844355 0
vertex 213.99999999999997 -89.19999999999999 0
vertex 157.00000000000003 -89.19999999999999 0
endloop
endfacet
facet normal 0 0 -1
outer loop
vertex 213.7854006457823 -89.17886380844355 0
vertex 157.00000000000003 -89.19999999999999 0
vertex 157.21459935421774 -89.17886380844355 0
endloop
endfacet
facet normal 0 0 -1
outer loop
vertex 226.99929507645518 -89.17886380844355 0
vertex 227.00730143816915 -89.19999999999999 0
vertex 213.99999999999997 -89.19999999999999 0
endloop
endfacet
facet normal 0 0 -1
outer loop
vertex 226.99929507645518 -89.17886380844355 0
vertex 213.99999999999997 -89.19999999999999 0
vertex 214.21459935421774 -89.17886380844355 0
endloop
endfacet
facet normal 0 0 -1
outer loop
vertex 100 -89.19999999999999 0
vertex 157.00000000000003 -89.19999999999999 0
vertex 213.99999999999997 -89.19999999999999 0
endloop
endfacet
facet normal 0 0 -1
outer loop
vertex 100 -89.19999999999999 0
vertex 213.99999999999997 -89.19999999999999 0
vertex 227.00730143816915 -89.19999999999999 0
endloop
endfacet
facet normal 0 0 -1
outer loop
vertex 100 -89.19999999999999 0
vertex 227.00730143816915 -89.19999999999999 0
vertex 228.44673646750428 -93 0
endloop
endfacet
facet normal 0 0 -1
outer loop
vertex 100 -89.19999999999999 0
vertex 228.44673646750428 -93 0
vertex 221.3 -93 0
endloop
endfacet
facet normal 0 0 -1
outer loop
vertex 100 -89.19999999999999 0
vertex 221.3 -93 0
vertex 216.3 -93 0
endloop
endfacet
facet normal 0 0 -1
outer loop
vertex 100 -89.19999999999999 0
vertex 216.3 -93 0
vertex 212.3 -93 0
endloop
endfacet
facet normal 0 0 -1
outer loop
vertex 100 -89.19999999999999 0
vertex 212.3 -93 0
vertex 207.3 -93 0
endloop
endfacet
facet normal 0 0 -1
outer loop
vertex 100 -89.19999999999999 0
vertex 207.3 -93 0
vertex 202.25 -93 0
endloop
endfacet
facet normal 0 0 -1
outer loop
vertex 100 -89.19999999999999 0
vertex 202.25 -93 0
vertex 197.25 -93 0
endloop
endfacet
facet normal 0 0 -1
outer loop
vertex 100 -89.19999999999999 0
vertex 197.25 -93 0
vertex 193.25 -93 0
endloop
endfacet
facet normal 0 0 -1
outer loop
vertex 100 -89.19999999999999 0
vertex 193.25 -93 0
vertex 188.25 -93 0
endloop
endfacet
facet normal 0 0 -1
outer loop
vertex 100 -89.19999999999999 0
vertex 188.25 -93 0
vertex 183.2 -93 0
endloop
endfacet
facet normal 0 0 -1
outer loop
vertex 100 -89.19999999999999 0
vertex 183.2 -93 0
vertex 178.2 -93 0
endloop
endfacet
facet normal 0 0 -1
outer loop
vertex 100 -89.19999999999999 0
vertex 178.2 -93 0
vertex 174.2 -93 0
endloop
endfacet
facet normal 0 0 -1
outer loop
vertex 100 -89.19999999999999 0
vertex 174.2 -93 0
vertex 169.2 -93 0
endloop
endfacet
facet normal 0 0 -1
outer loop
vertex 100 -89.19999999999999 0
vertex 169.2 -93 0
vertex 164.15 -93 0
endloop
endfacet
facet normal 0 0 -1
outer loop
vertex 100 -89.19999999999999 0
vertex 164.15 -93 0
vertex 159.15 -93 0
endloop
endfacet
facet normal 0 0 -1
outer loop
vertex 100 -89.19999999999999 0
vertex 159.15 -93 0
vertex 155.15 -93 0
endloop
endfacet
facet normal 0 0 -1
outer loop
vertex 100 -89.19999999999999 0
vertex 155.15 -93 0
vertex 150.15 -93 0
endloop
endfacet
facet normal 0 0 -1
outer loop
vertex 100 -89.19999999999999 0
vertex 150.15 -93 0
vertex 145.1 -93 0
endloop
endfacet
facet normal 0 0 -1
outer loop
vertex 100 -89.19999999999999 0
vertex 145.1 -93 0
vertex 140.1 -93 0
endloop
endfacet
facet normal 0 0 -1
outer loop
vertex 100 -89.19999999999999 0
vertex 140.1 -93 0
vertex 136.1 -93 0
endloop
endfacet
facet normal 0 0 -1
outer loop
vertex 100 -89.19999999999999 0
vertex 136.1 -93 0
vertex 131.1 -93 0
endloop
endfacet
facet normal 0 0 -1
outer loop
vertex 100 -89.19999999999999 0
vertex 131.1 -93 0
vertex 126.05 -93 0
endloop
endfacet
facet normal 0 0 -1
outer loop
vertex 100 -89.19999999999999 0
vertex 126.05 -93 0
vertex 121.05 -93 0
endloop
endfacet
facet normal 0 0 -1
outer loop
vertex 100 -89.19999999999999 0
vertex 121.05 -93 0
vertex 117.05 -93 0
endloop
endfacet
facet normal 0 0 -1
outer loop
vertex 100 -89.19999999999999 0
vertex 117.05 -93 0
vertex 112.05 -93 0
endloop
endfacet
facet normal 0 0 -1
outer loop
vertex 100 -89.19999999999999 0
vertex 112.05 -93 0
vertex 107 -93 0
endloop
endfacet
facet normal 0 0 -1
outer loop
vertex 100 -89.19999999999999 0
vertex 107 -93 0
vertex 102 -93 0
endloop
endfacet
facet normal 0 0 -1
outer loop
vertex 100 -89.19999999999999 0
vertex 102 -93 0
vertex 98 -93 0
endloop
endfacet
facet normal 0 0 -1
outer loop
vertex 100 -89.19999999999999 0
vertex 98 -93 0
vertex 93 -93 0
endloop
endfacet
facet normal 0 0 -1
outer loop
vertex 100 -89.19999999999999 0
vertex 93 -93 0
vertex 87.99541570803403 -93 0
endloop
endfacet
facet normal 0 0 -1
outer loop
vertex 100 -89.19999999999999 0
vertex 87.99541570803403 -93 0
vertex 87.99598107243501 -89.19999999999999 0
endloop
endfacet
facet normal 0 0 -1
outer loop
vertex 102 -93 0
vertex 102 -93.25 0
vertex 98 -93.25 0
endloop
endfacet
facet normal 0 0 -1
outer loop
vertex 102 -93 0
vertex 98 -93.25 0
vertex 98 -93 0
endloop
endfacet
facet normal 0 0 -1
outer loop
vertex 121.05 -93 0
vertex 121.05 -93.25 0
vertex 117.05 -93.25 0
endloop
endfacet
facet normal 0 0 -1
outer loop
vertex 121.05 -93 0
vertex 117.05 -93.25 0
vertex 117.05 -93 0
endloop
endfacet
facet normal 0 0 -1
outer loop
vertex 140.1 -93 0
vertex 140.1 -93.25 0
vertex 136.1 -93.25 0
endloop
endfacet
facet normal 0 0 -1
outer loop
vertex 140.1 -93 0
vertex 136.1 -93.25 0
vertex 136.1 -93 0
endloop
endfacet
facet normal 0 0 -1
outer loop
vertex 159.15 -93 0
vertex 159.15 -93.25 0
vertex 155.15 -93.25 0
endloop
endfacet
facet normal 0 0 -1
outer loop
vertex 159.15 -93 0
vertex 155.15 -93.25 0
vertex 155.15 -93 0
endloop
endfacet
facet normal 0 0 -1
outer loop
vertex 178.2 -93 0
vertex 178.2 -93.25 0
vertex 174.2 -93.25 0
endloop
endfacet
facet normal 0 0 -1
outer loop
vertex 178.2 -93 0
vertex 174.2 -93.25 0
vertex 174.2 -93 0
endloop
endfacet
facet normal 0 0 -1
outer loop
vertex 197.25 -93 0
vertex 197.25 -93.25 0
vertex 193.25 -93.25 0
endloop
endfacet
facet normal 0 0 -1
outer loop
vertex 197.25 -93 0
vertex 193.25 -93.25 0
vertex 193.25 -93 0
endloop
endfacet
facet normal 0 0 -1
outer loop
vertex 216.3 -93 0
vertex 216.3 -93.25 0
vertex 212.3 -93.25 0
endloop
endfacet
facet normal 0 0 -1
outer loop
vertex 216.3 -93 0
vertex 212.3 -93.25 0
vertex 212.3 -93 0
endloop
endfacet
facet normal 0 0 -1
outer loop
vertex 93 -93 0
vertex 93 -107 0
vertex 87.99333278655675 -107 0
endloop
endfacet
facet normal 0 0 -1
outer loop
vertex 93 -93 0
vertex 87.99333278655675 -107 0
vertex 87.99541570803403 -93 0
endloop
endfacet
facet normal 0 0 -1
outer loop
vertex 102 -106.75 0
vertex 102 -107 0
vertex 98 -107 0
endloop
endfacet
facet normal 0 0 -1
outer loop
vertex 102 -106.75 0
vertex 98 -107 0
vertex 98 -106.75 0
endloop
endfacet
facet normal 0 0 -1
outer loop
vertex 112.05 -93 0
vertex 112.05 -107 0
vertex 107 -107 0
endloop
endfacet
facet normal 0 0 -1
outer loop
vertex 112.05 -93 0
vertex 107 -107 0
vertex 107 -93 0
endloop
endfacet
facet normal 0 0 -1
outer loop
vertex 121.05 -106.75 0
vertex 121.05 -107 0
vertex 117.05 -107 0
endloop
endfacet
facet normal 0 0 -1
outer loop
vertex 121.05 -106.75 0
vertex 117.05 -107 0
vertex 117.05 -106.75 0
endloop
endfacet
facet normal 0 0 -1
outer loop
vertex 131.1 -93 0
vertex 131.1 -107 0
vertex 126.05 -107 0
endloop
endfacet
facet normal 0 0 -1
outer loop
vertex 131.1 -93 0
vertex 126.05 -107 0
vertex 126.05 -93 0
endloop
endfacet
facet normal 0 0 -1
outer loop
vertex 140.1 -106.75 0
vertex 140.1 -107 0
vertex 136.1 -107 0
endloop
endfacet
facet normal 0 0 -1
outer loop
vertex 140.1 -106.75 0
vertex 136.1 -107 0
vertex 136.1 -106.75 0
endloop
endfacet
facet normal 0 0 -1
outer loop
vertex 150.15 -93 0
vertex 150.15 -107 0
vertex 145.1 -107 0
endloop
endfacet
facet normal 0 0 -1
outer loop
vertex 150.15 -93 0
vertex 145.1 -107 0
vertex 145.1 -93 0
endloop
endfacet
facet normal 0 0 -1
outer loop
vertex 159.15 -106.75 0
vertex 159.15 -107 0
vertex 155.15 -107 0
endloop
endfacet
facet normal 0 0 -1
outer loop
vertex 159.15 -106.75 0
vertex 155.15 -107 0
vertex 155.15 -106.75 0
endloop
endfacet
facet normal 0 0 -1
outer loop
vertex 169.2 -93 0
vertex 169.2 -107 0
vertex 164.15 -107 0
endloop
endfacet
facet normal 0 0 -1
outer loop
vertex 169.2 -93 0
vertex 164.15 -107 0
vertex 164.15 -93 0
endloop
endfacet
facet normal 0 0 -1
outer loop
vertex 178.2 -106.75 0
vertex 178.2 -107 0
vertex 174.2 -107 0
endloop
endfacet
facet normal 0 0 -1
outer loop
vertex 178.2 -106.75 0
vertex 174.2 -107 0
vertex 174.2 -106.75 0
endloop
endfacet
facet normal 0 0 -1
outer loop
vertex 188.25 -93 0
vertex 188.25 -107 0
vertex 183.2 -107 0
endloop
endfacet
facet normal 0 0 -1
outer loop
vertex 188.25 -93 0
vertex 183.2 -107 0
vertex 183.2 -93 0
endloop
endfacet
facet normal 0 0 -1
outer loop
vertex 197.25 -106.75 0
vertex 197.25 -107 0
vertex 193.25 -107 0
endloop
endfacet
facet normal 0 0 -1
outer loop
vertex 197.25 -106.75 0
vertex 193.25 -107 0
vertex 193.25 -106.75 0
endloop
endfacet
facet normal 0 0 -1
outer loop
vertex 207.3 -93 0
vertex 207.3 -107 0
vertex 202.25 -107 0
endloop
endfacet
facet normal 0 0 -1
outer loop
vertex 207.3 -93 0
vertex 202.25 -107 0
vertex 202.25 -93 0
endloop
endfacet
facet normal 0 0 -1
outer loop
vertex 216.3 -106.75 0
vertex 216.3 -107 0
vertex 212.3 -107 0
endloop
endfacet
facet normal 0 0 -1
outer loop
vertex 216.3 -106.75 0
vertex 212.3 -107 0
vertex 212.3 -106.75 0
endloop
endfacet
facet normal 0 0 -1
outer loop
vertex 228.44673646750428 -93 0
vertex 233.7499181545284 -107 0
vertex 221.3 -107 0
endloop
endfacet
facet normal 0 0 -1
outer loop
vertex 228.44673646750428 -93 0
vertex 221.3 -107 0
vertex 221.3 -93 0
endloop
endfacet
facet normal 0 0 -1
outer loop
vertex 93 -107 0
vertex 98 -107 0
vertex 102 -107 0
endloop
endfacet
facet normal 0 0 -1
outer loop
vertex 93 -107 0
vertex 102 -107 0
vertex 107 -107 0
endloop
endfacet
facet normal 0 0 -1
outer loop
vertex 93 -107 0
vertex 107 -107 0
vertex 112.05 -107 0
endloop
endfacet
facet normal 0 0 -1
outer loop
vertex 93 -107 0
vertex 112.05 -107 0
vertex 117.05 -107 0
endloop
endfacet
facet normal 0 0 -1
outer loop
vertex 93 -107 0
vertex 117.05 -107 0
vertex 121.05 -107 0
endloop
endfacet
facet normal 0 0 -1
outer loop
vertex 93 -107 0
vertex 121.05 -107 0
vertex 126.05 -107 0
endloop
endfacet
facet normal 0 0 -1
outer loop
vertex 93 -107 0
vertex 126.05 -107 0
vertex 131.1 -107 0
endloop
endfacet
facet normal 0 0 -1
outer loop
vertex 93 -107 0
vertex 131.1 -107 0
vertex 136.1 -107 0
endloop
endfacet
facet normal 0 0 -1
outer loop
vertex 93 -107 0
vertex 136.1 -107 0
vertex 140.1 -107 0
endloop
endfacet
facet normal 0 0 -1
outer loop
vertex 93 -107 0
vertex 140.1 -107 0
vertex 145.1 -107 0
endloop
endfacet
facet normal 0 0 -1
outer loop
vertex 93 -107 0
vertex 145.1 -107 0
vertex 150.15 -107 0
endloop
endfacet
facet normal 0 0 -1
outer loop
vertex 93 -107 0
vertex 150.15 -107 0
vertex 155.15 -107 0
endloop
endfacet
facet normal 0 0 -1
outer loop
vertex 93 -107 0
vertex 155.15 -107 0
vertex 159.15 -107 0
endloop
endfacet
facet normal 0 0 -1
outer loop
vertex 93 -107 0
vertex 159.15 -107 0
vertex 164.15 -107 0
endloop
endfacet
facet normal 0 0 -1
outer loop
vertex 93 -107 0
vertex 164.15 -107 0
vertex 169.2 -107 0
endloop
endfacet
facet normal 0 0 -1
outer loop
vertex 93 -107 0
vertex 169.2 -107 0
vertex 174.2 -107 0
endloop
endfacet
facet normal 0 0 -1
outer loop
vertex 93 -107 0
vertex 174.2 -107 0
vertex 178.2 -107 0
endloop
endfacet
facet normal 0 0 -1
outer loop
vertex 93 -107 0
vertex 178.2 -107 0
vertex 183.2 -107 0
endloop
endfacet
facet normal 0 0 -1
outer loop
vertex 93 -107 0
vertex 183.2 -107 0
vertex 188.25 -107 0
endloop
endfacet
facet normal 0 0 -1
outer loop
vertex 93 -107 0
vertex 188.25 -107 0
vertex 193.25 -107 0
endloop
endfacet
facet normal 0 0 -1
outer loop
vertex 93 -107 0
vertex 193.25 -107 0
vertex 197.25 -107 0
endloop
endfacet
facet normal 0 0 -1
outer loop
vertex 93 -107 0
vertex 197.25 -107 0
vertex 202.25 -107 0
endloop
endfacet
facet normal 0 0 -1
outer loop
vertex 93 -107 0
vertex 202.25 -107 0
vertex 207.3 -107 0
endloop
endfacet
facet normal 0 0 -1
outer loop
vertex 93 -107 0
vertex 207.3 -107 0
vertex 212.3 -107 0
endloop
endfacet
facet normal 0 0 -1
outer loop
vertex 93 -107 0
vertex 212.3 -107 0
vertex 216.3 -107 0
endloop
endfacet
facet normal 0 0 -1
outer loop
vertex 93 -107 0
vertex 216.3 -107 0
vertex 221.3 -107 0
endloop
endfacet
facet normal 0 0 -1
outer loop
vertex 93 -107 0
vertex 221.3 -107 0
vertex 233.7499181545284 -107 0
endloop
endfacet
facet normal 0 0 -1
outer loop
vertex 93 -107 0
vertex 233.7499181545284 -107 0
vertex 235.66285154877636 -112.05 0
endloop
endfacet
facet normal 0 0 -1
outer loop
vertex 93 -107 0
vertex 235.66285154877636 -112.05 0
vertex 230.825 -112.05 0
endloop
endfacet
facet normal 0 0 -1
outer loop
vertex 93 -107 0
vertex 230.825 -112.05 0
vertex 225.825 -112.05 0
endloop
endfacet
facet normal 0 0 -1
outer loop
vertex 93 -107 0
vertex 225.825 -112.05 0
vertex 221.825 -112.05 0
endloop
endfacet
facet normal 0 0 -1
outer loop
vertex 93 -107 0
vertex 221.825 -112.05 0
vertex 216.825 -112.05 0
endloop
endfacet
facet normal 0 0 -1
outer loop
vertex 93 -107 0
vertex 216.825 -112.05 0
vertex 211.775 -112.05 0
endloop
endfacet
facet normal 0 0 -1
outer loop
vertex 93 -107 0
vertex 211.775 -112.05 0
vertex 206.775 -112.05 0
endloop
endfacet
facet normal 0 0 -1
outer loop
vertex 93 -107 0
vertex 206.775 -112.05 0
vertex 202.775 -112.05 0
endloop
endfacet
facet normal 0 0 -1
outer loop
vertex 93 -107 0
vertex 202.775 -112.05 0
vertex 197.775 -112.05 0
endloop
endfacet
facet normal 0 0 -1
outer loop
vertex 93 -107 0
vertex 197.775 -112.05 0
vertex 192.725 -112.05 0
endloop
endfacet
facet normal 0 0 -1
outer loop
vertex 93 -107 0
vertex 192.725 -112.05 0
vertex 187.725 -112.05 0
endloop
endfacet
facet normal 0 0 -1
outer loop
vertex 93 -107 0
vertex 187.725 -112.05 0
vertex 183.725 -112.05 0
endloop
endfacet
facet normal 0 0 -1
outer loop
vertex 93 -107 0
vertex 183.725 -112.05 0
vertex 178.725 -112.05 0
endloop
endfacet
facet normal 0 0 -1
outer loop
vertex 93 -107 0
vertex 178.725 -112.05 0
vertex 173.675 -112.05 0
endloop
endfacet
facet normal 0 0 -1
outer loop
vertex 93 -107 0
vertex 173.675 -112.05 0
vertex 168.675 -112.05 0
endloop
endfacet
facet normal 0 0 -1
outer loop
vertex 93 -107 0
vertex 168.675 -112.05 0
vertex 164.675 -112.05 0
endloop
endfacet
facet normal 0 0 -1
outer loop
vertex 93 -107 0
vertex 164.675 -112.05 0
vertex 159.675 -112.05 0
endloop
endfacet
facet normal 0 0 -1
outer loop
vertex 93 -107 0
vertex 159.675 -112.05 0
vertex 154.625 -112.05 0
endloop
endfacet
facet normal 0 0 -1
outer loop
vertex 93 -107 0
vertex 154.625 -112.05 0
vertex 149.625 -112.05 0
endloop
endfacet
facet normal 0 0 -1
outer loop
vertex 93 -107 0
vertex 149.625 -112.05 0
vertex 145.625 -112.05 0
endloop
endfacet
facet normal 0 0 -1
outer loop
vertex 93 -107 0
vertex 145.625 -112.05 0
vertex 140.625 -112.05 0
endloop
endfacet
facet normal 0 0 -1
outer loop
vertex 93 -107 0
vertex 140.625 -112.05 0
vertex 135.575 -112.05 0
endloop
endfacet
facet normal 0 0 -1
outer loop
vertex 93 -107 0
vertex 135.575 -112.05 0
vertex 130.575 -112.05 0
endloop
endfacet
facet normal 0 0 -1
outer loop
vertex 93 -107 0
vertex 130.575 -112.05 0
vertex 126.575 -112.05 0
endloop
endfacet
facet normal 0 0 -1
outer loop
vertex 93 -107 0
vertex 126.575 -112.05 0
vertex 121.575 -112.05 0
endloop
endfacet
facet normal 0 0 -1
outer loop
vertex 93 -107 0
vertex 121.575 -112.05 0
vertex 111.7625 -112.05 0
endloop
endfacet
facet normal 0 0 -1
outer loop
vertex 93 -107 0
vertex 111.7625 -112.05 0
vertex 106.7625 -112.05 0
endloop
endfacet
facet normal 0 0 -1
outer loop
vertex 93 -107 0
vertex 106.7625 -112.05 0
vertex 102.76250000000002 -112.05 0
endloop
endfacet
facet normal 0 0 -1
outer loop
vertex 93 -107 0
vertex 102.76250000000002 -112.05 0
vertex 97.7625 -112.05 0
endloop
endfacet
facet normal 0 0 -1
outer loop
vertex 93 -107 0
vertex 97.7625 -112.05 0
vertex 87.99258144702387 -112.05 0
endloop
endfacet
facet normal 0 0 -1
outer loop
vertex 93 -107 0
vertex 87.99258144702387 -112.05 0
vertex 87.99333278655675 -107 0
endloop
endfacet
facet normal 0 0 -1
outer loop
vertex 106.7625 -112.05 0
vertex 106.7625 -112.3 0
vertex 102.76250000000002 -112.3 0
endloop
endfacet
facet normal 0 0 -1
outer loop
vertex 106.7625 -112.05 0
vertex 102.76250000000002 -112.3 0
vertex 102.76250000000002 -112.05 0
endloop
endfacet
facet normal 0 0 -1
outer loop
vertex 130.575 -112.05 0
vertex 130.575 -112.3 0
vertex 126.575 -112.3 0
endloop
endfacet
facet normal 0 0 -1
outer loop
vertex 130.575 -112.05 0
vertex 126.575 -112.3 0
vertex 126.575 -112.05 0
endloop
endfacet
facet normal 0 0 -1
outer loop
vertex 149.625 -112.05 0
vertex 149.625 -112.3 0
vertex 145.625 -112.3 0
endloop
endfacet
facet normal 0 0 -1
outer loop
vertex 149.625 -112.05 0
vertex 145.625 -112.3 0
vertex 145.625 -112.05 0
endloop
endfacet
facet normal 0 0 -1
outer loop
vertex 168.675 -112.05 0
vertex 168.675 -112.3 0
vertex 164.675 -112.3 0
endloop
endfacet
facet normal 0 0 -1
outer loop
vertex 168.675 -112.05 0
vertex 164.675 -112.3 0
vertex 164.675 -112.05 0
endloop
endfacet
facet normal 0 0 -1
outer loop
vertex 187.725 -112.05 0
vertex 187.725 -112.3 0
vertex 183.725 -112.3 0
endloop
endfacet
facet normal 0 0 -1
outer loop
vertex 187.725 -112.05 0
vertex 183.725 -112.3 0
vertex 183.725 -112.05 0
endloop
endfacet
facet normal 0 0 -1
outer loop
vertex 206.775 -112.05 0
vertex 206.775 -112.3 0
vertex 202.775 -112.3 0
endloop
endfacet
facet normal 0 0 -1
outer loop
vertex 206.775 -112.05 0
vertex 202.775 -112.3 0
vertex 202.775 -112.05 0
endloop
endfacet
facet normal 0 0 -1
outer loop
vertex 225.825 -112.05 0
vertex 225.825 -112.3 0
vertex 221.825 -112.3 0
endloop
endfacet
facet normal 0 0 -1
outer loop
vertex 225.825 -112.05 0
vertex 221.825 -112.3 0
vertex 221.825 -112.05 0
endloop
endfacet
facet normal 0 0 -1
outer loop
vertex 97.7625 -112.05 0
vertex 97.7625 -126.05 0
vertex 87.99049852554658 -126.05 0
endloop
endfacet
facet normal 0 0 -1
outer loop
vertex 97.7625 -112.05 0
vertex 87.99049852554658 -126.05 0
vertex 87.99258144702387 -112.05 0
endloop
endfacet
facet normal 0 0 -1
outer loop
vertex 106.76249999999999 -125.8 0
vertex 106.7625 -126.05 0
vertex 102.7625 -126.05 0
endloop
endfacet
facet normal 0 0 -1
outer loop
vertex 106.76249999999999 -125.8 0
vertex 102.7625 -126.05 0
vertex 102.7625 -125.8 0
endloop
endfacet
facet normal 0 0 -1
outer loop
vertex 121.575 -112.05 0
vertex 121.575 -126.05 0
vertex 111.7625 -126.05 0
endloop
endfacet
facet normal 0 0 -1
outer loop
vertex 121.575 -112.05 0
vertex 111.7625 -126.05 0
vertex 111.7625 -112.05 0
endloop
endfacet
facet normal 0 0 -1
outer loop
vertex 130.575 -125.8 0
vertex 130.575 -126.05 0
vertex 126.575 -126.05 0
endloop
endfacet
facet normal 0 0 -1
outer loop
vertex 130.575 -125.8 0
vertex 126.575 -126.05 0
vertex 126.575 -125.8 0
endloop
endfacet
facet normal 0 0 -1
outer loop
vertex 140.625 -112.05 0
vertex 140.625 -126.05 0
vertex 135.575 -126.05 0
endloop
endfacet
facet normal 0 0 -1
outer loop
vertex 140.625 -112.05 0
vertex 135.575 -126.05 0
vertex 135.575 -112.05 0
endloop
endfacet
facet normal 0 0 -1
outer loop
vertex 149.625 -125.8 0
vertex 149.625 -126.05 0
vertex 145.625 -126.05 0
endloop
endfacet
facet normal 0 0 -1
outer loop
vertex 149.625 -125.8 0
vertex 145.625 -126.05 0
vertex 145.625 -125.8 0
endloop
endfacet
facet normal 0 0 -1
outer loop
vertex 159.675 -112.05 0
vertex 159.675 -126.05 0
vertex 154.625 -126.05 0
endloop
endfacet
facet normal 0 0 -1
outer loop
vertex 159.675 -112.05 0
vertex 154.625 -126.05 0
vertex 154.625 -112.05 0
endloop
endfacet
facet normal 0 0 -1
outer loop
vertex 168.675 -125.8 0
vertex 168.675 -126.05 0
vertex 164.675 -126.05 0
endloop
endfacet
facet normal 0 0 -1
outer loop
vertex 168.675 -125.8 0
vertex 164.675 -126.05 0
vertex 164.675 -125.8 0
endloop
endfacet
facet normal 0 0 -1
outer loop
vertex 178.725 -112.05 0
vertex 178.725 -126.05 0
vertex 173.675 -126.05 0
endloop
endfacet
facet normal 0 0 -1
outer loop
vertex 178.725 -112.05 0
vertex 173.675 -126.05 0
vertex 173.675 -112.05 0
endloop
endfacet
facet normal 0 0 -1
outer loop
vertex 187.725 -125.8 0
vertex 187.725 -126.05 0
vertex 183.725 -126.05 0
endloop
endfacet
facet normal 0 0 -1
outer loop
vertex 187.725 -125.8 0
vertex 183.725 -126.05 0
vertex 183.725 -125.8 0
endloop
endfacet
facet normal 0 0 -1
outer loop
vertex 197.775 -112.05 0
vertex 197.775 -126.05 0
vertex 192.725 -126.05 0
endloop
endfacet
facet normal 0 0 -1
outer loop
vertex 197.775 -112.05 0
vertex 192.725 -126.05 0
vertex 192.725 -112.05 0
endloop
endfacet
facet normal 0 0 -1
outer loop
vertex 206.775 -125.8 0
vertex 206.775 -126.05 0
vertex 202.775 -126.05 0
endloop
endfacet
facet normal 0 0 -1
outer loop
vertex 206.775 -125.8 0
vertex 202.775 -126.05 0
vertex 202.775 -125.8 0
endloop
endfacet
facet normal 0 0 -1
outer loop
vertex 216.825 -112.05 0
vertex 216.825 -126.05 0
vertex 211.775 -126.05 0
endloop
endfacet
facet normal 0 0 -1
outer loop
vertex 216.825 -112.05 0
vertex 211.775 -126.05 0
vertex 211.775 -112.05 0
endloop
endfacet
facet normal 0 0 -1
outer loop
vertex 225.825 -125.8 0
vertex 225.825 -126.05 0
vertex 221.825 -126.05 0
endloop
endfacet
facet normal 0 0 -1
outer loop
vertex 225.825 -125.8 0
vertex 221.825 -126.05 0
vertex 221.825 -125.8 0
endloop
endfacet
facet normal 0 0 -1
outer loop
vertex 235.66285154877636 -112.05 0
vertex 240.96603323580047 -126.05 0
vertex 230.825 -126.05 0
endloop
endfacet
facet normal 0 0 -1
outer loop
vertex 235.66285154877636 -112.05 0
vertex 230.825 -126.05 0
vertex 230.825 -112.05 0
endloop
endfacet
facet normal 0 0 -1
outer loop
vertex 97.7625 -126.05 0
vertex 102.7625 -126.05 0
vertex 106.7625 -126.05 0
endloop
endfacet
facet normal 0 0 -1
outer loop
vertex 97.7625 -126.05 0
vertex 106.7625 -126.05 0
vertex 111.7625 -126.05 0
endloop
endfacet
facet normal 0 0 -1
outer loop
vertex 97.7625 -126.05 0
vertex 111.7625 -126.05 0
vertex 121.575 -126.05 0
endloop
endfacet
facet normal 0 0 -1
outer loop
vertex 97.7625 -126.05 0
vertex 121.575 -126.05 0
vertex 126.575 -126.05 0
endloop
endfacet
facet normal 0 0 -1
outer loop
vertex 97.7625 -126.05 0
vertex 126.575 -126.05 0
vertex 130.575 -126.05 0
endloop
endfacet
facet normal 0 0 -1
outer loop
vertex 97.7625 -126.05 0
vertex 130.575 -126.05 0
vertex 135.575 -126.05 0
endloop
endfacet
facet normal 0 0 -1
outer loop
vertex 97.7625 -126.05 0
vertex 135.575 -126.05 0
vertex 140.625 -126.05 0
endloop
endfacet
facet normal 0 0 -1
outer loop
vertex 97.7625 -126.05 0
vertex 140.625 -126.05 0
vertex 145.625 -126.05 0
endloop
endfacet
facet normal 0 0 -1
outer loop
vertex 97.7625 -126.05 0
vertex 145.625 -126.05 0
vertex 149.625 -126.05 0
endloop
endfacet
facet normal 0 0 -1
outer loop
vertex 97.7625 -126.05 0
vertex 149.625 -126.05 0
vertex 154.625 -126.05 0
endloop
endfacet
facet normal 0 0 -1
outer loop
vertex 97.7625 -126.05 0
vertex 154.625 -126.05 0
vertex 159.675 -126.05 0
endloop
endfacet
facet normal 0 0 -1
outer loop
vertex 97.7625 -126.05 0
vertex 159.675 -126.05 0
vertex 164.675 -126.05 0
endloop
endfacet
facet normal 0 0 -1
outer loop
vertex 97.7625 -126.05 0
vertex 164.675 -126.05 0
vertex 168.675 -126.05 0
endloop
endfacet
facet normal 0 0 -1
outer loop
vertex 97.7625 -126.05 0
vertex 168.675 -126.05 0
vertex 173.675 -126.05 0
endloop
endfacet
facet normal 0 0 -1
outer loop
vertex 97.7625 -126.05 0
vertex 173.675 -126.05 0
vertex 178.725 -126.05 0
endloop
endfacet
facet normal 0 0 -1
outer loop
vertex 97.7625 -126.05 0
vertex 178.725 -126.05 0
vertex 183.725 -126.05 0
endloop
endfacet
facet normal 0 0 -1
outer loop
vertex 97.7625 -126.05 0
vertex 183.725 -126.05 0
vertex 187.725 -126.05 0
endloop
endfacet
facet normal 0 0 -1
outer loop
vertex 97.7625 -126.05 0
vertex 187.725 -126.05 0
vertex 192.725 -126.05 0
endloop
endfacet
facet normal 0 0 -1
outer loop
vertex 97.7625 -126.05 0
vertex 192.725 -126.05 0
vertex 197.775 -126.05 0
endloop
endfacet
facet normal 0 0 -1
outer loop
vertex 97.7625 -126.05 0
vertex 197.775 -126.05 0
vertex 202.775 -126.05 0
endloop
endfacet
facet normal 0 0 -1
outer loop
vertex 97.7625 -126.05 0
vertex 202.775 -126.05 0
vertex 206.775 -126.05 0
endloop
endfacet
facet normal 0 0 -1
outer loop
vertex 97.7625 -126.05 0
vertex 206.775 -126.05 0
vertex 211.775 -126.05 0
endloop
endfacet
facet normal 0 0 -1
outer loop
vertex 97.7625 -126.05 0
vertex 211.775 -126.05 0
vertex 216.825 -126.05 0
endloop
endfacet
facet normal 0 0 -1
outer loop
vertex 97.7625 -126.05 0
vertex 216.825 -126.05 0
vertex 221.825 -126.05 0
endloop
endfacet
facet normal 0 0 -1
outer loop
vertex 97.7625 -126.05 0
vertex 221.825 -126.05 0
vertex 225.825 -126.05 0
endloop
endfacet
facet normal 0 0 -1
outer loop
vertex 97.7625 -126.05 0
vertex 225.825 -126.05 0
vertex 230.825 -126.05 0
endloop
endfacet
facet normal 0 0 -1
outer loop
vertex 97.7625 -126.05 0
vertex 230.825 -126.05 0
vertex 240.96603323580047 -126.05 0
endloop
endfacet
facet normal 0 0 -1
outer loop
vertex 97.7625 -126.05 0
vertex 240.96603323580047 -126.05 0
vertex 241.7235788000001 -128.04986320000026 0
endloop
endfacet
facet normal 0 0 -1
outer loop
vertex 97.7625 -126.05 0
vertex 241.7235788000001 -128.04986320000026 0
vertex 241.83302003899288 -128.40314864795067 0
endloop
endfacet
facet normal 0 0 -1
outer loop
vertex 97.7625 -126.05 0
vertex 241.83302003899288 -128.40314864795067 0
vertex 241.8981633995768 -128.76721305965663 0
endloop
endfacet
facet normal 0 0 -1
outer loop
vertex 97.7625 -126.05 0
vertex 241.8981633995768 -128.76721305965663 0
vertex 241.9180144 -129.1365265999998 0
endloop
endfacet
facet normal 0 0 -1
outer loop
vertex 97.7625 -126.05 0
vertex 241.9180144 -129.1365265999998 0
vertex 241.9023313273007 -131.1 0
endloop
endfacet
facet normal 0 0 -1
outer loop
vertex 97.7625 -126.05 0
vertex 241.9023313273007 -131.1 0
vertex 235.5875 -131.1 0
endloop
endfacet
facet normal 0 0 -1
outer loop
vertex 97.7625 -126.05 0
vertex 235.5875 -131.1 0
vertex 230.5875 -131.1 0
endloop
endfacet
facet normal 0 0 -1
outer loop
vertex 97.7625 -126.05 0
vertex 230.5875 -131.1 0
vertex 226.5875 -131.1 0
endloop
endfacet
facet normal 0 0 -1
outer loop
vertex 97.7625 -126.05 0
vertex 226.5875 -131.1 0
vertex 221.5875 -131.1 0
endloop
endfacet
facet normal 0 0 -1
outer loop
vertex 97.7625 -126.05 0
vertex 221.5875 -131.1 0
vertex 216.5375 -131.1 0
endloop
endfacet
facet normal 0 0 -1
outer loop
vertex 97.7625 -126.05 0
vertex 216.5375 -131.1 0
vertex 211.5375 -131.1 0
endloop
endfacet
facet normal 0 0 -1
outer loop
vertex 97.7625 -126.05 0
vertex 211.5375 -131.1 0
vertex 207.5375 -131.1 0
endloop
endfacet
facet normal 0 0 -1
outer loop
vertex 97.7625 -126.05 0
vertex 207.5375 -131.1 0
vertex 202.5375 -131.1 0
endloop
endfacet
facet normal 0 0 -1
outer loop
vertex 97.7625 -126.05 0
vertex 202.5375 -131.1 0
vertex 197.4875 -131.1 0
endloop
endfacet
facet normal 0 0 -1
outer loop
vertex 97.7625 -126.05 0
vertex 197.4875 -131.1 0
vertex 192.4875 -131.1 0
endloop
endfacet
facet normal 0 0 -1
outer loop
vertex 97.7625 -126.05 0
vertex 192.4875 -131.1 0
vertex 188.4875 -131.1 0
endloop
endfacet
facet normal 0 0 -1
outer loop
vertex 97.7625 -126.05 0
vertex 188.4875 -131.1 0
vertex 183.4875 -131.1 0
endloop
endfacet
facet normal 0 0 -1
outer loop
vertex 97.7625 -126.05 0
vertex 183.4875 -131.1 0
vertex 178.4375 -131.1 0
endloop
endfacet
facet normal 0 0 -1
outer loop
vertex 97.7625 -126.05 0
vertex 178.4375 -131.1 0
vertex 173.4375 -131.1 0
endloop
endfacet
facet normal 0 0 -1
outer loop
vertex 97.7625 -126.05 0
vertex 173.4375 -131.1 0
vertex 169.4375 -131.1 0
endloop
endfacet
facet normal 0 0 -1
outer loop
vertex 97.7625 -126.05 0
vertex 169.4375 -131.1 0
vertex 164.4375 -131.1 0
endloop
endfacet
facet normal 0 0 -1
outer loop
vertex 97.7625 -126.05 0
vertex 164.4375 -131.1 0
vertex 159.3875 -131.1 0
endloop
endfacet
facet normal 0 0 -1
outer loop
vertex 97.7625 -126.05 0
vertex 159.3875 -131.1 0
vertex 154.3875 -131.1 0
endloop
endfacet
facet normal 0 0 -1
outer loop
vertex 97.7625 -126.05 0
vertex 154.3875 -131.1 0
vertex 150.3875 -131.1 0
endloop
endfacet
facet normal 0 0 -1
outer loop
vertex 97.7625 -126.05 0
vertex 150.3875 -131.1 0
vertex 145.3875 -131.1 0
endloop
endfacet
facet normal 0 0 -1
outer loop
vertex 97.7625 -126.05 0
vertex 145.3875 -131.1 0
vertex 140.3375 -131.1 0
endloop
endfacet
facet normal 0 0 -1
outer loop
vertex 97.7625 -126.05 0
vertex 140.3375 -131.1 0
vertex 135.3375 -131.1 0
endloop
endfacet
facet normal 0 0 -1
outer loop
vertex 97.7625 -126.05 0
vertex 135.3375 -131.1 0
vertex 131.3375 -131.1 0
endloop
endfacet
facet normal 0 0 -1
outer loop
vertex 97.7625 -126.05 0
vertex 131.3375 -131.1 0
vertex 126.3375 -131.1 0
endloop
endfacet
facet normal 0 0 -1
outer loop
vertex 97.7625 -126.05 0
vertex 126.3375 -131.1 0
vertex 87.9897471860137 -131.1 0
endloop
endfacet
facet normal 0 0 -1
outer loop
vertex 97.7625 -126.05 0
vertex 87.9897471860137 -131.1 0
vertex 87.99049852554658 -126.05 0
endloop
endfacet
facet normal 0 0 -1
outer loop
vertex 135.3375 -131.1 0
vertex 135.3375 -131.35 0
vertex 131.3375 -131.35 0
endloop
endfacet
facet normal 0 0 -1
outer loop
vertex 135.3375 -131.1 0
vertex 131.3375 -131.35 0
vertex 131.3375 -131.1 0
endloop
endfacet
facet normal 0 0 -1
outer loop
vertex 154.3875 -131.1 0
vertex 154.3875 -131.35 0
vertex 150.3875 -131.35 0
endloop
endfacet
facet normal 0 0 -1
outer loop
vertex 154.3875 -131.1 0
vertex 150.3875 -131.35 0
vertex 150.3875 -131.1 0
endloop
endfacet
facet normal 0 0 -1
outer loop
vertex 173.4375 -131.1 0
vertex 173.4375 -131.35 0
vertex 169.4375 -131.35 0
endloop
endfacet
facet normal 0 0 -1
outer loop
vertex 173.4375 -131.1 0
vertex 169.4375 -131.35 0
vertex 169.4375 -131.1 0
endloop
endfacet
facet normal 0 0 -1
outer loop
vertex 192.4875 -131.1 0
vertex 192.4875 -131.35 0
vertex 188.4875 -131.35 0
endloop
endfacet
facet normal 0 0 -1
outer loop
vertex 192.4875 -131.1 0
vertex 188.4875 -131.35 0
vertex 188.4875 -131.1 0
endloop
endfacet
facet normal 0 0 -1
outer loop
vertex 211.5375 -131.1 0
vertex 211.5375 -131.35 0
vertex 207.5375 -131.35 0
endloop
endfacet
facet normal 0 0 -1
outer loop
vertex 211.5375 -131.1 0
vertex 207.5375 -131.35 0
vertex 207.5375 -131.1 0
endloop
endfacet
facet normal 0 0 -1
outer loop
vertex 230.5875 -131.1 0
vertex 230.5875 -131.35 0
vertex 226.5875 -131.35 0
endloop
endfacet
facet normal 0 0 -1
outer loop
vertex 230.5875 -131.1 0
vertex 226.5875 -131.35 0
vertex 226.5875 -131.1 0
endloop
endfacet
facet normal 0 0 -1
outer loop
vertex 126.3375 -131.1 0
vertex 126.3375 -136.5 0
vertex 112.50000000000014 -136.5 0
endloop
endfacet
facet normal 0 0 -1
outer loop
vertex 126.3375 -131.1 0
vertex 112.50000000000014 -136.5 0
vertex 87.98894377344389 -136.5 0
endloop
endfacet
facet normal 0 0 -1
outer loop
vertex 126.3375 -131.1 0
vertex 87.98894377344389 -136.5 0
vertex 87.9897471860137 -131.1 0
endloop
endfacet
facet normal 0 0 -1
outer loop
vertex 112.50000000000014 -136.5 0
vertex 112.28540064578269 -136.52113619155642 0
vertex 87.98894062879907 -136.52113619155642 0
endloop
endfacet
facet normal 0 0 -1
outer loop
vertex 112.50000000000014 -136.5 0
vertex 87.98894062879907 -136.52113619155642 0
vertex 87.98894377344389 -136.5 0
endloop
endfacet
facet normal 0 0 -1
outer loop
vertex 126.3375 -136.5 0
vertex 126.3375 -136.52113619155642 0
vertex 112.7145993542176 -136.52113619155642 0
endloop
endfacet
facet normal 0 0 -1
outer loop
vertex 126.3375 -136.5 0
vertex 112.7145993542176 -136.52113619155642 0
vertex 112.50000000000014 -136.5 0
endloop
endfacet
facet normal 0 0 -1
outer loop
vertex 112.28540064578269 -136.52113619155642 0
vertex 112.07904822439819 -136.5837325142376 0
vertex 87.98893131571158 -136.5837325142376 0
endloop
endfacet
facet normal 0 0 -1
outer loop
vertex 112.28540064578269 -136.52113619155642 0
vertex 87.98893131571158 -136.5837325142376 0
vertex 87.98894062879907 -136.52113619155642 0
endloop
endfacet
facet normal 0 0 -1
outer loop
vertex 126.3375 -136.52113619155642 0
vertex 126.3375 -136.5837325142376 0
vertex 112.92095177560162 -136.5837325142376 0
endloop
endfacet
facet normal 0 0 -1
outer loop
vertex 126.3375 -136.52113619155642 0
vertex 112.92095177560162 -136.5837325142376 0
vertex 112.7145993542176 -136.52113619155642 0
endloop
endfacet
facet normal 0 0 -1
outer loop
vertex 112.07904822439819 -136.5837325142376 0
vertex 111.88887274367848 -136.68538342646718 0
vertex 87.98891619207814 -136.68538342646718 0
endloop
endfacet
facet normal 0 0 -1
outer loop
vertex 112.07904822439819 -136.5837325142376 0
vertex 87.98891619207814 -136.68538342646718 0
vertex 87.98893131571158 -136.5837325142376 0
endloop
endfacet
facet normal 0 0 -1
outer loop
vertex 126.3375 -136.5837325142376 0
vertex 126.3375 -136.68538342646718 0
vertex 113.11112725632157 -136.68538342646718 0
endloop
endfacet
facet normal 0 0 -1
outer loop
vertex 126.3375 -136.5837325142376 0
vertex 113.11112725632157 -136.68538342646718 0
vertex 112.92095177560162 -136.5837325142376 0
endloop
endfacet
facet normal 0 0 -1
outer loop
vertex 111.88887274367848 -136.68538342646718 0
vertex 111.72218254069476 -136.82218254069477 0
vertex 87.98889583909148 -136.82218254069477 0
endloop
endfacet
facet normal 0 0 -1
outer loop
vertex 111.88887274367848 -136.68538342646718 0
vertex 87.98889583909148 -136.82218254069477 0
vertex 87.98891619207814 -136.68538342646718 0
endloop
endfacet
facet normal 0 0 -1
outer loop
vertex 126.3375 -136.68538342646718 0
vertex 126.3375 -136.82218254069477 0
vertex 113.27781745930515 -136.82218254069477 0
endloop
endfacet
facet normal 0 0 -1
outer loop
vertex 126.3375 -136.68538342646718 0
vertex 113.27781745930515 -136.82218254069477 0
vertex 113.11112725632157 -136.68538342646718 0
endloop
endfacet
facet normal 0 0 -1
outer loop
vertex 111.72218254069476 -136.82218254069477 0
vertex 111.58538342646725 -136.98887274367848 0
vertex 87.9888710389055 -136.98887274367848 0
endloop
endfacet
facet normal 0 0 -1
outer loop
vertex 111.72218254069476 -136.82218254069477 0
vertex 87.9888710389055 -136.98887274367848 0
vertex 87.98889583909148 -136.82218254069477 0
endloop
endfacet
facet normal 0 0 -1
outer loop
vertex 126.3375 -136.82218254069477 0
vertex 126.3375 -136.98887274367848 0
vertex 113.41461657353283 -136.98887274367848 0
endloop
endfacet
facet normal 0 0 -1
outer loop
vertex 126.3375 -136.82218254069477 0
vertex 113.41461657353283 -136.98887274367848 0
vertex 113.27781745930515 -136.82218254069477 0
endloop
endfacet
facet normal 0 0 -1
outer loop
vertex 111.58538342646725 -136.98887274367848 0
vertex 111.48373251423764 -137.17904822439837 0
vertex 87.98884274457741 -137.17904822439837 0
endloop
endfacet
facet normal 0 0 -1
outer loop
vertex 111.58538342646725 -136.98887274367848 0
vertex 87.98884274457741 -137.17904822439837 0
vertex 87.9888710389055 -136.98887274367848 0
endloop
endfacet
facet normal 0 0 -1
outer loop
vertex 126.3375 -136.98887274367848 0
vertex 126.3375 -137.17904822439837 0
vertex 113.5162674857624 -137.17904822439837 0
endloop
endfacet
facet normal 0 0 -1
outer loop
vertex 126.3375 -136.98887274367848 0
vertex 113.5162674857624 -137.17904822439837 0
vertex 113.41461657353283 -136.98887274367848 0
endloop
endfacet
facet normal 0 0 -1
outer loop
vertex 111.48373251423764 -137.17904822439837 0
vertex 111.42113619155639 -137.38540064578225 0
vertex 87.98881204344238 -137.38540064578225 0
endloop
endfacet
facet normal 0 0 -1
outer loop
vertex 111.48373251423764 -137.17904822439837 0
vertex 87.98881204344238 -137.38540064578225 0
vertex 87.98884274457741 -137.17904822439837 0
endloop
endfacet
facet normal 0 0 -1
outer loop
vertex 126.3375 -137.17904822439837 0
vertex 126.3375 -137.38540064578225 0
vertex 113.57886380844356 -137.38540064578225 0
endloop
endfacet
facet normal 0 0 -1
outer loop
vertex 126.3375 -137.17904822439837 0
vertex 113.57886380844356 -137.38540064578225 0
vertex 113.5162674857624 -137.17904822439837 0
endloop
endfacet
facet normal 0 0 -1
outer loop
vertex 111.42113619155639 -137.38540064578225 0
vertex 111.40000000000002 -137.59999999999997 0
vertex 87.98878011532781 -137.59999999999997 0
endloop
endfacet
facet normal 0 0 -1
outer loop
vertex 111.42113619155639 -137.38540064578225 0
vertex 87.98878011532781 -137.59999999999997 0
vertex 87.98881204344238 -137.38540064578225 0
endloop
endfacet
facet normal 0 0 -1
outer loop
vertex 126.3375 -137.38540064578225 0
vertex 126.3375 -137.59999999999997 0
vertex 113.6 -137.59999999999997 0
endloop
endfacet
facet normal 0 0 -1
outer loop
vertex 126.3375 -137.38540064578225 0
vertex 113.6 -137.59999999999997 0
vertex 113.57886380844356 -137.38540064578225 0
endloop
endfacet
facet normal 0 0 -1
outer loop
vertex 111.40000000000002 -137.59999999999997 0
vertex 111.42113619155646 -137.8145993542178 0
vertex 87.98874818721325 -137.8145993542178 0
endloop
endfacet
facet normal 0 0 -1
outer loop
vertex 111.40000000000002 -137.59999999999997 0
vertex 87.98874818721325 -137.8145993542178 0
vertex 87.98878011532781 -137.59999999999997 0
endloop
endfacet
facet normal 0 0 -1
outer loop
vertex 126.3375 -137.59999999999997 0
vertex 126.3375 -137.8145993542178 0
vertex 113.57886380844354 -137.8145993542178 0
endloop
endfacet
facet normal 0 0 -1
outer loop
vertex 126.3375 -137.59999999999997 0
vertex 113.57886380844354 -137.8145993542178 0
vertex 113.6 -137.59999999999997 0
endloop
endfacet
facet normal 0 0 -1
outer loop
vertex 111.42113619155646 -137.8145993542178 0
vertex 111.48373251423753 -138.02095177560147 0
vertex 87.98871748607822 -138.02095177560147 0
endloop
endfacet
facet normal 0 0 -1
outer loop
vertex 111.42113619155646 -137.8145993542178 0
vertex 87.98871748607822 -138.02095177560147 0
vertex 87.98874818721325 -137.8145993542178 0
endloop
endfacet
facet normal 0 0 -1
outer loop
vertex 126.3375 -137.8145993542178 0
vertex 126.3375 -138.02095177560147 0
vertex 113.51626748576241 -138.02095177560147 0
endloop
endfacet
facet normal 0 0 -1
outer loop
vertex 126.3375 -137.8145993542178 0
vertex 113.51626748576241 -138.02095177560147 0
vertex 113.57886380844354 -137.8145993542178 0
endloop
endfacet
facet normal 0 0 -1
outer loop
vertex 111.48373251423753 -138.02095177560147 0
vertex 111.58538342646722 -138.21112725632156 0
vertex 87.98868919175013 -138.21112725632156 0
endloop
endfacet
facet normal 0 0 -1
outer loop
vertex 111.48373251423753 -138.02095177560147 0
vertex 87.98868919175013 -138.21112725632156 0
vertex 87.98871748607822 -138.02095177560147 0
endloop
endfacet
facet normal 0 0 -1
outer loop
vertex 126.3375 -138.02095177560147 0
vertex 126.3375 -138.21112725632156 0
vertex 113.41461657353277 -138.21112725632156 0
endloop
endfacet
facet normal 0 0 -1
outer loop
vertex 126.3375 -138.02095177560147 0
vertex 113.41461657353277 -138.21112725632156 0
vertex 113.51626748576241 -138.02095177560147 0
endloop
endfacet
facet normal 0 0 -1
outer loop
vertex 111.58538342646722 -138.21112725632156 0
vertex 111.72218254069483 -138.37781745930522 0
vertex 87.98866439156414 -138.37781745930522 0
endloop
endfacet
facet normal 0 0 -1
outer loop
vertex 111.58538342646722 -138.21112725632156 0
vertex 87.98866439156414 -138.37781745930522 0
vertex 87.98868919175013 -138.21112725632156 0
endloop
endfacet
facet normal 0 0 -1
outer loop
vertex 126.3375 -138.21112725632156 0
vertex 126.3375 -138.37781745930522 0
vertex 113.2778174593052 -138.37781745930522 0
endloop
endfacet
facet normal 0 0 -1
outer loop
vertex 126.3375 -138.21112725632156 0
vertex 113.2778174593052 -138.37781745930522 0
vertex 113.41461657353277 -138.21112725632156 0
endloop
endfacet
facet normal 0 0 -1
outer loop
vertex 111.72218254069483 -138.37781745930522 0
vertex 111.8888727436784 -138.51461657353278 0
vertex 87.98864403857749 -138.51461657353278 0
endloop
endfacet
facet normal 0 0 -1
outer loop
vertex 111.72218254069483 -138.37781745930522 0
vertex 87.98864403857749 -138.51461657353278 0
vertex 87.98866439156414 -138.37781745930522 0
endloop
endfacet
facet normal 0 0 -1
outer loop
vertex 126.3375 -138.37781745930522 0
vertex 126.3375 -138.51461657353278 0
vertex 113.11112725632148 -138.51461657353278 0
endloop
endfacet
facet normal 0 0 -1
outer loop
vertex 126.3375 -138.37781745930522 0
vertex 113.11112725632148 -138.51461657353278 0
vertex 113.2778174593052 -138.37781745930522 0
endloop
endfacet
facet normal 0 0 -1
outer loop
vertex 111.8888727436784 -138.51461657353278 0
vertex 112.07904822439833 -138.61626748576236 0
vertex 87.98862891494404 -138.61626748576236 0
endloop
endfacet
facet normal 0 0 -1
outer loop
vertex 111.8888727436784 -138.51461657353278 0
vertex 87.98862891494404 -138.61626748576236 0
vertex 87.98864403857749 -138.51461657353278 0
endloop
endfacet
facet normal 0 0 -1
outer loop
vertex 126.3375 -138.51461657353278 0
vertex 126.3375 -138.61626748576236 0
vertex 112.92095177560158 -138.61626748576236 0
endloop
endfacet
facet normal 0 0 -1
outer loop
vertex 126.3375 -138.51461657353278 0
vertex 112.92095177560158 -138.61626748576236 0
vertex 113.11112725632148 -138.51461657353278 0
endloop
endfacet
facet normal 0 0 -1
outer loop
vertex 112.07904822439833 -138.61626748576236 0
vertex 112.28540064578237 -138.67886380844354 0
vertex 87.98861960185656 -138.67886380844354 0
endloop
endfacet
facet normal 0 0 -1
outer loop
vertex 112.07904822439833 -138.61626748576236 0
vertex 87.98861960185656 -138.67886380844354 0
vertex 87.98862891494404 -138.61626748576236 0
endloop
endfacet
facet normal 0 0 -1
outer loop
vertex 126.3375 -138.61626748576236 0
vertex 126.3375 -138.67886380844354 0
vertex 112.71459935421775 -138.67886380844354 0
endloop
endfacet
facet normal 0 0 -1
outer loop
vertex 126.3375 -138.61626748576236 0
vertex 112.71459935421775 -138.67886380844354 0
vertex 112.92095177560158 -138.61626748576236 0
endloop
endfacet
facet normal 0 0 -1
outer loop
vertex 112.28540064578237 -138.67886380844354 0
vertex 112.50000000000011 -138.7 0
vertex 87.98861645721173 -138.7 0
endloop
endfacet
facet normal 0 0 -1
outer loop
vertex 112.28540064578237 -138.67886380844354 0
vertex 87.98861645721173 -138.7 0
vertex 87.98861960185656 -138.67886380844354 0
endloop
endfacet
facet normal 0 0 -1
outer loop
vertex 126.3375 -138.67886380844354 0
vertex 126.3375 -138.7 0
vertex 112.50000000000011 -138.7 0
endloop
endfacet
facet normal 0 0 -1
outer loop
vertex 126.3375 -138.67886380844354 0
vertex 112.50000000000011 -138.7 0
vertex 112.71459935421775 -138.67886380844354 0
endloop
endfacet
facet normal 0 0 -1
outer loop
vertex 112.50000000000011 -138.7 0
vertex 126.3375 -138.7 0
vertex 126.3375 -145.1 0
endloop
endfacet
facet normal 0 0 -1
outer loop
vertex 112.50000000000011 -138.7 0
vertex 126.3375 -145.1 0
vertex 87.98766426453642 -145.1 0
endloop
endfacet
facet normal 0 0 -1
outer loop
vertex 112.50000000000011 -138.7 0
vertex 87.98766426453642 -145.1 0
vertex 87.98861645721173 -138.7 0
endloop
endfacet
facet normal 0 0 -1
outer loop
vertex 135.3375 -144.85 0
vertex 135.3375 -145.1 0
vertex 131.3375 -145.1 0
endloop
endfacet
facet normal 0 0 -1
outer loop
vertex 135.3375 -144.85 0
vertex 131.3375 -145.1 0
vertex 131.3375 -144.85 0
endloop
endfacet
facet normal 0 0 -1
outer loop
vertex 145.3875 -131.1 0
vertex 145.3875 -145.1 0
vertex 140.3375 -145.1 0
endloop
endfacet
facet normal 0 0 -1
outer loop
vertex 145.3875 -131.1 0
vertex 140.3375 -145.1 0
vertex 140.3375 -131.1 0
endloop
endfacet
facet normal 0 0 -1
outer loop
vertex 154.3875 -144.85 0
vertex 154.3875 -145.1 0
vertex 150.3875 -145.1 0
endloop
endfacet
facet normal 0 0 -1
outer loop
vertex 154.3875 -144.85 0
vertex 150.3875 -145.1 0
vertex 150.3875 -144.85 0
endloop
endfacet
facet normal 0 0 -1
outer loop
vertex 164.4375 -131.1 0
vertex 164.4375 -145.1 0
vertex 159.3875 -145.1 0
endloop
endfacet
facet normal 0 0 -1
outer loop
vertex 164.4375 -131.1 0
vertex 159.3875 -145.1 0
vertex 159.3875 -131.1 0
endloop
endfacet
facet normal 0 0 -1
outer loop
vertex 173.4375 -144.85 0
vertex 173.4375 -145.1 0
vertex 169.4375 -145.1 0
endloop
endfacet
facet normal 0 0 -1
outer loop
vertex 173.4375 -144.85 0
vertex 169.4375 -145.1 0
vertex 169.4375 -144.85 0
endloop
endfacet
facet normal 0 0 -1
outer loop
vertex 183.4875 -131.1 0
vertex 183.4875 -145.1 0
vertex 178.4375 -145.1 0
endloop
endfacet
facet normal 0 0 -1
outer loop
vertex 183.4875 -131.1 0
vertex 178.4375 -145.1 0
vertex 178.4375 -131.1 0
endloop
endfacet
facet normal 0 0 -1
outer loop
vertex 192.4875 -144.85 0
vertex 192.4875 -145.1 0
vertex 188.4875 -145.1 0
endloop
endfacet
facet normal 0 0 -1
outer loop
vertex 192.4875 -144.85 0
vertex 188.4875 -145.1 0
vertex 188.4875 -144.85 0
endloop
endfacet
facet normal 0 0 -1
outer loop
vertex 202.5375 -131.1 0
vertex 202.5375 -145.1 0
vertex 197.4875 -145.1 0
endloop
endfacet
facet normal 0 0 -1
outer loop
vertex 202.5375 -131.1 0
vertex 197.4875 -145.1 0
vertex 197.4875 -131.1 0
endloop
endfacet
facet normal 0 0 -1
outer loop
vertex 211.5375 -144.85 0
vertex 211.5375 -145.1 0
vertex 207.5375 -145.1 0
endloop
endfacet
facet normal 0 0 -1
outer loop
vertex 211.5375 -144.85 0
vertex 207.5375 -145.1 0
vertex 207.5375 -144.85 0
endloop
endfacet
facet normal 0 0 -1
outer loop
vertex 221.5875 -131.1 0
vertex 221.5875 -145.1 0
vertex 216.5375 -145.1 0
endloop
endfacet
facet normal 0 0 -1
outer loop
vertex 221.5875 -131.1 0
vertex 216.5375 -145.1 0
vertex 216.5375 -131.1 0
endloop
endfacet
facet normal 0 0 -1
outer loop
vertex 230.5875 -144.85 0
vertex 230.5875 -145.1 0
vertex 226.5875 -145.1 0
endloop
endfacet
facet normal 0 0 -1
outer loop
vertex 230.5875 -144.85 0
vertex 226.5875 -145.1 0
vertex 226.5875 -144.85 0
endloop
endfacet
facet normal 0 0 -1
outer loop
vertex 241.9023313273007 -131.1 0
vertex 241.7905075471617 -145.1 0
vertex 235.5875 -145.1 0
endloop
endfacet
facet normal 0 0 -1
outer loop
vertex 241.9023313273007 -131.1 0
vertex 235.5875 -145.1 0
vertex 235.5875 -131.1 0
endloop
endfacet
facet normal 0 0 -1
outer loop
vertex 126.3375 -145.1 0
vertex 131.3375 -145.1 0
vertex 135.3375 -145.1 0
endloop
endfacet
facet normal 0 0 -1
outer loop
vertex 126.3375 -145.1 0
vertex 135.3375 -145.1 0
vertex 140.3375 -145.1 0
endloop
endfacet
facet normal 0 0 -1
outer loop
vertex 126.3375 -145.1 0
vertex 140.3375 -145.1 0
vertex 145.3875 -145.1 0
endloop
endfacet
facet normal 0 0 -1
outer loop
vertex 126.3375 -145.1 0
vertex 145.3875 -145.1 0
vertex 150.3875 -145.1 0
endloop
endfacet
facet normal 0 0 -1
outer loop
vertex 126.3375 -145.1 0
vertex 150.3875 -145.1 0
vertex 154.3875 -145.1 0
endloop
endfacet
facet normal 0 0 -1
outer loop
vertex 126.3375 -145.1 0
vertex 154.3875 -145.1 0
vertex 159.3875 -145.1 0
endloop
endfacet
facet normal 0 0 -1
outer loop
vertex 126.3375 -145.1 0
vertex 159.3875 -145.1 0
vertex 164.4375 -145.1 0
endloop
endfacet
facet normal 0 0 -1
outer loop
vertex 126.3375 -145.1 0
vertex 164.4375 -145.1 0
vertex 169.4375 -145.1 0
endloop
endfacet
facet normal 0 0 -1
outer loop
vertex 126.3375 -145.1 0
vertex 169.4375 -145.1 0
vertex 173.4375 -145.1 0
endloop
endfacet
facet normal 0 0 -1
outer loop
vertex 126.3375 -145.1 0
vertex 173.4375 -145.1 0
vertex 178.4375 -145.1 0
endloop
endfacet
facet normal 0 0 -1
outer loop
vertex 126.3375 -145.1 0
vertex 178.4375 -145.1 0
vertex 183.4875 -145.1 0
endloop
endfacet
facet normal 0 0 -1
outer loop
vertex 126.3375 -145.1 0
vertex 183.4875 -145.1 0
vertex 188.4875 -145.1 0
endloop
endfacet
facet normal 0 0 -1
outer loop
vertex 126.3375 -145.1 0
vertex 188.4875 -145.1 0
vertex 192.4875 -145.1 0
endloop
endfacet
facet normal 0 0 -1
outer loop
vertex 126.3375 -145.1 0
vertex 192.4875 -145.1 0
vertex 197.4875 -145.1 0
endloop
endfacet
facet normal 0 0 -1
outer loop
vertex 126.3375 -145.1 0
vertex 197.4875 -145.1 0
vertex 202.5375 -145.1 0
endloop
endfacet
facet normal 0 0 -1
outer loop
vertex 126.3375 -145.1 0
vertex 202.5375 -145.1 0
vertex 207.5375 -145.1 0
endloop
endfacet
facet normal 0 0 -1
outer loop
vertex 126.3375 -145.1 0
vertex 207.5375 -145.1 0
vertex 211.5375 -145.1 0
endloop
endfacet
facet normal 0 0 -1
outer loop
vertex 126.3375 -145.1 0
vertex 211.5375 -145.1 0
vertex 216.5375 -145.1 0
endloop
endfacet
facet normal 0 0 -1
outer loop
vertex 126.3375 -145.1 0
vertex 216.5375 -145.1 0
vertex 221.5875 -145.1 0
endloop
endfacet
facet normal 0 0 -1
outer loop
vertex 126.3375 -145.1 0
vertex 221.5875 -145.1 0
vertex 226.5875 -145.1 0
endloop
endfacet
facet normal 0 0 -1
outer loop
vertex 126.3375 -145.1 0
vertex 226.5875 -145.1 0
vertex 230.5875 -145.1 0
endloop
endfacet
facet normal 0 0 -1
outer loop
vertex 126.3375 -145.1 0
vertex 230.5875 -145.1 0
vertex 235.5875 -145.1 0
endloop
endfacet
facet normal 0 0 -1
outer loop
vertex 126.3375 -145.1 0
vertex 235.5875 -145.1 0
vertex 241.7905075471617 -145.1 0
endloop
endfacet
facet normal 0 0 -1
outer loop
vertex 126.3375 -145.1 0
vertex 241.7905075471617 -145.1 0
vertex 241.75017111218298 -150.15 0
endloop
endfacet
facet normal 0 0 -1
outer loop
vertex 126.3375 -145.1 0
vertex 241.75017111218298 -150.15 0
vertex 226.0625 -150.15 0
endloop
endfacet
facet normal 0 0 -1
outer loop
vertex 126.3375 -145.1 0
vertex 226.0625 -150.15 0
vertex 221.0625 -150.15 0
endloop
endfacet
facet normal 0 0 -1
outer loop
vertex 126.3375 -145.1 0
vertex 221.0625 -150.15 0
vertex 217.0625 -150.15 0
endloop
endfacet
facet normal 0 0 -1
outer loop
vertex 126.3375 -145.1 0
vertex 217.0625 -150.15 0
vertex 212.0625 -150.15 0
endloop
endfacet
facet normal 0 0 -1
outer loop
vertex 126.3375 -145.1 0
vertex 212.0625 -150.15 0
vertex 207.0125 -150.15 0
endloop
endfacet
facet normal 0 0 -1
outer loop
vertex 126.3375 -145.1 0
vertex 207.0125 -150.15 0
vertex 202.0125 -150.15 0
endloop
endfacet
facet normal 0 0 -1
outer loop
vertex 126.3375 -145.1 0
vertex 202.0125 -150.15 0
vertex 198.0125 -150.15 0
endloop
endfacet
facet normal 0 0 -1
outer loop
vertex 126.3375 -145.1 0
vertex 198.0125 -150.15 0
vertex 193.0125 -150.15 0
endloop
endfacet
facet normal 0 0 -1
outer loop
vertex 126.3375 -145.1 0
vertex 193.0125 -150.15 0
vertex 187.9625 -150.15 0
endloop
endfacet
facet normal 0 0 -1
outer loop
vertex 126.3375 -145.1 0
vertex 187.9625 -150.15 0
vertex 182.9625 -150.15 0
endloop
endfacet
facet normal 0 0 -1
outer loop
vertex 126.3375 -145.1 0
vertex 182.9625 -150.15 0
vertex 178.9625 -150.15 0
endloop
endfacet
facet normal 0 0 -1
outer loop
vertex 126.3375 -145.1 0
vertex 178.9625 -150.15 0
vertex 173.9625 -150.15 0
endloop
endfacet
facet normal 0 0 -1
outer loop
vertex 126.3375 -145.1 0
vertex 173.9625 -150.15 0
vertex 168.9125 -150.15 0
endloop
endfacet
facet normal 0 0 -1
outer loop
vertex 126.3375 -145.1 0
vertex 168.9125 -150.15 0
vertex 163.9125 -150.15 0
endloop
endfacet
facet normal 0 0 -1
outer loop
vertex 126.3375 -145.1 0
vertex 163.9125 -150.15 0
vertex 159.9125 -150.15 0
endloop
endfacet
facet normal 0 0 -1
outer loop
vertex 126.3375 -145.1 0
vertex 159.9125 -150.15 0
vertex 154.9125 -150.15 0
endloop
endfacet
facet normal 0 0 -1
outer loop
vertex 126.3375 -145.1 0
vertex 154.9125 -150.15 0
vertex 149.8625 -150.15 0
endloop
endfacet
facet normal 0 0 -1
outer loop
vertex 126.3375 -145.1 0
vertex 149.8625 -150.15 0
vertex 144.8625 -150.15 0
endloop
endfacet
facet normal 0 0 -1
outer loop
vertex 126.3375 -145.1 0
vertex 144.8625 -150.15 0
vertex 140.8625 -150.15 0
endloop
endfacet
facet normal 0 0 -1
outer loop
vertex 126.3375 -145.1 0
vertex 140.8625 -150.15 0
vertex 135.8625 -150.15 0
endloop
endfacet
facet normal 0 0 -1
outer loop
vertex 126.3375 -145.1 0
vertex 135.8625 -150.15 0
vertex 130.8125 -150.15 0
endloop
endfacet
facet normal 0 0 -1
outer loop
vertex 126.3375 -145.1 0
vertex 130.8125 -150.15 0
vertex 125.8125 -150.15 0
endloop
endfacet
facet normal 0 0 -1
outer loop
vertex 126.3375 -145.1 0
vertex 125.8125 -150.15 0
vertex 121.8125 -150.15 0
endloop
endfacet
facet normal 0 0 -1
outer loop
vertex 126.3375 -145.1 0
vertex 121.8125 -150.15 0
vertex 116.8125 -150.15 0
endloop
endfacet
facet normal 0 0 -1
outer loop
vertex 126.3375 -145.1 0
vertex 116.8125 -150.15 0
vertex 109.38125 -150.15 0
endloop
endfacet
facet normal 0 0 -1
outer loop
vertex 126.3375 -145.1 0
vertex 109.38125 -150.15 0
vertex 104.38125 -150.15 0
endloop
endfacet
facet normal 0 0 -1
outer loop
vertex 126.3375 -145.1 0
vertex 104.38125 -150.15 0
vertex 100.38125 -150.15 0
endloop
endfacet
facet normal 0 0 -1
outer loop
vertex 126.3375 -145.1 0
vertex 100.38125 -150.15 0
vertex 95.38125 -150.15 0
endloop
endfacet
facet normal 0 0 -1
outer loop
vertex 126.3375 -145.1 0
vertex 95.38125 -150.15 0
vertex 87.98691292500354 -150.15 0
endloop
endfacet
facet normal 0 0 -1
outer loop
vertex 126.3375 -145.1 0
vertex 87.98691292500354 -150.15 0
vertex 87.98766426453642 -145.1 0
endloop
endfacet
facet normal 0 0 -1
outer loop
vertex 104.38125 -150.15 0
vertex 104.38125 -150.4 0
vertex 100.38125 -150.4 0
endloop
endfacet
facet normal 0 0 -1
outer loop
vertex 104.38125 -150.15 0
vertex 100.38125 -150.4 0
vertex 100.38125 -150.15 0
endloop
endfacet
facet normal 0 0 -1
outer loop
vertex 125.8125 -150.15 0
vertex 125.8125 -150.4 0
vertex 121.8125 -150.4 0
endloop
endfacet
facet normal 0 0 -1
outer loop
vertex 125.8125 -150.15 0
vertex 121.8125 -150.4 0
vertex 121.8125 -150.15 0
endloop
endfacet
facet normal 0 0 -1
outer loop
vertex 144.8625 -150.15 0
vertex 144.8625 -150.4 0
vertex 140.8625 -150.4 0
endloop
endfacet
facet normal 0 0 -1
outer loop
vertex 144.8625 -150.15 0
vertex 140.8625 -150.4 0
vertex 140.8625 -150.15 0
endloop
endfacet
facet normal 0 0 -1
outer loop
vertex 163.9125 -150.15 0
vertex 163.9125 -150.4 0
vertex 159.9125 -150.4 0
endloop
endfacet
facet normal 0 0 -1
outer loop
vertex 163.9125 -150.15 0
vertex 159.9125 -150.4 0
vertex 159.9125 -150.15 0
endloop
endfacet
facet normal 0 0 -1
outer loop
vertex 182.9625 -150.15 0
vertex 182.9625 -150.4 0
vertex 178.9625 -150.4 0
endloop
endfacet
facet normal 0 0 -1
outer loop
vertex 182.9625 -150.15 0
vertex 178.9625 -150.4 0
vertex 178.9625 -150.15 0
endloop
endfacet
facet normal 0 0 -1
outer loop
vertex 202.0125 -150.15 0
vertex 202.0125 -150.4 0
vertex 198.0125 -150.4 0
endloop
endfacet
facet normal 0 0 -1
outer loop
vertex 202.0125 -150.15 0
vertex 198.0125 -150.4 0
vertex 198.0125 -150.15 0
endloop
endfacet
facet normal 0 0 -1
outer loop
vertex 221.0625 -150.15 0
vertex 221.0625 -150.4 0
vertex 217.0625 -150.4 0
endloop
endfacet
facet normal 0 0 -1
outer loop
vertex 221.0625 -150.15 0
vertex 217.0625 -150.4 0
vertex 217.0625 -150.15 0
endloop
endfacet
facet normal 0 0 -1
outer loop
vertex 95.38125 -150.15 0
vertex 95.38125 -164.15 0
vertex 87.98483000352626 -164.15 0
endloop
endfacet
facet normal 0 0 -1
outer loop
vertex 95.38125 -150.15 0
vertex 87.98483000352626 -164.15 0
vertex 87.98691292500354 -150.15 0
endloop
endfacet
facet normal 0 0 -1
outer loop
vertex 104.38125 -163.9 0
vertex 104.38125 -164.15 0
vertex 100.38125 -164.15 0
endloop
endfacet
facet normal 0 0 -1
outer loop
vertex 104.38125 -163.9 0
vertex 100.38125 -164.15 0
vertex 100.38125 -163.9 0
endloop
endfacet
facet normal 0 0 -1
outer loop
vertex 116.8125 -150.15 0
vertex 116.8125 -164.15 0
vertex 109.38125 -164.15 0
endloop
endfacet
facet normal 0 0 -1
outer loop
vertex 116.8125 -150.15 0
vertex 109.38125 -164.15 0
vertex 109.38125 -150.15 0
endloop
endfacet
facet normal 0 0 -1
outer loop
vertex 125.8125 -163.9 0
vertex 125.8125 -164.15 0
vertex 121.8125 -164.15 0
endloop
endfacet
facet normal 0 0 -1
outer loop
vertex 125.8125 -163.9 0
vertex 121.8125 -164.15 0
vertex 121.8125 -163.9 0
endloop
endfacet
facet normal 0 0 -1
outer loop
vertex 135.8625 -150.15 0
vertex 135.8625 -164.15 0
vertex 130.8125 -164.15 0
endloop
endfacet
facet normal 0 0 -1
outer loop
vertex 135.8625 -150.15 0
vertex 130.8125 -164.15 0
vertex 130.8125 -150.15 0
endloop
endfacet
facet normal 0 0 -1
outer loop
vertex 144.8625 -163.9 0
vertex 144.8625 -164.15 0
vertex 140.8625 -164.15 0
endloop
endfacet
facet normal 0 0 -1
outer loop
vertex 144.8625 -163.9 0
vertex 140.8625 -164.15 0
vertex 140.8625 -163.9 0
endloop
endfacet
facet normal 0 0 -1
outer loop
vertex 154.9125 -150.15 0
vertex 154.9125 -164.15 0
vertex 149.8625 -164.15 0
endloop
endfacet
facet normal 0 0 -1
outer loop
vertex 154.9125 -150.15 0
vertex 149.8625 -164.15 0
vertex 149.8625 -150.15 0
endloop
endfacet
facet normal 0 0 -1
outer loop
vertex 163.9125 -163.9 0
vertex 163.9125 -164.15 0
vertex 159.9125 -164.15 0
endloop
endfacet
facet normal 0 0 -1
outer loop
vertex 163.9125 -163.9 0
vertex 159.9125 -164.15 0
vertex 159.9125 -163.9 0
endloop
endfacet
facet normal 0 0 -1
outer loop
vertex 173.9625 -150.15 0
vertex 173.9625 -164.15 0
vertex 168.9125 -164.15 0
endloop
endfacet
facet normal 0 0 -1
outer loop
vertex 173.9625 -150.15 0
vertex 168.9125 -164.15 0
vertex 168.9125 -150.15 0
endloop
endfacet
facet normal 0 0 -1
outer loop
vertex 182.9625 -163.9 0
vertex 182.9625 -164.15 0
vertex 178.9625 -164.15 0
endloop
endfacet
facet normal 0 0 -1
outer loop
vertex 182.9625 -163.9 0
vertex 178.9625 -164.15 0
vertex 178.9625 -163.9 0
endloop
endfacet
facet normal 0 0 -1
outer loop
vertex 193.0125 -150.15 0
vertex 193.0125 -164.15 0
vertex 187.9625 -164.15 0
endloop
endfacet
facet normal 0 0 -1
outer loop
vertex 193.0125 -150.15 0
vertex 187.9625 -164.15 0
vertex 187.9625 -150.15 0
endloop
endfacet
facet normal 0 0 -1
outer loop
vertex 202.0125 -163.9 0
vertex 202.0125 -164.15 0
vertex 198.0125 -164.15 0
endloop
endfacet
facet normal 0 0 -1
outer loop
vertex 202.0125 -163.9 0
vertex 198.0125 -164.15 0
vertex 198.0125 -163.9 0
endloop
endfacet
facet normal 0 0 -1
outer loop
vertex 212.0625 -150.15 0
vertex 212.0625 -164.15 0
vertex 207.0125 -164.15 0
endloop
endfacet
facet normal 0 0 -1
outer loop
vertex 212.0625 -150.15 0
vertex 207.0125 -164.15 0
vertex 207.0125 -150.15 0
endloop
endfacet
facet normal 0 0 -1
outer loop
vertex 221.0625 -163.9 0
vertex 221.0625 -164.15 0
vertex 217.0625 -164.15 0
endloop
endfacet
facet normal 0 0 -1
outer loop
vertex 221.0625 -163.9 0
vertex 217.0625 -164.15 0
vertex 217.0625 -163.9 0
endloop
endfacet
facet normal 0 0 -1
outer loop
vertex 241.75017111218298 -150.15 0
vertex 241.638347332044 -164.15 0
vertex 226.0625 -164.15 0
endloop
endfacet
facet normal 0 0 -1
outer loop
vertex 241.75017111218298 -150.15 0
vertex 226.0625 -164.15 0
vertex 226.0625 -150.15 0
endloop
endfacet
facet normal 0 0 -1
outer loop
vertex 95.38125 -164.15 0
vertex 100.38125 -164.15 0
vertex 104.38125 -164.15 0
endloop
endfacet
facet normal 0 0 -1
outer loop
vertex 95.38125 -164.15 0
vertex 104.38125 -164.15 0
vertex 109.38125 -164.15 0
endloop
endfacet
facet normal 0 0 -1
outer loop
vertex 95.38125 -164.15 0
vertex 109.38125 -164.15 0
vertex 116.8125 -164.15 0
endloop
endfacet
facet normal 0 0 -1
outer loop
vertex 95.38125 -164.15 0
vertex 116.8125 -164.15 0
vertex 121.8125 -164.15 0
endloop
endfacet
facet normal 0 0 -1
outer loop
vertex 95.38125 -164.15 0
vertex 121.8125 -164.15 0
vertex 125.8125 -164.15 0
endloop
endfacet
facet normal 0 0 -1
outer loop
vertex 95.38125 -164.15 0
vertex 125.8125 -164.15 0
vertex 130.8125 -164.15 0
endloop
endfacet
facet normal 0 0 -1
outer loop
vertex 95.38125 -164.15 0
vertex 130.8125 -164.15 0
vertex 135.8625 -164.15 0
endloop
endfacet
facet normal 0 0 -1
outer loop
vertex 95.38125 -164.15 0
vertex 135.8625 -164.15 0
vertex 140.8625 -164.15 0
endloop
endfacet
facet normal 0 0 -1
outer loop
vertex 95.38125 -164.15 0
vertex 140.8625 -164.15 0
vertex 144.8625 -164.15 0
endloop
endfacet
facet normal 0 0 -1
outer loop
vertex 95.38125 -164.15 0
vertex 144.8625 -164.15 0
vertex 149.8625 -164.15 0
endloop
endfacet
facet normal 0 0 -1
outer loop
vertex 95.38125 -164.15 0
vertex 149.8625 -164.15 0
vertex 154.9125 -164.15 0
endloop
endfacet
facet normal 0 0 -1
outer loop
vertex 95.38125 -164.15 0
vertex 154.9125 -164.15 0
vertex 159.9125 -164.15 0
endloop
endfacet
facet normal 0 0 -1
outer loop
vertex 95.38125 -164.15 0
vertex 159.9125 -164.15 0
vertex 163.9125 -164.15 0
endloop
endfacet
facet normal 0 0 -1
outer loop
vertex 95.38125 -164.15 0
vertex 163.9125 -164.15 0
vertex 168.9125 -164.15 0
endloop
endfacet
facet normal 0 0 -1
outer loop
vertex 95.38125 -164.15 0
vertex 168.9125 -164.15 0
vertex 173.9625 -164.15 0
endloop
endfacet
facet normal 0 0 -1
outer loop
vertex 95.38125 -164.15 0
vertex 173.9625 -164.15 0
vertex 178.9625 -164.15 0
endloop
endfacet
facet normal 0 0 -1
outer loop
vertex 95.38125 -164.15 0
vertex 178.9625 -164.15 0
vertex 182.9625 -164.15 0
endloop
endfacet
facet normal 0 0 -1
outer loop
vertex 95.38125 -164.15 0
vertex 182.9625 -164.15 0
vertex 187.9625 -164.15 0
endloop
endfacet
facet normal 0 0 -1
outer loop
vertex 95.38125 -164.15 0
vertex 187.9625 -164.15 0
vertex 193.0125 -164.15 0
endloop
endfacet
facet normal 0 0 -1
outer loop
vertex 95.38125 -164.15 0
vertex 193.0125 -164.15 0
vertex 198.0125 -164.15 0
endloop
endfacet
facet normal 0 0 -1
outer loop
vertex 95.38125 -164.15 0
vertex 198.0125 -164.15 0
vertex 202.0125 -164.15 0
endloop
endfacet
facet normal 0 0 -1
outer loop
vertex 95.38125 -164.15 0
vertex 202.0125 -164.15 0
vertex 207.0125 -164.15 0
endloop
endfacet
facet normal 0 0 -1
outer loop
vertex 95.38125 -164.15 0
vertex 207.0125 -164.15 0
vertex 212.0625 -164.15 0
endloop
endfacet
facet normal 0 0 -1
outer loop
vertex 95.38125 -164.15 0
vertex 212.0625 -164.15 0
vertex 217.0625 -164.15 0
endloop
endfacet
facet normal 0 0 -1
outer loop
vertex 95.38125 -164.15 0
vertex 217.0625 -164.15 0
vertex 221.0625 -164.15 0
endloop
endfacet
facet normal 0 0 -1
outer loop
vertex 95.38125 -164.15 0
vertex 221.0625 -164.15 0
vertex 226.0625 -164.15 0
endloop
endfacet
facet normal 0 0 -1
outer loop
vertex 95.38125 -164.15 0
vertex 226.0625 -164.15 0
vertex 241.638347332044 -164.15 0
endloop
endfacet
facet normal 0 0 -1
outer loop
vertex 95.38125 -164.15 0
vertex 241.638347332044 -164.15 0
vertex 241.60040712092544 -168.89999999999998 0
endloop
endfacet
facet normal 0 0 -1
outer loop
vertex 95.38125 -164.15 0
vertex 241.60040712092544 -168.89999999999998 0
vertex 225.00000000000017 -168.89999999999998 0
endloop
endfacet
facet normal 0 0 -1
outer loop
vertex 95.38125 -164.15 0
vertex 225.00000000000017 -168.89999999999998 0
vertex 182.50000000000023 -168.89999999999998 0
endloop
endfacet
facet normal 0 0 -1
outer loop
vertex 95.38125 -164.15 0
vertex 182.50000000000023 -168.89999999999998 0
vertex 142.50000000000003 -168.89999999999998 0
endloop
endfacet
facet normal 0 0 -1
outer loop
vertex 95.38125 -164.15 0
vertex 142.50000000000003 -168.89999999999998 0
vertex 87.98412329802504 -168.89999999999998 0
endloop
endfacet
facet normal 0 0 -1
outer loop
vertex 95.38125 -164.15 0
vertex 87.98412329802504 -168.89999999999998 0
vertex 87.98483000352626 -164.15 0
endloop
endfacet
facet normal 0 0 -1
outer loop
vertex 142.50000000000003 -168.89999999999998 0
vertex 142.2854006457823 -168.92113619155643 0
vertex 87.98412015338023 -168.92113619155643 0
endloop
endfacet
facet normal 0 0 -1
outer loop
vertex 142.50000000000003 -168.89999999999998 0
vertex 87.98412015338023 -168.92113619155643 0
vertex 87.98412329802504 -168.89999999999998 0
endloop
endfacet
facet normal 0 0 -1
outer loop
vertex 182.50000000000023 -168.89999999999998 0
vertex 182.2854006457825 -168.92113619155643 0
vertex 142.71459935421763 -168.92113619155643 0
endloop
endfacet
facet normal 0 0 -1
outer loop
vertex 182.50000000000023 -168.89999999999998 0
vertex 142.71459935421763 -168.92113619155643 0
vertex 142.50000000000003 -168.89999999999998 0
endloop
endfacet
facet normal 0 0 -1
outer loop
vertex 225.00000000000017 -168.89999999999998 0
vertex 224.78540064578243 -168.92113619155643 0
vertex 182.71459935421768 -168.92113619155643 0
endloop
endfacet
facet normal 0 0 -1
outer loop
vertex 225.00000000000017 -168.89999999999998 0
vertex 182.71459935421768 -168.92113619155643 0
vertex 182.50000000000023 -168.89999999999998 0
endloop
endfacet
facet normal 0 0 -1
outer loop
vertex 241.60040712092544 -168.89999999999998 0
vertex 241.60023829743702 -168.92113619155643 0
vertex 225.21459935421763 -168.92113619155643 0
endloop
endfacet
facet normal 0 0 -1
outer loop
vertex 241.60040712092544 -168.89999999999998 0
vertex 225.21459935421763 -168.92113619155643 0
vertex 225.00000000000017 -168.89999999999998 0
endloop
endfacet
facet normal 0 0 -1
outer loop
vertex 142.2854006457823 -168.92113619155643 0
vertex 142.07904822439838 -168.9837325142376 0
vertex 87.98411084029273 -168.9837325142376 0
endloop
endfacet
facet normal 0 0 -1
outer loop
vertex 142.2854006457823 -168.92113619155643 0
vertex 87.98411084029273 -168.9837325142376 0
vertex 87.98412015338023 -168.92113619155643 0
endloop
endfacet
facet normal 0 0 -1
outer loop
vertex 182.2854006457825 -168.92113619155643 0
vertex 182.0790482243983 -168.9837325142376 0
vertex 142.92095177560165 -168.9837325142376 0
endloop
endfacet
facet normal 0 0 -1
outer loop
vertex 182.2854006457825 -168.92113619155643 0
vertex 142.92095177560165 -168.9837325142376 0
vertex 142.71459935421763 -168.92113619155643 0
endloop
endfacet
facet normal 0 0 -1
outer loop
vertex 224.78540064578243 -168.92113619155643 0
vertex 224.57904822439826 -168.9837325142376 0
vertex 182.9209517756017 -168.9837325142376 0
endloop
endfacet
facet normal 0 0 -1
outer loop
vertex 224.78540064578243 -168.92113619155643 0
vertex 182.9209517756017 -168.9837325142376 0
vertex 182.71459935421768 -168.92113619155643 0
endloop
endfacet
facet normal 0 0 -1
outer loop
vertex 241.60023829743702 -168.92113619155643 0
vertex 241.5997383147638 -168.9837325142376 0
vertex 225.42095177560165 -168.9837325142376 0
endloop
endfacet
facet normal 0 0 -1
outer loop
vertex 241.60023829743702 -168.92113619155643 0
vertex 225.42095177560165 -168.9837325142376 0
vertex 225.21459935421763 -168.92113619155643 0
endloop
endfacet
facet normal 0 0 -1
outer loop
vertex 142.07904822439838 -168.9837325142376 0
vertex 141.88887274367855 -169.08538342646716 0
vertex 87.98409571665928 -169.08538342646716 0
endloop
endfacet
facet normal 0 0 -1
outer loop
vertex 142.07904822439838 -168.9837325142376 0
vertex 87.98409571665928 -169.08538342646716 0
vertex 87.98411084029273 -168.9837325142376 0
endloop
endfacet
facet normal 0 0 -1
outer loop
vertex 182.0790482243983 -168.9837325142376 0
vertex 181.8888727436785 -169.08538342646716 0
vertex 143.11112725632154 -169.08538342646716 0
endloop
endfacet
facet normal 0 0 -1
outer loop
vertex 182.0790482243983 -168.9837325142376 0
vertex 143.11112725632154 -169.08538342646716 0
vertex 142.92095177560165 -168.9837325142376 0
endloop
endfacet
facet normal 0 0 -1
outer loop
vertex 224.57904822439826 -168.9837325142376 0
vertex 224.38887274367855 -169.08538342646716 0
vertex 183.1111272563214 -169.08538342646716 0
endloop
endfacet
facet normal 0 0 -1
outer loop
vertex 224.57904822439826 -168.9837325142376 0
vertex 183.1111272563214 -169.08538342646716 0
vertex 182.9209517756017 -168.9837325142376 0
endloop
endfacet
facet normal 0 0 -1
outer loop
vertex 241.5997383147638 -168.9837325142376 0
vertex 241.59892638695953 -169.08538342646716 0
vertex 225.61112725632154 -169.08538342646716 0
endloop
endfacet
facet normal 0 0 -1
outer loop
vertex 241.5997383147638 -168.9837325142376 0
vertex 225.61112725632154 -169.08538342646716 0
vertex 225.42095177560165 -168.9837325142376 0
endloop
endfacet
facet normal 0 0 -1
outer loop
vertex 141.88887274367855 -169.08538342646716 0
vertex 141.74921204473793 -169.2 0
vertex 133.19375 -169.2 0
endloop
endfacet
facet normal 0 0 -1
outer loop
vertex 141.88887274367855 -169.08538342646716 0
vertex 133.19375 -169.2 0
vertex 128.19375 -169.2 0
endloop
endfacet
facet normal 0 0 -1
outer loop
vertex 141.88887274367855 -169.08538342646716 0
vertex 128.19375 -169.2 0
vertex 124.19375 -169.2 0
endloop
endfacet
facet normal 0 0 -1
outer loop
vertex 141.88887274367855 -169.08538342646716 0
vertex 124.19375 -169.2 0
vertex 119.19375 -169.2 0
endloop
endfacet
facet normal 0 0 -1
outer loop
vertex 141.88887274367855 -169.08538342646716 0
vertex 119.19375 -169.2 0
vertex 109.38125 -169.2 0
endloop
endfacet
facet normal 0 0 -1
outer loop
vertex 141.88887274367855 -169.08538342646716 0
vertex 109.38125 -169.2 0
vertex 104.38125 -169.2 0
endloop
endfacet
facet normal 0 0 -1
outer loop
vertex 141.88887274367855 -169.08538342646716 0
vertex 104.38125 -169.2 0
vertex 100.38125 -169.2 0
endloop
endfacet
facet normal 0 0 -1
outer loop
vertex 141.88887274367855 -169.08538342646716 0
vertex 100.38125 -169.2 0
vertex 95.38125 -169.2 0
endloop
endfacet
facet normal 0 0 -1
outer loop
vertex 141.88887274367855 -169.08538342646716 0
vertex 95.38125 -169.2 0
vertex 87.98407866399337 -169.2 0
endloop
endfacet
facet normal 0 0 -1
outer loop
vertex 141.88887274367855 -169.08538342646716 0
vertex 87.98407866399337 -169.2 0
vertex 87.98409571665928 -169.08538342646716 0
endloop
endfacet
facet normal 0 0 -1
outer loop
vertex 181.8888727436785 -169.08538342646716 0
vertex 181.74921204473793 -169.2 0
vertex 166.53125 -169.2 0
endloop
endfacet
facet normal 0 0 -1
outer loop
vertex 181.8888727436785 -169.08538342646716 0
vertex 166.53125 -169.2 0
vertex 161.53125 -169.2 0
endloop
endfacet
facet normal 0 0 -1
outer loop
vertex 181.8888727436785 -169.08538342646716 0
vertex 161.53125 -169.2 0
vertex 157.53125 -169.2 0
endloop
endfacet
facet normal 0 0 -1
outer loop
vertex 181.8888727436785 -169.08538342646716 0
vertex 157.53125 -169.2 0
vertex 152.53125 -169.2 0
endloop
endfacet
facet normal 0 0 -1
outer loop
vertex 181.8888727436785 -169.08538342646716 0
vertex 152.53125 -169.2 0
vertex 143.25078795526207 -169.2 0
endloop
endfacet
facet normal 0 0 -1
outer loop
vertex 181.8888727436785 -169.08538342646716 0
vertex 143.25078795526207 -169.2 0
vertex 143.11112725632154 -169.08538342646716 0
endloop
endfacet
facet normal 0 0 -1
outer loop
vertex 224.38887274367855 -169.08538342646716 0
vertex 224.249212044738 -169.2 0
vertex 214.15625 -169.2 0
endloop
endfacet
facet normal 0 0 -1
outer loop
vertex 224.38887274367855 -169.08538342646716 0
vertex 214.15625 -169.2 0
vertex 209.15625 -169.2 0
endloop
endfacet
facet normal 0 0 -1
outer loop
vertex 224.38887274367855 -169.08538342646716 0
vertex 209.15625 -169.2 0
vertex 205.15625 -169.2 0
endloop
endfacet
facet normal 0 0 -1
outer loop
vertex 224.38887274367855 -169.08538342646716 0
vertex 205.15625 -169.2 0
vertex 200.15625 -169.2 0
endloop
endfacet
facet normal 0 0 -1
outer loop
vertex 224.38887274367855 -169.08538342646716 0
vertex 200.15625 -169.2 0
vertex 183.25078795526204 -169.2 0
endloop
endfacet
facet normal 0 0 -1
outer loop
vertex 224.38887274367855 -169.08538342646716 0
vertex 183.25078795526204 -169.2 0
vertex 183.1111272563214 -169.08538342646716 0
endloop
endfacet
facet normal 0 0 -1
outer loop
vertex 141.74921204473793 -169.2 0
vertex 141.72218254069472 -169.22218254069486 0
vertex 133.19375 -169.22218254069486 0
endloop
endfacet
facet normal 0 0 -1
outer loop
vertex 141.74921204473793 -169.2 0
vertex 133.19375 -169.22218254069486 0
vertex 133.19375 -169.2 0
endloop
endfacet
facet normal 0 0 -1
outer loop
vertex 152.53125 -169.2 0
vertex 152.53125 -169.22218254069486 0
vertex 143.27781745930523 -169.22218254069486 0
endloop
endfacet
facet normal 0 0 -1
outer loop
vertex 152.53125 -169.2 0
vertex 143.27781745930523 -169.22218254069486 0
vertex 143.25078795526207 -169.2 0
endloop
endfacet
facet normal 0 0 -1
outer loop
vertex 181.74921204473793 -169.2 0
vertex 181.72218254069475 -169.22218254069486 0
vertex 166.53125 -169.22218254069486 0
endloop
endfacet
facet normal 0 0 -1
outer loop
vertex 181.74921204473793 -169.2 0
vertex 166.53125 -169.22218254069486 0
vertex 166.53125 -169.2 0
endloop
endfacet
facet normal 0 0 -1
outer loop
vertex 200.15625 -169.2 0
vertex 200.15625 -169.22218254069486 0
vertex 183.27781745930528 -169.22218254069486 0
endloop
endfacet
facet normal 0 0 -1
outer loop
vertex 200.15625 -169.2 0
vertex 183.27781745930528 -169.22218254069486 0
vertex 183.25078795526204 -169.2 0
endloop
endfacet
facet normal 0 0 -1
outer loop
vertex 224.249212044738 -169.2 0
vertex 224.22218254069483 -169.22218254069486 0
vertex 214.15625 -169.22218254069486 0
endloop
endfacet
facet normal 0 0 -1
outer loop
vertex 224.249212044738 -169.2 0
vertex 214.15625 -169.22218254069486 0
vertex 214.15625 -169.2 0
endloop
endfacet
facet normal 0 0 -1
outer loop
vertex 241.59892638695953 -169.08538342646716 0
vertex 241.59783371595432 -169.22218254069486 0
vertex 225.77781745930514 -169.22218254069486 0
endloop
endfacet
facet normal 0 0 -1
outer loop
vertex 241.59892638695953 -169.08538342646716 0
vertex 225.77781745930514 -169.22218254069486 0
vertex 225.61112725632154 -169.08538342646716 0
endloop
endfacet
facet normal 0 0 -1
outer loop
vertex 141.72218254069472 -169.22218254069486 0
vertex 141.58538342646733 -169.38887274367832 0
vertex 133.19375 -169.38887274367832 0
endloop
endfacet
facet normal 0 0 -1
outer loop
vertex 141.72218254069472 -169.22218254069486 0
vertex 133.19375 -169.38887274367832 0
vertex 133.19375 -169.22218254069486 0
endloop
endfacet
facet normal 0 0 -1
outer loop
vertex 152.53125 -169.22218254069486 0
vertex 152.53125 -169.38887274367832 0
vertex 143.41461657353273 -169.38887274367832 0
endloop
endfacet
facet normal 0 0 -1
outer loop
vertex 152.53125 -169.22218254069486 0
vertex 143.41461657353273 -169.38887274367832 0
vertex 143.27781745930523 -169.22218254069486 0
endloop
endfacet
facet normal 0 0 -1
outer loop
vertex 181.72218254069475 -169.22218254069486 0
vertex 181.58538342646725 -169.38887274367832 0
vertex 166.53125 -169.38887274367832 0
endloop
endfacet
facet normal 0 0 -1
outer loop
vertex 181.72218254069475 -169.22218254069486 0
vertex 166.53125 -169.38887274367832 0
vertex 166.53125 -169.22218254069486 0
endloop
endfacet
facet normal 0 0 -1
outer loop
vertex 200.15625 -169.22218254069486 0
vertex 200.15625 -169.38887274367832 0
vertex 183.41461657353278 -169.38887274367832 0
endloop
endfacet
facet normal 0 0 -1
outer loop
vertex 200.15625 -169.22218254069486 0
vertex 183.41461657353278 -169.38887274367832 0
vertex 183.27781745930528 -169.22218254069486 0
endloop
endfacet
facet normal 0 0 -1
outer loop
vertex 224.22218254069483 -169.22218254069486 0
vertex 224.08538342646725 -169.38887274367832 0
vertex 214.15625 -169.38887274367832 0
endloop
endfacet
facet normal 0 0 -1
outer loop
vertex 224.22218254069483 -169.22218254069486 0
vertex 214.15625 -169.38887274367832 0
vertex 214.15625 -169.22218254069486 0
endloop
endfacet
facet normal 0 0 -1
outer loop
vertex 241.59783371595432 -169.22218254069486 0
vertex 241.5965022924822 -169.38887274367832 0
vertex 225.91461657353284 -169.38887274367832 0
endloop
endfacet
facet normal 0 0 -1
outer loop
vertex 241.59783371595432 -169.22218254069486 0
vertex 225.91461657353284 -169.38887274367832 0
vertex 225.77781745930514 -169.22218254069486 0
endloop
endfacet
facet normal 0 0 -1
outer loop
vertex 104.38125 -169.2 0
vertex 104.38125 -169.45 0
vertex 100.38125 -169.45 0
endloop
endfacet
facet normal 0 0 -1
outer loop
vertex 104.38125 -169.2 0
vertex 100.38125 -169.45 0
vertex 100.38125 -169.2 0
endloop
endfacet
facet normal 0 0 -1
outer loop
vertex 128.19375 -169.2 0
vertex 128.19375 -169.45 0
vertex 124.19375 -169.45 0
endloop
endfacet
facet normal 0 0 -1
outer loop
vertex 128.19375 -169.2 0
vertex 124.19375 -169.45 0
vertex 124.19375 -169.2 0
endloop
endfacet
facet normal 0 0 -1
outer loop
vertex 161.53125 -169.2 0
vertex 161.53125 -169.45 0
vertex 157.53125 -169.45 0
endloop
endfacet
facet normal 0 0 -1
outer loop
vertex 161.53125 -169.2 0
vertex 157.53125 -169.45 0
vertex 157.53125 -169.2 0
endloop
endfacet
facet normal 0 0 -1
outer loop
vertex 209.15625 -169.2 0
vertex 209.15625 -169.45 0
vertex 205.15625 -169.45 0
endloop
endfacet
facet normal 0 0 -1
outer loop
vertex 209.15625 -169.2 0
vertex 205.15625 -169.45 0
vertex 205.15625 -169.2 0
endloop
endfacet
facet normal 0 0 -1
outer loop
vertex 141.58538342646733 -169.38887274367832 0
vertex 141.48373251423757 -169.57904822439838 0
vertex 133.19375 -169.57904822439838 0
endloop
endfacet
facet normal 0 0 -1
outer loop
vertex 141.58538342646733 -169.38887274367832 0
vertex 133.19375 -169.57904822439838 0
vertex 133.19375 -169.38887274367832 0
endloop
endfacet
facet normal 0 0 -1
outer loop
vertex 152.53125 -169.38887274367832 0
vertex 152.53125 -169.57904822439838 0
vertex 143.51626748576246 -169.57904822439838 0
endloop
endfacet
facet normal 0 0 -1
outer loop
vertex 152.53125 -169.38887274367832 0
vertex 143.51626748576246 -169.57904822439838 0
vertex 143.41461657353273 -169.38887274367832 0
endloop
endfacet
facet normal 0 0 -1
outer loop
vertex 181.58538342646725 -169.38887274367832 0
vertex 181.48373251423757 -169.57904822439838 0
vertex 166.53125 -169.57904822439838 0
endloop
endfacet
facet normal 0 0 -1
outer loop
vertex 181.58538342646725 -169.38887274367832 0
vertex 166.53125 -169.57904822439838 0
vertex 166.53125 -169.38887274367832 0
endloop
endfacet
facet normal 0 0 -1
outer loop
vertex 200.15625 -169.38887274367832 0
vertex 200.15625 -169.57904822439838 0
vertex 183.51626748576243 -169.57904822439838 0
endloop
endfacet
facet normal 0 0 -1
outer loop
vertex 200.15625 -169.38887274367832 0
vertex 183.51626748576243 -169.57904822439838 0
vertex 183.41461657353278 -169.38887274367832 0
endloop
endfacet
facet normal 0 0 -1
outer loop
vertex 224.08538342646725 -169.38887274367832 0
vertex 223.9837325142376 -169.57904822439838 0
vertex 214.15625 -169.57904822439838 0
endloop
endfacet
facet normal 0 0 -1
outer loop
vertex 224.08538342646725 -169.38887274367832 0
vertex 214.15625 -169.57904822439838 0
vertex 214.15625 -169.38887274367832 0
endloop
endfacet
facet normal 0 0 -1
outer loop
vertex 241.5965022924822 -169.38887274367832 0
vertex 241.5949832824005 -169.57904822439838 0
vertex 226.01626748576243 -169.57904822439838 0
endloop
endfacet
facet normal 0 0 -1
outer loop
vertex 241.5965022924822 -169.38887274367832 0
vertex 226.01626748576243 -169.57904822439838 0
vertex 225.91461657353284 -169.38887274367832 0
endloop
endfacet
facet normal 0 0 -1
outer loop
vertex 141.48373251423757 -169.57904822439838 0
vertex 141.4211361915565 -169.78540064578223 0
vertex 133.19375 -169.78540064578223 0
endloop
endfacet
facet normal 0 0 -1
outer loop
vertex 141.48373251423757 -169.57904822439838 0
vertex 133.19375 -169.78540064578223 0
vertex 133.19375 -169.57904822439838 0
endloop
endfacet
facet normal 0 0 -1
outer loop
vertex 152.53125 -169.57904822439838 0
vertex 152.53125 -169.78540064578223 0
vertex 143.57886380844354 -169.78540064578223 0
endloop
endfacet
facet normal 0 0 -1
outer loop
vertex 152.53125 -169.57904822439838 0
vertex 143.57886380844354 -169.78540064578223 0
vertex 143.51626748576246 -169.57904822439838 0
endloop
endfacet
facet normal 0 0 -1
outer loop
vertex 181.48373251423757 -169.57904822439838 0
vertex 181.4211361915565 -169.78540064578223 0
vertex 166.53125 -169.78540064578223 0
endloop
endfacet
facet normal 0 0 -1
outer loop
vertex 181.48373251423757 -169.57904822439838 0
vertex 166.53125 -169.78540064578223 0
vertex 166.53125 -169.57904822439838 0
endloop
endfacet
facet normal 0 0 -1
outer loop
vertex 200.15625 -169.57904822439838 0
vertex 200.15625 -169.78540064578223 0
vertex 183.57886380844351 -169.78540064578223 0
endloop
endfacet
facet normal 0 0 -1
outer loop
vertex 200.15625 -169.57904822439838 0
vertex 183.57886380844351 -169.78540064578223 0
vertex 183.51626748576243 -169.57904822439838 0
endloop
endfacet
facet normal 0 0 -1
outer loop
vertex 223.9837325142376 -169.57904822439838 0
vertex 223.9211361915564 -169.78540064578223 0
vertex 214.15625 -169.78540064578223 0
endloop
endfacet
facet normal 0 0 -1
outer loop
vertex 223.9837325142376 -169.57904822439838 0
vertex 214.15625 -169.78540064578223 0
vertex 214.15625 -169.57904822439838 0
endloop
endfacet
facet normal 0 0 -1
outer loop
vertex 241.5949832824005 -169.57904822439838 0
vertex 241.59333506041477 -169.78540064578223 0
vertex 226.07886380844351 -169.78540064578223 0
endloop
endfacet
facet normal 0 0 -1
outer loop
vertex 241.5949832824005 -169.57904822439838 0
vertex 226.07886380844351 -169.78540064578223 0
vertex 226.01626748576243 -169.57904822439838 0
endloop
endfacet
facet normal 0 0 -1
outer loop
vertex 141.4211361915565 -169.78540064578223 0
vertex 141.4 -169.99999999999997 0
vertex 133.19375 -169.99999999999997 0
endloop
endfacet
facet normal 0 0 -1
outer loop
vertex 141.4211361915565 -169.78540064578223 0
vertex 133.19375 -169.99999999999997 0
vertex 133.19375 -169.78540064578223 0
endloop
endfacet
facet normal 0 0 -1
outer loop
vertex 152.53125 -169.78540064578223 0
vertex 152.53125 -169.99999999999997 0
vertex 143.6 -169.99999999999997 0
endloop
endfacet
facet normal 0 0 -1
outer loop
vertex 152.53125 -169.78540064578223 0
vertex 143.6 -169.99999999999997 0
vertex 143.57886380844354 -169.78540064578223 0
endloop
endfacet
facet normal 0 0 -1
outer loop
vertex 181.4211361915565 -169.78540064578223 0
vertex 181.4 -169.99999999999997 0
vertex 166.53125 -169.99999999999997 0
endloop
endfacet
facet normal 0 0 -1
outer loop
vertex 181.4211361915565 -169.78540064578223 0
vertex 166.53125 -169.99999999999997 0
vertex 166.53125 -169.78540064578223 0
endloop
endfacet
facet normal 0 0 -1
outer loop
vertex 200.15625 -169.78540064578223 0
vertex 200.15625 -169.99999999999997 0
vertex 183.6 -169.99999999999997 0
endloop
endfacet
facet normal 0 0 -1
outer loop
vertex 200.15625 -169.78540064578223 0
vertex 183.6 -169.99999999999997 0
vertex 183.57886380844351 -169.78540064578223 0
endloop
endfacet
facet normal 0 0 -1
outer loop
vertex 223.9211361915564 -169.78540064578223 0
vertex 223.89999999999998 -169.99999999999997 0
vertex 214.15625 -169.99999999999997 0
endloop
endfacet
facet normal 0 0 -1
outer loop
vertex 223.9211361915564 -169.78540064578223 0
vertex 214.15625 -169.99999999999997 0
vertex 214.15625 -169.78540064578223 0
endloop
endfacet
facet normal 0 0 -1
outer loop
vertex 241.59333506041477 -169.78540064578223 0
vertex 241.59162096677164 -169.99999999999997 0
vertex 226.09999999999997 -169.99999999999997 0
endloop
endfacet
facet normal 0 0 -1
outer loop
vertex 241.59333506041477 -169.78540064578223 0
vertex 226.09999999999997 -169.99999999999997 0
vertex 226.07886380844351 -169.78540064578223 0
endloop
endfacet
facet normal 0 0 -1
outer loop
vertex 141.4 -169.99999999999997 0
vertex 141.42113619155646 -170.21459935421765 0
vertex 133.19375 -170.21459935421765 0
endloop
endfacet
facet normal 0 0 -1
outer loop
vertex 141.4 -169.99999999999997 0
vertex 133.19375 -170.21459935421765 0
vertex 133.19375 -169.99999999999997 0
endloop
endfacet
facet normal 0 0 -1
outer loop
vertex 152.53125 -169.99999999999997 0
vertex 152.53125 -170.21459935421765 0
vertex 143.57886380844357 -170.21459935421765 0
endloop
endfacet
facet normal 0 0 -1
outer loop
vertex 152.53125 -169.99999999999997 0
vertex 143.57886380844357 -170.21459935421765 0
vertex 143.6 -169.99999999999997 0
endloop
endfacet
facet normal 0 0 -1
outer loop
vertex 181.4 -169.99999999999997 0
vertex 181.42113619155646 -170.21459935421765 0
vertex 166.53125 -170.21459935421765 0
endloop
endfacet
facet normal 0 0 -1
outer loop
vertex 181.4 -169.99999999999997 0
vertex 166.53125 -170.21459935421765 0
vertex 166.53125 -169.99999999999997 0
endloop
endfacet
facet normal 0 0 -1
outer loop
vertex 200.15625 -169.99999999999997 0
vertex 200.15625 -170.21459935421765 0
vertex 183.57886380844357 -170.21459935421765 0
endloop
endfacet
facet normal 0 0 -1
outer loop
vertex 200.15625 -169.99999999999997 0
vertex 183.57886380844357 -170.21459935421765 0
vertex 183.6 -169.99999999999997 0
endloop
endfacet
facet normal 0 0 -1
outer loop
vertex 223.89999999999998 -169.99999999999997 0
vertex 223.92113619155643 -170.21459935421765 0
vertex 214.15625 -170.21459935421765 0
endloop
endfacet
facet normal 0 0 -1
outer loop
vertex 223.89999999999998 -169.99999999999997 0
vertex 214.15625 -170.21459935421765 0
vertex 214.15625 -169.99999999999997 0
endloop
endfacet
facet normal 0 0 -1
outer loop
vertex 241.59162096677164 -169.99999999999997 0
vertex 241.58990687312848 -170.21459935421765 0
vertex 226.07886380844354 -170.21459935421765 0
endloop
endfacet
facet normal 0 0 -1
outer loop
vertex 241.59162096677164 -169.99999999999997 0
vertex 226.07886380844354 -170.21459935421765 0
vertex 226.09999999999997 -169.99999999999997 0
endloop
endfacet
facet normal 0 0 -1
outer loop
vertex 141.42113619155646 -170.21459935421765 0
vertex 141.4837325142376 -170.42095177560157 0
vertex 133.19375 -170.42095177560157 0
endloop
endfacet
facet normal 0 0 -1
outer loop
vertex 141.42113619155646 -170.21459935421765 0
vertex 133.19375 -170.42095177560157 0
vertex 133.19375 -170.21459935421765 0
endloop
endfacet
facet normal 0 0 -1
outer loop
vertex 152.53125 -170.21459935421765 0
vertex 152.53125 -170.42095177560157 0
vertex 143.51626748576243 -170.42095177560157 0
endloop
endfacet
facet normal 0 0 -1
outer loop
vertex 152.53125 -170.21459935421765 0
vertex 143.51626748576243 -170.42095177560157 0
vertex 143.57886380844357 -170.21459935421765 0
endloop
endfacet
facet normal 0 0 -1
outer loop
vertex 181.42113619155646 -170.21459935421765 0
vertex 181.4837325142376 -170.42095177560157 0
vertex 166.53125 -170.42095177560157 0
endloop
endfacet
facet normal 0 0 -1
outer loop
vertex 181.42113619155646 -170.21459935421765 0
vertex 166.53125 -170.42095177560157 0
vertex 166.53125 -170.21459935421765 0
endloop
endfacet
facet normal 0 0 -1
outer loop
vertex 200.15625 -170.21459935421765 0
vertex 200.15625 -170.42095177560157 0
vertex 183.51626748576243 -170.42095177560157 0
endloop
endfacet
facet normal 0 0 -1
outer loop
vertex 200.15625 -170.21459935421765 0
vertex 183.51626748576243 -170.42095177560157 0
vertex 183.57886380844357 -170.21459935421765 0
endloop
endfacet
facet normal 0 0 -1
outer loop
vertex 223.92113619155643 -170.21459935421765 0
vertex 223.98373251423757 -170.42095177560157 0
vertex 214.15625 -170.42095177560157 0
endloop
endfacet
facet normal 0 0 -1
outer loop
vertex 223.92113619155643 -170.21459935421765 0
vertex 214.15625 -170.42095177560157 0
vertex 214.15625 -170.21459935421765 0
endloop
endfacet
facet normal 0 0 -1
outer loop
vertex 241.58990687312848 -170.21459935421765 0
vertex 241.58825865114278 -170.42095177560157 0
vertex 226.0162674857625 -170.42095177560157 0
endloop
endfacet
facet normal 0 0 -1
outer loop
vertex 241.58990687312848 -170.21459935421765 0
vertex 226.0162674857625 -170.42095177560157 0
vertex 226.07886380844354 -170.21459935421765 0
endloop
endfacet
facet normal 0 0 -1
outer loop
vertex 141.4837325142376 -170.42095177560157 0
vertex 141.58538342646733 -170.61112725632174 0
vertex 133.19375 -170.61112725632174 0
endloop
endfacet
facet normal 0 0 -1
outer loop
vertex 141.4837325142376 -170.42095177560157 0
vertex 133.19375 -170.61112725632174 0
vertex 133.19375 -170.42095177560157 0
endloop
endfacet
facet normal 0 0 -1
outer loop
vertex 152.53125 -170.42095177560157 0
vertex 152.53125 -170.61112725632174 0
vertex 143.4146165735329 -170.61112725632174 0
endloop
endfacet
facet normal 0 0 -1
outer loop
vertex 152.53125 -170.42095177560157 0
vertex 143.4146165735329 -170.61112725632174 0
vertex 143.51626748576243 -170.42095177560157 0
endloop
endfacet
facet normal 0 0 -1
outer loop
vertex 181.4837325142376 -170.42095177560157 0
vertex 181.58538342646733 -170.61112725632174 0
vertex 166.53125 -170.61112725632174 0
endloop
endfacet
facet normal 0 0 -1
outer loop
vertex 181.4837325142376 -170.42095177560157 0
vertex 166.53125 -170.61112725632174 0
vertex 166.53125 -170.42095177560157 0
endloop
endfacet
facet normal 0 0 -1
outer loop
vertex 200.15625 -170.42095177560157 0
vertex 200.15625 -170.61112725632174 0
vertex 183.41461657353284 -170.61112725632174 0
endloop
endfacet
facet normal 0 0 -1
outer loop
vertex 200.15625 -170.42095177560157 0
vertex 183.41461657353284 -170.61112725632174 0
vertex 183.51626748576243 -170.42095177560157 0
endloop
endfacet
facet normal 0 0 -1
outer loop
vertex 223.98373251423757 -170.42095177560157 0
vertex 224.0853834264673 -170.61112725632174 0
vertex 214.15625 -170.61112725632174 0
endloop
endfacet
facet normal 0 0 -1
outer loop
vertex 223.98373251423757 -170.42095177560157 0
vertex 214.15625 -170.61112725632174 0
vertex 214.15625 -170.42095177560157 0
endloop
endfacet
facet normal 0 0 -1
outer loop
vertex 241.58825865114278 -170.42095177560157 0
vertex 241.5867396410611 -170.61112725632174 0
vertex 225.91461657353275 -170.61112725632174 0
endloop
endfacet
facet normal 0 0 -1
outer loop
vertex 241.58825865114278 -170.42095177560157 0
vertex 225.91461657353275 -170.61112725632174 0
vertex 226.0162674857625 -170.42095177560157 0
endloop
endfacet
facet normal 0 0 -1
outer loop
vertex 141.58538342646733 -170.61112725632174 0
vertex 141.7221825406946 -170.7778174593051 0
vertex 133.19375 -170.7778174593051 0
endloop
endfacet
facet normal 0 0 -1
outer loop
vertex 141.58538342646733 -170.61112725632174 0
vertex 133.19375 -170.7778174593051 0
vertex 133.19375 -170.61112725632174 0
endloop
endfacet
facet normal 0 0 -1
outer loop
vertex 152.53125 -170.61112725632174 0
vertex 152.53125 -170.7778174593051 0
vertex 143.27781745930517 -170.7778174593051 0
endloop
endfacet
facet normal 0 0 -1
outer loop
vertex 152.53125 -170.61112725632174 0
vertex 143.27781745930517 -170.7778174593051 0
vertex 143.4146165735329 -170.61112725632174 0
endloop
endfacet
facet normal 0 0 -1
outer loop
vertex 181.58538342646733 -170.61112725632174 0
vertex 181.72218254069455 -170.7778174593051 0
vertex 166.53125 -170.7778174593051 0
endloop
endfacet
facet normal 0 0 -1
outer loop
vertex 181.58538342646733 -170.61112725632174 0
vertex 166.53125 -170.7778174593051 0
vertex 166.53125 -170.61112725632174 0
endloop
endfacet
facet normal 0 0 -1
outer loop
vertex 200.15625 -170.61112725632174 0
vertex 200.15625 -170.7778174593051 0
vertex 183.27781745930514 -170.7778174593051 0
endloop
endfacet
facet normal 0 0 -1
outer loop
vertex 200.15625 -170.61112725632174 0
vertex 183.27781745930514 -170.7778174593051 0
vertex 183.41461657353284 -170.61112725632174 0
endloop
endfacet
facet normal 0 0 -1
outer loop
vertex 224.0853834264673 -170.61112725632174 0
vertex 224.22218254069472 -170.7778174593051 0
vertex 214.15625 -170.7778174593051 0
endloop
endfacet
facet normal 0 0 -1
outer loop
vertex 224.0853834264673 -170.61112725632174 0
vertex 214.15625 -170.7778174593051 0
vertex 214.15625 -170.61112725632174 0
endloop
endfacet
facet normal 0 0 -1
outer loop
vertex 241.5867396410611 -170.61112725632174 0
vertex 241.58540821758896 -170.7778174593051 0
vertex 225.77781745930534 -170.7778174593051 0
endloop
endfacet
facet normal 0 0 -1
outer loop
vertex 241.5867396410611 -170.61112725632174 0
vertex 225.77781745930534 -170.7778174593051 0
vertex 225.91461657353275 -170.61112725632174 0
endloop
endfacet
facet normal 0 0 -1
outer loop
vertex 141.7221825406946 -170.7778174593051 0
vertex 141.88887274367846 -170.91461657353275 0
vertex 133.19375 -170.91461657353275 0
endloop
endfacet
facet normal 0 0 -1
outer loop
vertex 141.7221825406946 -170.7778174593051 0
vertex 133.19375 -170.91461657353275 0
vertex 133.19375 -170.7778174593051 0
endloop
endfacet
facet normal 0 0 -1
outer loop
vertex 152.53125 -170.7778174593051 0
vertex 152.53125 -170.91461657353275 0
vertex 143.1111272563216 -170.91461657353275 0
endloop
endfacet
facet normal 0 0 -1
outer loop
vertex 152.53125 -170.7778174593051 0
vertex 143.1111272563216 -170.91461657353275 0
vertex 143.27781745930517 -170.7778174593051 0
endloop
endfacet
facet normal 0 0 -1
outer loop
vertex 181.72218254069455 -170.7778174593051 0
vertex 181.88887274367858 -170.91461657353275 0
vertex 166.53125 -170.91461657353275 0
endloop
endfacet
facet normal 0 0 -1
outer loop
vertex 181.72218254069455 -170.7778174593051 0
vertex 166.53125 -170.91461657353275 0
vertex 166.53125 -170.7778174593051 0
endloop
endfacet
facet normal 0 0 -1
outer loop
vertex 200.15625 -170.7778174593051 0
vertex 200.15625 -170.91461657353275 0
vertex 183.11112725632148 -170.91461657353275 0
endloop
endfacet
facet normal 0 0 -1
outer loop
vertex 200.15625 -170.7778174593051 0
vertex 183.11112725632148 -170.91461657353275 0
vertex 183.27781745930514 -170.7778174593051 0
endloop
endfacet
facet normal 0 0 -1
outer loop
vertex 224.22218254069472 -170.7778174593051 0
vertex 224.38887274367838 -170.91461657353275 0
vertex 214.15625 -170.91461657353275 0
endloop
endfacet
facet normal 0 0 -1
outer loop
vertex 224.22218254069472 -170.7778174593051 0
vertex 214.15625 -170.91461657353275 0
vertex 214.15625 -170.7778174593051 0
endloop
endfacet
facet normal 0 0 -1
outer loop
vertex 241.58540821758896 -170.7778174593051 0
vertex 241.58431554658378 -170.91461657353275 0
vertex 225.6111272563213 -170.91461657353275 0
endloop
endfacet
facet normal 0 0 -1
outer loop
vertex 241.58540821758896 -170.7778174593051 0
vertex 225.6111272563213 -170.91461657353275 0
vertex 225.77781745930534 -170.7778174593051 0
endloop
endfacet
facet normal 0 0 -1
outer loop
vertex 141.88887274367846 -170.91461657353275 0
vertex 142.07904822439852 -171.01626748576248 0
vertex 133.19375 -171.01626748576248 0
endloop
endfacet
facet normal 0 0 -1
outer loop
vertex 141.88887274367846 -170.91461657353275 0
vertex 133.19375 -171.01626748576248 0
vertex 133.19375 -170.91461657353275 0
endloop
endfacet
facet normal 0 0 -1
outer loop
vertex 152.53125 -170.91461657353275 0
vertex 152.53125 -171.01626748576248 0
vertex 142.92095177560157 -171.01626748576248 0
endloop
endfacet
facet normal 0 0 -1
outer loop
vertex 152.53125 -170.91461657353275 0
vertex 142.92095177560157 -171.01626748576248 0
vertex 143.1111272563216 -170.91461657353275 0
endloop
endfacet
facet normal 0 0 -1
outer loop
vertex 181.88887274367858 -170.91461657353275 0
vertex 182.07904822439858 -171.01626748576248 0
vertex 166.53125 -171.01626748576248 0
endloop
endfacet
facet normal 0 0 -1
outer loop
vertex 181.88887274367858 -170.91461657353275 0
vertex 166.53125 -171.01626748576248 0
vertex 166.53125 -170.91461657353275 0
endloop
endfacet
facet normal 0 0 -1
outer loop
vertex 200.15625 -170.91461657353275 0
vertex 200.15625 -171.01626748576248 0
vertex 182.92095177560176 -171.01626748576248 0
endloop
endfacet
facet normal 0 0 -1
outer loop
vertex 200.15625 -170.91461657353275 0
vertex 182.92095177560176 -171.01626748576248 0
vertex 183.11112725632148 -170.91461657353275 0
endloop
endfacet
facet normal 0 0 -1
outer loop
vertex 224.38887274367838 -170.91461657353275 0
vertex 224.57904822439858 -171.01626748576248 0
vertex 214.15625 -171.01626748576248 0
endloop
endfacet
facet normal 0 0 -1
outer loop
vertex 224.38887274367838 -170.91461657353275 0
vertex 214.15625 -171.01626748576248 0
vertex 214.15625 -170.91461657353275 0
endloop
endfacet
facet normal 0 0 -1
outer loop
vertex 241.58431554658378 -170.91461657353275 0
vertex 241.58350361877947 -171.01626748576248 0
vertex 225.42095177560168 -171.01626748576248 0
endloop
endfacet
facet normal 0 0 -1
outer loop
vertex 241.58431554658378 -170.91461657353275 0
vertex 225.42095177560168 -171.01626748576248 0
vertex 225.6111272563213 -170.91461657353275 0
endloop
endfacet
facet normal 0 0 -1
outer loop
vertex 142.07904822439852 -171.01626748576248 0
vertex 142.2854006457822 -171.07886380844357 0
vertex 133.19375 -171.07886380844357 0
endloop
endfacet
facet normal 0 0 -1
outer loop
vertex 142.07904822439852 -171.01626748576248 0
vertex 133.19375 -171.07886380844357 0
vertex 133.19375 -171.01626748576248 0
endloop
endfacet
facet normal 0 0 -1
outer loop
vertex 152.53125 -171.01626748576248 0
vertex 152.53125 -171.07886380844357 0
vertex 142.71459935421763 -171.07886380844357 0
endloop
endfacet
facet normal 0 0 -1
outer loop
vertex 152.53125 -171.01626748576248 0
vertex 142.71459935421763 -171.07886380844357 0
vertex 142.92095177560157 -171.01626748576248 0
endloop
endfacet
facet normal 0 0 -1
outer loop
vertex 182.07904822439858 -171.01626748576248 0
vertex 182.28540064578226 -171.07886380844357 0
vertex 166.53125 -171.07886380844357 0
endloop
endfacet
facet normal 0 0 -1
outer loop
vertex 182.07904822439858 -171.01626748576248 0
vertex 166.53125 -171.07886380844357 0
vertex 166.53125 -171.01626748576248 0
endloop
endfacet
facet normal 0 0 -1
outer loop
vertex 200.15625 -171.01626748576248 0
vertex 200.15625 -171.07886380844357 0
vertex 182.71459935421768 -171.07886380844357 0
endloop
endfacet
facet normal 0 0 -1
outer loop
vertex 200.15625 -171.01626748576248 0
vertex 182.71459935421768 -171.07886380844357 0
vertex 182.92095177560176 -171.01626748576248 0
endloop
endfacet
facet normal 0 0 -1
outer loop
vertex 224.57904822439858 -171.01626748576248 0
vertex 224.78540064578237 -171.07886380844357 0
vertex 214.15625 -171.07886380844357 0
endloop
endfacet
facet normal 0 0 -1
outer loop
vertex 224.57904822439858 -171.01626748576248 0
vertex 214.15625 -171.07886380844357 0
vertex 214.15625 -171.01626748576248 0
endloop
endfacet
facet normal 0 0 -1
outer loop
vertex 241.58350361877947 -171.01626748576248 0
vertex 241.58300363610627 -171.07886380844357 0
vertex 225.21459935421757 -171.07886380844357 0
endloop
endfacet
facet normal 0 0 -1
outer loop
vertex 241.58350361877947 -171.01626748576248 0
vertex 225.21459935421757 -171.07886380844357 0
vertex 225.42095177560168 -171.01626748576248 0
endloop
endfacet
facet normal 0 0 -1
outer loop
vertex 142.2854006457822 -171.07886380844357 0
vertex 142.4999999999998 -171.1 0
vertex 133.19375 -171.1 0
endloop
endfacet
facet normal 0 0 -1
outer loop
vertex 142.2854006457822 -171.07886380844357 0
vertex 133.19375 -171.1 0
vertex 133.19375 -171.07886380844357 0
endloop
endfacet
facet normal 0 0 -1
outer loop
vertex 152.53125 -171.07886380844357 0
vertex 152.53125 -171.1 0
vertex 142.4999999999998 -171.1 0
endloop
endfacet
facet normal 0 0 -1
outer loop
vertex 152.53125 -171.07886380844357 0
vertex 142.4999999999998 -171.1 0
vertex 142.71459935421763 -171.07886380844357 0
endloop
endfacet
facet normal 0 0 -1
outer loop
vertex 182.28540064578226 -171.07886380844357 0
vertex 182.49999999999974 -171.1 0
vertex 166.53125 -171.1 0
endloop
endfacet
facet normal 0 0 -1
outer loop
vertex 182.28540064578226 -171.07886380844357 0
vertex 166.53125 -171.1 0
vertex 166.53125 -171.07886380844357 0
endloop
endfacet
facet normal 0 0 -1
outer loop
vertex 200.15625 -171.07886380844357 0
vertex 200.15625 -171.1 0
vertex 182.49999999999974 -171.1 0
endloop
endfacet
facet normal 0 0 -1
outer loop
vertex 200.15625 -171.07886380844357 0
vertex 182.49999999999974 -171.1 0
vertex 182.71459935421768 -171.07886380844357 0
endloop
endfacet
facet normal 0 0 -1
outer loop
vertex 224.78540064578237 -171.07886380844357 0
vertex 224.99999999999983 -171.1 0
vertex 214.15625 -171.1 0
endloop
endfacet
facet normal 0 0 -1
outer loop
vertex 224.78540064578237 -171.07886380844357 0
vertex 214.15625 -171.1 0
vertex 214.15625 -171.07886380844357 0
endloop
endfacet
facet normal 0 0 -1
outer loop
vertex 241.58300363610627 -171.07886380844357 0
vertex 241.58283481261788 -171.1 0
vertex 224.99999999999983 -171.1 0
endloop
endfacet
facet normal 0 0 -1
outer loop
vertex 241.58300363610627 -171.07886380844357 0
vertex 224.99999999999983 -171.1 0
vertex 225.21459935421757 -171.07886380844357 0
endloop
endfacet
facet normal 0 0 -1
outer loop
vertex 95.38125 -169.2 0
vertex 95.38125 -183.2 0
vertex 87.9819957425161 -183.2 0
endloop
endfacet
facet normal 0 0 -1
outer loop
vertex 95.38125 -169.2 0
vertex 87.9819957425161 -183.2 0
vertex 87.98407866399337 -169.2 0
endloop
endfacet
facet normal 0 0 -1
outer loop
vertex 104.38125 -182.95 0
vertex 104.38125 -183.2 0
vertex 100.38125 -183.2 0
endloop
endfacet
facet normal 0 0 -1
outer loop
vertex 104.38125 -182.95 0
vertex 100.38125 -183.2 0
vertex 100.38125 -182.95 0
endloop
endfacet
facet normal 0 0 -1
outer loop
vertex 119.19375 -169.2 0
vertex 119.19375 -183.2 0
vertex 109.38125 -183.2 0
endloop
endfacet
facet normal 0 0 -1
outer loop
vertex 119.19375 -169.2 0
vertex 109.38125 -183.2 0
vertex 109.38125 -169.2 0
endloop
endfacet
facet normal 0 0 -1
outer loop
vertex 128.19375 -182.95 0
vertex 128.19375 -183.2 0
vertex 124.19375 -183.2 0
endloop
endfacet
facet normal 0 0 -1
outer loop
vertex 128.19375 -182.95 0
vertex 124.19375 -183.2 0
vertex 124.19375 -182.95 0
endloop
endfacet
facet normal 0 0 -1
outer loop
vertex 142.4999999999998 -171.1 0
vertex 152.53125 -171.1 0
vertex 152.53125 -183.2 0
endloop
endfacet
facet normal 0 0 -1
outer loop
vertex 142.4999999999998 -171.1 0
vertex 152.53125 -183.2 0
vertex 133.19375 -183.2 0
endloop
endfacet
facet normal 0 0 -1
outer loop
vertex 142.4999999999998 -171.1 0
vertex 133.19375 -183.2 0
vertex 133.19375 -171.1 0
endloop
endfacet
facet normal 0 0 -1
outer loop
vertex 161.53125 -182.95 0
vertex 161.53125 -183.2 0
vertex 157.53125 -183.2 0
endloop
endfacet
facet normal 0 0 -1
outer loop
vertex 161.53125 -182.95 0
vertex 157.53125 -183.2 0
vertex 157.53125 -182.95 0
endloop
endfacet
facet normal 0 0 -1
outer loop
vertex 182.49999999999974 -171.1 0
vertex 200.15625 -171.1 0
vertex 200.15625 -183.2 0
endloop
endfacet
facet normal 0 0 -1
outer loop
vertex 182.49999999999974 -171.1 0
vertex 200.15625 -183.2 0
vertex 166.53125 -183.2 0
endloop
endfacet
facet normal 0 0 -1
outer loop
vertex 182.49999999999974 -171.1 0
vertex 166.53125 -183.2 0
vertex 166.53125 -171.1 0
endloop
endfacet
facet normal 0 0 -1
outer loop
vertex 209.15625 -182.95 0
vertex 209.15625 -183.2 0
vertex 205.15625 -183.2 0
endloop
endfacet
facet normal 0 0 -1
outer loop
vertex 209.15625 -182.95 0
vertex 205.15625 -183.2 0
vertex 205.15625 -182.95 0
endloop
endfacet
facet normal 0 0 -1
outer loop
vertex 224.99999999999983 -171.1 0
vertex 241.58283481261788 -171.1 0
vertex 241.48618711692632 -183.2 0
endloop
endfacet
facet normal 0 0 -1
outer loop
vertex 224.99999999999983 -171.1 0
vertex 241.48618711692632 -183.2 0
vertex 214.15625 -183.2 0
endloop
endfacet
facet normal 0 0 -1
outer loop
vertex 224.99999999999983 -171.1 0
vertex 214.15625 -183.2 0
vertex 214.15625 -171.1 0
endloop
endfacet
facet normal 0 0 -1
outer loop
vertex 95.38125 -183.2 0
vertex 100.38125 -183.2 0
vertex 104.38125 -183.2 0
endloop
endfacet
facet normal 0 0 -1
outer loop
vertex 95.38125 -183.2 0
vertex 104.38125 -183.2 0
vertex 109.38125 -183.2 0
endloop
endfacet
facet normal 0 0 -1
outer loop
vertex 95.38125 -183.2 0
vertex 109.38125 -183.2 0
vertex 119.19375 -183.2 0
endloop
endfacet
facet normal 0 0 -1
outer loop
vertex 95.38125 -183.2 0
vertex 119.19375 -183.2 0
vertex 124.19375 -183.2 0
endloop
endfacet
facet normal 0 0 -1
outer loop
vertex 95.38125 -183.2 0
vertex 124.19375 -183.2 0
vertex 128.19375 -183.2 0
endloop
endfacet
facet normal 0 0 -1
outer loop
vertex 95.38125 -183.2 0
vertex 128.19375 -183.2 0
vertex 133.19375 -183.2 0
endloop
endfacet
facet normal 0 0 -1
outer loop
vertex 95.38125 -183.2 0
vertex 133.19375 -183.2 0
vertex 152.53125 -183.2 0
endloop
endfacet
facet normal 0 0 -1
outer loop
vertex 95.38125 -183.2 0
vertex 152.53125 -183.2 0
vertex 157.53125 -183.2 0
endloop
endfacet
facet normal 0 0 -1
outer loop
vertex 95.38125 -183.2 0
vertex 157.53125 -183.2 0
vertex 161.53125 -183.2 0
endloop
endfacet
facet normal 0 0 -1
outer loop
vertex 95.38125 -183.2 0
vertex 161.53125 -183.2 0
vertex 166.53125 -183.2 0
endloop
endfacet
facet normal 0 0 -1
outer loop
vertex 95.38125 -183.2 0
vertex 166.53125 -183.2 0
vertex 200.15625 -183.2 0
endloop
endfacet
facet normal 0 0 -1
outer loop
vertex 95.38125 -183.2 0
vertex 200.15625 -183.2 0
vertex 205.15625 -183.2 0
endloop
endfacet
facet normal 0 0 -1
outer loop
vertex 95.38125 -183.2 0
vertex 205.15625 -183.2 0
vertex 209.15625 -183.2 0
endloop
endfacet
facet normal 0 0 -1
outer loop
vertex 95.38125 -183.2 0
vertex 209.15625 -183.2 0
vertex 214.15625 -183.2 0
endloop
endfacet
facet normal 0 0 -1
outer loop
vertex 95.38125 -183.2 0
vertex 214.15625 -183.2 0
vertex 241.48618711692632 -183.2 0
endloop
endfacet
facet normal 0 0 -1
outer loop
vertex 95.38125 -183.2 0
vertex 241.48618711692632 -183.2 0
vertex 241.4700209 -185.2239616 0
endloop
endfacet
facet normal 0 0 -1
outer loop
vertex 95.38125 -183.2 0
vertex 241.4700209 -185.2239616 0
vertex 241.42076669697576 -185.74190599667816 0
endloop
endfacet
facet normal 0 0 -1
outer loop
vertex 95.38125 -183.2 0
vertex 241.42076669697576 -185.74190599667816 0
vertex 241.28276617479068 -186.24355230118638 0
endloop
endfacet
facet normal 0 0 -1
outer loop
vertex 95.38125 -183.2 0
vertex 241.28276617479068 -186.24355230118638 0
vertex 241.06016952758822 -186.71381168876266 0
endloop
endfacet
facet normal 0 0 -1
outer loop
vertex 95.38125 -183.2 0
vertex 241.06016952758822 -186.71381168876266 0
vertex 240.75967179865728 -187.1385401595023 0
endloop
endfacet
facet normal 0 0 -1
outer loop
vertex 95.38125 -183.2 0
vertex 240.75967179865728 -187.1385401595023 0
vertex 240.39031106349842 -187.5049631476893 0
endloop
endfacet
facet normal 0 0 -1
outer loop
vertex 95.38125 -183.2 0
vertex 240.39031106349842 -187.5049631476893 0
vertex 239.96319659146533 -187.8020597426374 0
endloop
endfacet
facet normal 0 0 -1
outer loop
vertex 95.38125 -183.2 0
vertex 239.96319659146533 -187.8020597426374 0
vertex 239.4911747120779 -188.0208941648125 0
endloop
endfacet
facet normal 0 0 -1
outer loop
vertex 95.38125 -183.2 0
vertex 239.4911747120779 -188.0208941648125 0
vertex 238.98844243573797 -188.15488452743438 0
endloop
endfacet
facet normal 0 0 -1
outer loop
vertex 95.38125 -183.2 0
vertex 238.98844243573797 -188.15488452743438 0
vertex 238.4701204499999 -188.20000002386385 0
endloop
endfacet
facet normal 0 0 -1
outer loop
vertex 95.38125 -183.2 0
vertex 238.4701204499999 -188.20000002386385 0
vertex 90.98169650000003 -188.20000002386385 0
endloop
endfacet
facet normal 0 0 -1
outer loop
vertex 95.38125 -183.2 0
vertex 90.98169650000003 -188.20000002386385 0
vertex 90.5123494173532 -188.16306283041735 0
endloop
endfacet
facet normal 0 0 -1
outer loop
vertex 95.38125 -183.2 0
vertex 90.5123494173532 -188.16306283041735 0
vertex 90.05455976167684 -188.05314612669946 0
endloop
endfacet
facet normal 0 0 -1
outer loop
vertex 95.38125 -183.2 0
vertex 90.05455976167684 -188.05314612669946 0
vertex 89.6196037800502 -187.87296193025628 0
endloop
endfacet
facet normal 0 0 -1
outer loop
vertex 95.38125 -183.2 0
vertex 89.6196037800502 -187.87296193025628 0
vertex 89.21819361916319 -187.62694783851165 0
endloop
endfacet
facet normal 0 0 -1
outer loop
vertex 95.38125 -183.2 0
vertex 89.21819361916319 -187.62694783851165 0
vertex 88.86021525531557 -187.32116271523478 0
endloop
endfacet
facet normal 0 0 -1
outer loop
vertex 95.38125 -183.2 0
vertex 88.86021525531557 -187.32116271523478 0
vertex 88.55448502144041 -186.96313747213722 0
endloop
endfacet
facet normal 0 0 -1
outer loop
vertex 95.38125 -183.2 0
vertex 88.55448502144041 -186.96313747213722 0
vertex 88.30853247742645 -186.5616895966994 0
endloop
endfacet
facet normal 0 0 -1
outer loop
vertex 95.38125 -183.2 0
vertex 88.30853247742645 -186.5616895966994 0
vertex 88.12841497123851 -186.12670599405993 0
endloop
endfacet
facet normal 0 0 -1
outer loop
vertex 95.38125 -183.2 0
vertex 88.12841497123851 -186.12670599405993 0
vertex 88.01856845784484 -185.6688994911619 0
endloop
endfacet
facet normal 0 0 -1
outer loop
vertex 95.38125 -183.2 0
vertex 88.01856845784484 -185.6688994911619 0
vertex 87.98169825000001 -185.19954500000028 0
endloop
endfacet
facet normal 0 0 -1
outer loop
vertex 95.38125 -183.2 0
vertex 87.98169825000001 -185.19954500000028 0
vertex 87.9819957425161 -183.2 0
endloop
endfacet
facet normal 0 0 1
outer loop
vertex 238.47012044999963 -188.2 3.5
vertex 238.98844243573802 -188.15488452743435 3.5
vertex 239.49117471207762 -188.02089416481255 3.5
endloop
endfacet
facet normal 0 0 1
outer loop
vertex 238.47012044999963 -188.2 3.5
vertex 239.49117471207762 -188.02089416481255 3.5
vertex 239.96319659146556 -187.80205974263723 3.5
endloop
endfacet
facet normal 0 0 1
outer loop
vertex 238.47012044999963 -188.2 3.5
vertex 239.96319659146556 -187.80205974263723 3.5
vertex 240.3903110634984 -187.5049631476893 3.5
endloop
endfacet
facet normal 0 0 1
outer loop
vertex 238.47012044999963 -188.2 3.5
vertex 240.3903110634984 -187.5049631476893 3.5
vertex 240.75967179865745 -187.1385401595021 3.5
endloop
endfacet
facet normal 0 0 1
outer loop
vertex 238.47012044999963 -188.2 3.5
vertex 240.75967179865745 -187.1385401595021 3.5
vertex 241.06016952758804 -186.71381168876297 3.5
endloop
endfacet
facet normal 0 0 1
outer loop
vertex 238.47012044999963 -188.2 3.5
vertex 241.06016952758804 -186.71381168876297 3.5
vertex 241.28276617479088 -186.24355230118596 3.5
endloop
endfacet
facet normal 0 0 1
outer loop
vertex 238.47012044999963 -188.2 3.5
vertex 241.28276617479088 -186.24355230118596 3.5
vertex 241.42076669697573 -185.74190599667853 3.5
endloop
endfacet
facet normal 0 0 1
outer loop
vertex 238.47012044999963 -188.2 3.5
vertex 241.42076669697573 -185.74190599667853 3.5
vertex 241.47002089999998 -185.22396160000045 3.5
endloop
endfacet
facet normal 0 0 1
outer loop
vertex 238.47012044999963 -188.2 3.5
vertex 241.47002089999998 -185.22396160000045 3.5
vertex 241.4861871169263 -183.2 3.5
endloop
endfacet
facet normal 0 0 1
outer loop
vertex 238.47012044999963 -188.2 3.5
vertex 241.4861871169263 -183.2 3.5
vertex 214.15625 -183.2 3.5
endloop
endfacet
facet normal 0 0 1
outer loop
vertex 238.47012044999963 -188.2 3.5
vertex 214.15625 -183.2 3.5
vertex 209.15625 -183.2 3.5
endloop
endfacet
facet normal 0 0 1
outer loop
vertex 238.47012044999963 -188.2 3.5
vertex 209.15625 -183.2 3.5
vertex 205.15625 -183.2 3.5
endloop
endfacet
facet normal 0 0 1
outer loop
vertex 238.47012044999963 -188.2 3.5
vertex 205.15625 -183.2 3.5
vertex 200.15625 -183.2 3.5
endloop
endfacet
facet normal 0 0 1
outer loop
vertex 238.47012044999963 -188.2 3.5
vertex 200.15625 -183.2 3.5
vertex 166.53125 -183.2 3.5
endloop
endfacet
facet normal 0 0 1
outer loop
vertex 238.47012044999963 -188.2 3.5
vertex 166.53125 -183.2 3.5
vertex 161.53125 -183.2 3.5
endloop
endfacet
facet normal 0 0 1
outer loop
vertex 238.47012044999963 -188.2 3.5
vertex 161.53125 -183.2 3.5
vertex 157.53125 -183.2 3.5
endloop
endfacet
facet normal 0 0 1
outer loop
vertex 238.47012044999963 -188.2 3.5
vertex 157.53125 -183.2 3.5
vertex 152.53125 -183.2 3.5
endloop
endfacet
facet normal 0 0 1
outer loop
vertex 238.47012044999963 -188.2 3.5
vertex 152.53125 -183.2 3.5
vertex 133.19375 -183.2 3.5
endloop
endfacet
facet normal 0 0 1
outer loop
vertex 238.47012044999963 -188.2 3.5
vertex 133.19375 -183.2 3.5
vertex 128.19375 -183.2 3.5
endloop
endfacet
facet normal 0 0 1
outer loop
vertex 238.47012044999963 -188.2 3.5
vertex 128.19375 -183.2 3.5
vertex 124.19375 -183.2 3.5
endloop
endfacet
facet normal 0 0 1
outer loop
vertex 238.47012044999963 -188.2 3.5
vertex 124.19375 -183.2 3.5
vertex 119.19375 -183.2 3.5
endloop
endfacet
facet normal 0 0 1
outer loop
vertex 238.47012044999963 -188.2 3.5
vertex 119.19375 -183.2 3.5
vertex 109.38125 -183.2 3.5
endloop
endfacet
facet normal 0 0 1
outer loop
vertex 238.47012044999963 -188.2 3.5
vertex 109.38125 -183.2 3.5
vertex 104.38125 -183.2 3.5
endloop
endfacet
facet normal 0 0 1
outer loop
vertex 238.47012044999963 -188.2 3.5
vertex 104.38125 -183.2 3.5
vertex 100.38125 -183.2 3.5
endloop
endfacet
facet normal 0 0 1
outer loop
vertex 238.47012044999963 -188.2 3.5
vertex 100.38125 -183.2 3.5
vertex 95.38125 -183.2 3.5
endloop
endfacet
facet normal 0 0 1
outer loop
vertex 238.47012044999963 -188.2 3.5
vertex 95.38125 -183.2 3.5
vertex 87.9819957425161 -183.2 3.5
endloop
endfacet
facet normal 0 0 1
outer loop
vertex 238.47012044999963 -188.2 3.5
vertex 87.9819957425161 -183.2 3.5
vertex 87.98169825000001 -185.19954500000017 3.5
endloop
endfacet
facet normal 0 0 1
outer loop
vertex 238.47012044999963 -188.2 3.5
vertex 87.98169825000001 -185.19954500000017 3.5
vertex 88.01856845784485 -185.66889949116202 3.5
endloop
endfacet
facet normal 0 0 1
outer loop
vertex 238.47012044999963 -188.2 3.5
vertex 88.01856845784485 -185.66889949116202 3.5
vertex 88.12841497123847 -186.12670599405982 3.5
endloop
endfacet
facet normal 0 0 1
outer loop
vertex 238.47012044999963 -188.2 3.5
vertex 88.12841497123847 -186.12670599405982 3.5
vertex 88.30853247742644 -186.56168959669938 3.5
endloop
endfacet
facet normal 0 0 1
outer loop
vertex 238.47012044999963 -188.2 3.5
vertex 88.30853247742644 -186.56168959669938 3.5
vertex 88.5544850214404 -186.9631374721372 3.5
endloop
endfacet
facet normal 0 0 1
outer loop
vertex 238.47012044999963 -188.2 3.5
vertex 88.5544850214404 -186.9631374721372 3.5
vertex 88.86021525531562 -187.32116271523483 3.5
endloop
endfacet
facet normal 0 0 1
outer loop
vertex 238.47012044999963 -188.2 3.5
vertex 88.86021525531562 -187.32116271523483 3.5
vertex 89.21819361916316 -187.62694783851165 3.5
endloop
endfacet
facet normal 0 0 1
outer loop
vertex 238.47012044999963 -188.2 3.5
vertex 89.21819361916316 -187.62694783851165 3.5
vertex 89.61960378005026 -187.87296193025634 3.5
endloop
endfacet
facet normal 0 0 1
outer loop
vertex 238.47012044999963 -188.2 3.5
vertex 89.61960378005026 -187.87296193025634 3.5
vertex 90.0545597616767 -188.05314612669943 3.5
endloop
endfacet
facet normal 0 0 1
outer loop
vertex 238.47012044999963 -188.2 3.5
vertex 90.0545597616767 -188.05314612669943 3.5
vertex 90.512349417353 -188.16306283041732 3.5
endloop
endfacet
facet normal 0 0 1
outer loop
vertex 238.47012044999963 -188.2 3.5
vertex 90.512349417353 -188.16306283041732 3.5
vertex 90.98169650000008 -188.2 3.5
endloop
endfacet
facet normal 0 0 1
outer loop
vertex 104.38125 -183.2 3.5
vertex 104.38125 -182.95 3.5
vertex 100.38125 -182.95 3.5
endloop
endfacet
facet normal 0 0 1
outer loop
vertex 104.38125 -183.2 3.5
vertex 100.38125 -182.95 3.5
vertex 100.38125 -183.2 3.5
endloop
endfacet
facet normal 0 0 1
outer loop
vertex 128.19375 -183.2 3.5
vertex 128.19375 -182.95 3.5
vertex 124.19375 -182.95 3.5
endloop
endfacet
facet normal 0 0 1
outer loop
vertex 128.19375 -183.2 3.5
vertex 124.19375 -182.95 3.5
vertex 124.19375 -183.2 3.5
endloop
endfacet
facet normal 0 0 1
outer loop
vertex 161.53125 -183.2 3.5
vertex 161.53125 -182.95 3.5
vertex 157.53125 -182.95 3.5
endloop
endfacet
facet normal 0 0 1
outer loop
vertex 161.53125 -183.2 3.5
vertex 157.53125 -182.95 3.5
vertex 157.53125 -183.2 3.5
endloop
endfacet
facet normal 0 0 1
outer loop
vertex 209.15625 -183.2 3.5
vertex 209.15625 -182.95 3.5
vertex 205.15625 -182.95 3.5
endloop
endfacet
facet normal 0 0 1
outer loop
vertex 209.15625 -183.2 3.5
vertex 205.15625 -182.95 3.5
vertex 205.15625 -183.2 3.5
endloop
endfacet
facet normal 0 0 1
outer loop
vertex 152.53125 -183.2 3.5
vertex 152.53125 -171.1 3.5
vertex 142.5 -171.1 3.5
endloop
endfacet
facet normal 0 0 1
outer loop
vertex 152.53125 -183.2 3.5
vertex 142.5 -171.1 3.5
vertex 133.19375 -171.1 3.5
endloop
endfacet
facet normal 0 0 1
outer loop
vertex 152.53125 -183.2 3.5
vertex 133.19375 -171.1 3.5
vertex 133.19375 -183.2 3.5
endloop
endfacet
facet normal 0 0 1
outer loop
vertex 200.15625 -183.2 3.5
vertex 200.15625 -171.1 3.5
vertex 182.49999999999994 -171.1 3.5
endloop
endfacet
facet normal 0 0 1
outer loop
vertex 200.15625 -183.2 3.5
vertex 182.49999999999994 -171.1 3.5
vertex 166.53125 -171.1 3.5
endloop
endfacet
facet normal 0 0 1
outer loop
vertex 200.15625 -183.2 3.5
vertex 166.53125 -171.1 3.5
vertex 166.53125 -183.2 3.5
endloop
endfacet
facet normal 0 0 1
outer loop
vertex 241.4861871169263 -183.2 3.5
vertex 241.58283481261785 -171.1 3.5
vertex 224.99999999999994 -171.1 3.5
endloop
endfacet
facet normal 0 0 1
outer loop
vertex 241.4861871169263 -183.2 3.5
vertex 224.99999999999994 -171.1 3.5
vertex 214.15625 -171.1 3.5
endloop
endfacet
facet normal 0 0 1
outer loop
vertex 241.4861871169263 -183.2 3.5
vertex 214.15625 -171.1 3.5
vertex 214.15625 -183.2 3.5
endloop
endfacet
facet normal 0 0 1
outer loop
vertex 142.5 -171.1 3.5
vertex 142.2854006457823 -171.07886380844354 3.5
vertex 133.19375 -171.07886380844354 3.5
endloop
endfacet
facet normal 0 0 1
outer loop
vertex 142.5 -171.1 3.5
vertex 133.19375 -171.07886380844354 3.5
vertex 133.19375 -171.1 3.5
endloop
endfacet
facet normal 0 0 1
outer loop
vertex 152.53125 -171.1 3.5
vertex 152.53125 -171.07886380844354 3.5
vertex 142.71459935421774 -171.07886380844354 3.5
endloop
endfacet
facet normal 0 0 1
outer loop
vertex 152.53125 -171.1 3.5
vertex 142.71459935421774 -171.07886380844354 3.5
vertex 142.5 -171.1 3.5
endloop
endfacet
facet normal 0 0 1
outer loop
vertex 182.49999999999994 -171.1 3.5
vertex 182.28540064578223 -171.07886380844354 3.5
vertex 166.53125 -171.07886380844354 3.5
endloop
endfacet
facet normal 0 0 1
outer loop
vertex 182.49999999999994 -171.1 3.5
vertex 166.53125 -171.07886380844354 3.5
vertex 166.53125 -171.1 3.5
endloop
endfacet
facet normal 0 0 1
outer loop
vertex 200.15625 -171.1 3.5
vertex 200.15625 -171.07886380844354 3.5
vertex 182.71459935421785 -171.07886380844354 3.5
endloop
endfacet
facet normal 0 0 1
outer loop
vertex 200.15625 -171.1 3.5
vertex 182.71459935421785 -171.07886380844354 3.5
vertex 182.49999999999994 -171.1 3.5
endloop
endfacet
facet normal 0 0 1
outer loop
vertex 224.99999999999994 -171.1 3.5
vertex 224.78540064578223 -171.07886380844354 3.5
vertex 214.15625 -171.07886380844354 3.5
endloop
endfacet
facet normal 0 0 1
outer loop
vertex 224.99999999999994 -171.1 3.5
vertex 214.15625 -171.07886380844354 3.5
vertex 214.15625 -171.1 3.5
endloop
endfacet
facet normal 0 0 1
outer loop
vertex 241.58283481261785 -171.1 3.5
vertex 241.58300363610624 -171.07886380844354 3.5
vertex 225.21459935421782 -171.07886380844354 3.5
endloop
endfacet
facet normal 0 0 1
outer loop
vertex 241.58283481261785 -171.1 3.5
vertex 225.21459935421782 -171.07886380844354 3.5
vertex 224.99999999999994 -171.1 3.5
endloop
endfacet
facet normal 0 0 1
outer loop
vertex 142.2854006457823 -171.07886380844354 3.5
vertex 142.07904822439858 -171.01626748576248 3.5
vertex 133.19375 -171.01626748576248 3.5
endloop
endfacet
facet normal 0 0 1
outer loop
vertex 142.2854006457823 -171.07886380844354 3.5
vertex 133.19375 -171.01626748576248 3.5
vertex 133.19375 -171.07886380844354 3.5
endloop
endfacet
facet normal 0 0 1
outer loop
vertex 152.53125 -171.07886380844354 3.5
vertex 152.53125 -171.01626748576248 3.5
vertex 142.92095177560142 -171.01626748576248 3.5
endloop
endfacet
facet normal 0 0 1
outer loop
vertex 152.53125 -171.07886380844354 3.5
vertex 142.92095177560142 -171.01626748576248 3.5
vertex 142.71459935421774 -171.07886380844354 3.5
endloop
endfacet
facet normal 0 0 1
outer loop
vertex 182.28540064578223 -171.07886380844354 3.5
vertex 182.07904822439852 -171.01626748576248 3.5
vertex 166.53125 -171.01626748576248 3.5
endloop
endfacet
facet normal 0 0 1
outer loop
vertex 182.28540064578223 -171.07886380844354 3.5
vertex 166.53125 -171.01626748576248 3.5
vertex 166.53125 -171.07886380844354 3.5
endloop
endfacet
facet normal 0 0 1
outer loop
vertex 200.15625 -171.07886380844354 3.5
vertex 200.15625 -171.01626748576248 3.5
vertex 182.92095177560137 -171.01626748576248 3.5
endloop
endfacet
facet normal 0 0 1
outer loop
vertex 200.15625 -171.07886380844354 3.5
vertex 182.92095177560137 -171.01626748576248 3.5
vertex 182.71459935421785 -171.07886380844354 3.5
endloop
endfacet
facet normal 0 0 1
outer loop
vertex 224.78540064578223 -171.07886380844354 3.5
vertex 224.57904822439852 -171.01626748576248 3.5
vertex 214.15625 -171.01626748576248 3.5
endloop
endfacet
facet normal 0 0 1
outer loop
vertex 224.78540064578223 -171.07886380844354 3.5
vertex 214.15625 -171.01626748576248 3.5
vertex 214.15625 -171.07886380844354 3.5
endloop
endfacet
facet normal 0 0 1
outer loop
vertex 241.58300363610624 -171.07886380844354 3.5
vertex 241.58350361877945 -171.01626748576248 3.5
vertex 225.42095177560137 -171.01626748576248 3.5
endloop
endfacet
facet normal 0 0 1
outer loop
vertex 241.58300363610624 -171.07886380844354 3.5
vertex 225.42095177560137 -171.01626748576248 3.5
vertex 225.21459935421782 -171.07886380844354 3.5
endloop
endfacet
facet normal 0 0 1
outer loop
vertex 142.07904822439858 -171.01626748576248 3.5
vertex 141.88887274367838 -170.91461657353275 3.5
vertex 133.19375 -170.91461657353275 3.5
endloop
endfacet
facet normal 0 0 1
outer loop
vertex 142.07904822439858 -171.01626748576248 3.5
vertex 133.19375 -170.91461657353275 3.5
vertex 133.19375 -171.01626748576248 3.5
endloop
endfacet
facet normal 0 0 1
outer loop
vertex 152.53125 -171.01626748576248 3.5
vertex 152.53125 -170.91461657353275 3.5
vertex 143.11112725632157 -170.91461657353275 3.5
endloop
endfacet
facet normal 0 0 1
outer loop
vertex 152.53125 -171.01626748576248 3.5
vertex 143.11112725632157 -170.91461657353275 3.5
vertex 142.92095177560142 -171.01626748576248 3.5
endloop
endfacet
facet normal 0 0 1
outer loop
vertex 182.07904822439852 -171.01626748576248 3.5
vertex 181.88887274367835 -170.91461657353275 3.5
vertex 166.53125 -170.91461657353275 3.5
endloop
endfacet
facet normal 0 0 1
outer loop
vertex 182.07904822439852 -171.01626748576248 3.5
vertex 166.53125 -170.91461657353275 3.5
vertex 166.53125 -171.01626748576248 3.5
endloop
endfacet
facet normal 0 0 1
outer loop
vertex 200.15625 -171.01626748576248 3.5
vertex 200.15625 -170.91461657353275 3.5
vertex 183.11112725632177 -170.91461657353275 3.5
endloop
endfacet
facet normal 0 0 1
outer loop
vertex 200.15625 -171.01626748576248 3.5
vertex 183.11112725632177 -170.91461657353275 3.5
vertex 182.92095177560137 -171.01626748576248 3.5
endloop
endfacet
facet normal 0 0 1
outer loop
vertex 224.57904822439852 -171.01626748576248 3.5
vertex 224.38887274367835 -170.91461657353275 3.5
vertex 214.15625 -170.91461657353275 3.5
endloop
endfacet
facet normal 0 0 1
outer loop
vertex 224.57904822439852 -171.01626748576248 3.5
vertex 214.15625 -170.91461657353275 3.5
vertex 214.15625 -171.01626748576248 3.5
endloop
endfacet
facet normal 0 0 1
outer loop
vertex 241.58350361877945 -171.01626748576248 3.5
vertex 241.58431554658375 -170.91461657353275 3.5
vertex 225.61112725632165 -170.91461657353275 3.5
endloop
endfacet
facet normal 0 0 1
outer loop
vertex 241.58350361877945 -171.01626748576248 3.5
vertex 225.61112725632165 -170.91461657353275 3.5
vertex 225.42095177560137 -171.01626748576248 3.5
endloop
endfacet
facet normal 0 0 1
outer loop
vertex 141.88887274367838 -170.91461657353275 3.5
vertex 141.72218254069486 -170.77781745930517 3.5
vertex 133.19375 -170.77781745930517 3.5
endloop
endfacet
facet normal 0 0 1
outer loop
vertex 141.88887274367838 -170.91461657353275 3.5
vertex 133.19375 -170.77781745930517 3.5
vertex 133.19375 -170.91461657353275 3.5
endloop
endfacet
facet normal 0 0 1
outer loop
vertex 152.53125 -170.91461657353275 3.5
vertex 152.53125 -170.77781745930517 3.5
vertex 143.27781745930523 -170.77781745930517 3.5
endloop
endfacet
facet normal 0 0 1
outer loop
vertex 152.53125 -170.91461657353275 3.5
vertex 143.27781745930523 -170.77781745930517 3.5
vertex 143.11112725632157 -170.91461657353275 3.5
endloop
endfacet
facet normal 0 0 1
outer loop
vertex 181.88887274367835 -170.91461657353275 3.5
vertex 181.7221825406949 -170.77781745930517 3.5
vertex 166.53125 -170.77781745930517 3.5
endloop
endfacet
facet normal 0 0 1
outer loop
vertex 181.88887274367835 -170.91461657353275 3.5
vertex 166.53125 -170.77781745930517 3.5
vertex 166.53125 -170.91461657353275 3.5
endloop
endfacet
facet normal 0 0 1
outer loop
vertex 200.15625 -170.91461657353275 3.5
vertex 200.15625 -170.77781745930517 3.5
vertex 183.27781745930523 -170.77781745930517 3.5
endloop
endfacet
facet normal 0 0 1
outer loop
vertex 200.15625 -170.91461657353275 3.5
vertex 183.27781745930523 -170.77781745930517 3.5
vertex 183.11112725632177 -170.91461657353275 3.5
endloop
endfacet
facet normal 0 0 1
outer loop
vertex 224.38887274367835 -170.91461657353275 3.5
vertex 224.22218254069477 -170.77781745930517 3.5
vertex 214.15625 -170.77781745930517 3.5
endloop
endfacet
facet normal 0 0 1
outer loop
vertex 224.38887274367835 -170.91461657353275 3.5
vertex 214.15625 -170.77781745930517 3.5
vertex 214.15625 -170.91461657353275 3.5
endloop
endfacet
facet normal 0 0 1
outer loop
vertex 241.58431554658375 -170.91461657353275 3.5
vertex 241.58540821758893 -170.77781745930517 3.5
vertex 225.77781745930525 -170.77781745930517 3.5
endloop
endfacet
facet normal 0 0 1
outer loop
vertex 241.58431554658375 -170.91461657353275 3.5
vertex 225.77781745930525 -170.77781745930517 3.5
vertex 225.61112725632165 -170.91461657353275 3.5
endloop
endfacet
facet normal 0 0 1
outer loop
vertex 141.72218254069486 -170.77781745930517 3.5
vertex 141.58538342646713 -170.61112725632168 3.5
vertex 133.19375 -170.61112725632168 3.5
endloop
endfacet
facet normal 0 0 1
outer loop
vertex 141.72218254069486 -170.77781745930517 3.5
vertex 133.19375 -170.61112725632168 3.5
vertex 133.19375 -170.77781745930517 3.5
endloop
endfacet
facet normal 0 0 1
outer loop
vertex 152.53125 -170.77781745930517 3.5
vertex 152.53125 -170.61112725632168 3.5
vertex 143.4146165735327 -170.61112725632168 3.5
endloop
endfacet
facet normal 0 0 1
outer loop
vertex 152.53125 -170.77781745930517 3.5
vertex 143.4146165735327 -170.61112725632168 3.5
vertex 143.27781745930523 -170.77781745930517 3.5
endloop
endfacet
facet normal 0 0 1
outer loop
vertex 181.7221825406949 -170.77781745930517 3.5
vertex 181.5853834264672 -170.61112725632168 3.5
vertex 166.53125 -170.61112725632168 3.5
endloop
endfacet
facet normal 0 0 1
outer loop
vertex 181.7221825406949 -170.77781745930517 3.5
vertex 166.53125 -170.61112725632168 3.5
vertex 166.53125 -170.77781745930517 3.5
endloop
endfacet
facet normal 0 0 1
outer loop
vertex 200.15625 -170.77781745930517 3.5
vertex 200.15625 -170.61112725632168 3.5
vertex 183.41461657353273 -170.61112725632168 3.5
endloop
endfacet
facet normal 0 0 1
outer loop
vertex 200.15625 -170.77781745930517 3.5
vertex 183.41461657353273 -170.61112725632168 3.5
vertex 183.27781745930523 -170.77781745930517 3.5
endloop
endfacet
facet normal 0 0 1
outer loop
vertex 224.22218254069477 -170.77781745930517 3.5
vertex 224.08538342646727 -170.61112725632168 3.5
vertex 214.15625 -170.61112725632168 3.5
endloop
endfacet
facet normal 0 0 1
outer loop
vertex 224.22218254069477 -170.77781745930517 3.5
vertex 214.15625 -170.61112725632168 3.5
vertex 214.15625 -170.77781745930517 3.5
endloop
endfacet
facet normal 0 0 1
outer loop
vertex 241.58540821758893 -170.77781745930517 3.5
vertex 241.58673964106106 -170.61112725632168 3.5
vertex 225.9146165735327 -170.61112725632168 3.5
endloop
endfacet
facet normal 0 0 1
outer loop
vertex 241.58540821758893 -170.77781745930517 3.5
vertex 225.9146165735327 -170.61112725632168 3.5
vertex 225.77781745930525 -170.77781745930517 3.5
endloop
endfacet
facet normal 0 0 1
outer loop
vertex 141.58538342646713 -170.61112725632168 3.5
vertex 141.48373251423752 -170.42095177560157 3.5
vertex 133.19375 -170.42095177560157 3.5
endloop
endfacet
facet normal 0 0 1
outer loop
vertex 141.58538342646713 -170.61112725632168 3.5
vertex 133.19375 -170.42095177560157 3.5
vertex 133.19375 -170.61112725632168 3.5
endloop
endfacet
facet normal 0 0 1
outer loop
vertex 152.53125 -170.61112725632168 3.5
vertex 152.53125 -170.42095177560157 3.5
vertex 143.51626748576246 -170.42095177560157 3.5
endloop
endfacet
facet normal 0 0 1
outer loop
vertex 152.53125 -170.61112725632168 3.5
vertex 143.51626748576246 -170.42095177560157 3.5
vertex 143.4146165735327 -170.61112725632168 3.5
endloop
endfacet
facet normal 0 0 1
outer loop
vertex 181.5853834264672 -170.61112725632168 3.5
vertex 181.48373251423757 -170.42095177560157 3.5
vertex 166.53125 -170.42095177560157 3.5
endloop
endfacet
facet normal 0 0 1
outer loop
vertex 181.5853834264672 -170.61112725632168 3.5
vertex 166.53125 -170.42095177560157 3.5
vertex 166.53125 -170.61112725632168 3.5
endloop
endfacet
facet normal 0 0 1
outer loop
vertex 200.15625 -170.61112725632168 3.5
vertex 200.15625 -170.42095177560157 3.5
vertex 183.51626748576248 -170.42095177560157 3.5
endloop
endfacet
facet normal 0 0 1
outer loop
vertex 200.15625 -170.61112725632168 3.5
vertex 183.51626748576248 -170.42095177560157 3.5
vertex 183.41461657353273 -170.61112725632168 3.5
endloop
endfacet
facet normal 0 0 1
outer loop
vertex 224.08538342646727 -170.61112725632168 3.5
vertex 223.98373251423757 -170.42095177560157 3.5
vertex 214.15625 -170.42095177560157 3.5
endloop
endfacet
facet normal 0 0 1
outer loop
vertex 224.08538342646727 -170.61112725632168 3.5
vertex 214.15625 -170.42095177560157 3.5
vertex 214.15625 -170.61112725632168 3.5
endloop
endfacet
facet normal 0 0 1
outer loop
vertex 241.58673964106106 -170.61112725632168 3.5
vertex 241.58825865114275 -170.42095177560157 3.5
vertex 226.01626748576243 -170.42095177560157 3.5
endloop
endfacet
facet normal 0 0 1
outer loop
vertex 241.58673964106106 -170.61112725632168 3.5
vertex 226.01626748576243 -170.42095177560157 3.5
vertex 225.9146165735327 -170.61112725632168 3.5
endloop
endfacet
facet normal 0 0 1
outer loop
vertex 141.48373251423752 -170.42095177560157 3.5
vertex 141.42113619155643 -170.21459935421763 3.5
vertex 133.19375 -170.21459935421763 3.5
endloop
endfacet
facet normal 0 0 1
outer loop
vertex 141.48373251423752 -170.42095177560157 3.5
vertex 133.19375 -170.21459935421763 3.5
vertex 133.19375 -170.42095177560157 3.5
endloop
endfacet
facet normal 0 0 1
outer loop
vertex 152.53125 -170.42095177560157 3.5
vertex 152.53125 -170.21459935421763 3.5
vertex 143.57886380844357 -170.21459935421763 3.5
endloop
endfacet
facet normal 0 0 1
outer loop
vertex 152.53125 -170.42095177560157 3.5
vertex 143.57886380844357 -170.21459935421763 3.5
vertex 143.51626748576246 -170.42095177560157 3.5
endloop
endfacet
facet normal 0 0 1
outer loop
vertex 181.48373251423757 -170.42095177560157 3.5
vertex 181.42113619155643 -170.21459935421763 3.5
vertex 166.53125 -170.21459935421763 3.5
endloop
endfacet
facet normal 0 0 1
outer loop
vertex 181.48373251423757 -170.42095177560157 3.5
vertex 166.53125 -170.21459935421763 3.5
vertex 166.53125 -170.42095177560157 3.5
endloop
endfacet
facet normal 0 0 1
outer loop
vertex 200.15625 -170.42095177560157 3.5
vertex 200.15625 -170.21459935421763 3.5
vertex 183.57886380844354 -170.21459935421763 3.5
endloop
endfacet
facet normal 0 0 1
outer loop
vertex 200.15625 -170.42095177560157 3.5
vertex 183.57886380844354 -170.21459935421763 3.5
vertex 183.51626748576248 -170.42095177560157 3.5
endloop
endfacet
facet normal 0 0 1
outer loop
vertex 223.98373251423757 -170.42095177560157 3.5
vertex 223.92113619155643 -170.21459935421763 3.5
vertex 214.15625 -170.21459935421763 3.5
endloop
endfacet
facet normal 0 0 1
outer loop
vertex 223.98373251423757 -170.42095177560157 3.5
vertex 214.15625 -170.21459935421763 3.5
vertex 214.15625 -170.42095177560157 3.5
endloop
endfacet
facet normal 0 0 1
outer loop
vertex 241.58825865114275 -170.42095177560157 3.5
vertex 241.58990687312846 -170.21459935421763 3.5
vertex 226.07886380844357 -170.21459935421763 3.5
endloop
endfacet
facet normal 0 0 1
outer loop
vertex 241.58825865114275 -170.42095177560157 3.5
vertex 226.07886380844357 -170.21459935421763 3.5
vertex 226.01626748576243 -170.42095177560157 3.5
endloop
endfacet
facet normal 0 0 1
outer loop
vertex 141.42113619155643 -170.21459935421763 3.5
vertex 141.4 -170.0000000000001 3.5
vertex 133.19375 -170.0000000000001 3.5
endloop
endfacet
facet normal 0 0 1
outer loop
vertex 141.42113619155643 -170.21459935421763 3.5
vertex 133.19375 -170.0000000000001 3.5
vertex 133.19375 -170.21459935421763 3.5
endloop
endfacet
facet normal 0 0 1
outer loop
vertex 152.53125 -170.21459935421763 3.5
vertex 152.53125 -170.0000000000001 3.5
vertex 143.6 -170.0000000000001 3.5
endloop
endfacet
facet normal 0 0 1
outer loop
vertex 152.53125 -170.21459935421763 3.5
vertex 143.6 -170.0000000000001 3.5
vertex 143.57886380844357 -170.21459935421763 3.5
endloop
endfacet
facet normal 0 0 1
outer loop
vertex 181.42113619155643 -170.21459935421763 3.5
vertex 181.4 -170.0000000000001 3.5
vertex 166.53125 -170.0000000000001 3.5
endloop
endfacet
facet normal 0 0 1
outer loop
vertex 181.42113619155643 -170.21459935421763 3.5
vertex 166.53125 -170.0000000000001 3.5
vertex 166.53125 -170.21459935421763 3.5
endloop
endfacet
facet normal 0 0 1
outer loop
vertex 200.15625 -170.21459935421763 3.5
vertex 200.15625 -170.0000000000001 3.5
vertex 183.60000000000002 -170.0000000000001 3.5
endloop
endfacet
facet normal 0 0 1
outer loop
vertex 200.15625 -170.21459935421763 3.5
vertex 183.60000000000002 -170.0000000000001 3.5
vertex 183.57886380844354 -170.21459935421763 3.5
endloop
endfacet
facet normal 0 0 1
outer loop
vertex 223.92113619155643 -170.21459935421763 3.5
vertex 223.9 -170.0000000000001 3.5
vertex 214.15625 -170.0000000000001 3.5
endloop
endfacet
facet normal 0 0 1
outer loop
vertex 223.92113619155643 -170.21459935421763 3.5
vertex 214.15625 -170.0000000000001 3.5
vertex 214.15625 -170.21459935421763 3.5
endloop
endfacet
facet normal 0 0 1
outer loop
vertex 241.58990687312846 -170.21459935421763 3.5
vertex 241.59162096677161 -170.0000000000001 3.5
vertex 226.1 -170.0000000000001 3.5
endloop
endfacet
facet normal 0 0 1
outer loop
vertex 241.58990687312846 -170.21459935421763 3.5
vertex 226.1 -170.0000000000001 3.5
vertex 226.07886380844357 -170.21459935421763 3.5
endloop
endfacet
facet normal 0 0 1
outer loop
vertex 141.4 -170.0000000000001 3.5
vertex 141.42113619155649 -169.78540064578212 3.5
vertex 133.19375 -169.78540064578212 3.5
endloop
endfacet
facet normal 0 0 1
outer loop
vertex 141.4 -170.0000000000001 3.5
vertex 133.19375 -169.78540064578212 3.5
vertex 133.19375 -170.0000000000001 3.5
endloop
endfacet
facet normal 0 0 1
outer loop
vertex 152.53125 -170.0000000000001 3.5
vertex 152.53125 -169.78540064578212 3.5
vertex 143.57886380844351 -169.78540064578212 3.5
endloop
endfacet
facet normal 0 0 1
outer loop
vertex 152.53125 -170.0000000000001 3.5
vertex 143.57886380844351 -169.78540064578212 3.5
vertex 143.6 -170.0000000000001 3.5
endloop
endfacet
facet normal 0 0 1
outer loop
vertex 181.4 -170.0000000000001 3.5
vertex 181.42113619155649 -169.78540064578212 3.5
vertex 166.53125 -169.78540064578212 3.5
endloop
endfacet
facet normal 0 0 1
outer loop
vertex 181.4 -170.0000000000001 3.5
vertex 166.53125 -169.78540064578212 3.5
vertex 166.53125 -170.0000000000001 3.5
endloop
endfacet
facet normal 0 0 1
outer loop
vertex 200.15625 -170.0000000000001 3.5
vertex 200.15625 -169.78540064578212 3.5
vertex 183.57886380844351 -169.78540064578212 3.5
endloop
endfacet
facet normal 0 0 1
outer loop
vertex 200.15625 -170.0000000000001 3.5
vertex 183.57886380844351 -169.78540064578212 3.5
vertex 183.60000000000002 -170.0000000000001 3.5
endloop
endfacet
facet normal 0 0 1
outer loop
vertex 223.9 -170.0000000000001 3.5
vertex 223.9211361915565 -169.78540064578212 3.5
vertex 214.15625 -169.78540064578212 3.5
endloop
endfacet
facet normal 0 0 1
outer loop
vertex 223.9 -170.0000000000001 3.5
vertex 214.15625 -169.78540064578212 3.5
vertex 214.15625 -170.0000000000001 3.5
endloop
endfacet
facet normal 0 0 1
outer loop
vertex 241.59162096677161 -170.0000000000001 3.5
vertex 241.59333506041474 -169.78540064578212 3.5
vertex 226.07886380844351 -169.78540064578212 3.5
endloop
endfacet
facet normal 0 0 1
outer loop
vertex 241.59162096677161 -170.0000000000001 3.5
vertex 226.07886380844351 -169.78540064578212 3.5
vertex 226.1 -170.0000000000001 3.5
endloop
endfacet
facet normal 0 0 1
outer loop
vertex 141.42113619155649 -169.78540064578212 3.5
vertex 141.4837325142376 -169.57904822439846 3.5
vertex 133.19375 -169.57904822439846 3.5
endloop
endfacet
facet normal 0 0 1
outer loop
vertex 141.42113619155649 -169.78540064578212 3.5
vertex 133.19375 -169.57904822439846 3.5
vertex 133.19375 -169.78540064578212 3.5
endloop
endfacet
facet normal 0 0 1
outer loop
vertex 152.53125 -169.78540064578212 3.5
vertex 152.53125 -169.57904822439846 3.5
vertex 143.51626748576246 -169.57904822439846 3.5
endloop
endfacet
facet normal 0 0 1
outer loop
vertex 152.53125 -169.78540064578212 3.5
vertex 143.51626748576246 -169.57904822439846 3.5
vertex 143.57886380844351 -169.78540064578212 3.5
endloop
endfacet
facet normal 0 0 1
outer loop
vertex 181.42113619155649 -169.78540064578212 3.5
vertex 181.4837325142376 -169.57904822439846 3.5
vertex 166.53125 -169.57904822439846 3.5
endloop
endfacet
facet normal 0 0 1
outer loop
vertex 181.42113619155649 -169.78540064578212 3.5
vertex 166.53125 -169.57904822439846 3.5
vertex 166.53125 -169.78540064578212 3.5
endloop
endfacet
facet normal 0 0 1
outer loop
vertex 200.15625 -169.78540064578212 3.5
vertex 200.15625 -169.57904822439846 3.5
vertex 183.51626748576246 -169.57904822439846 3.5
endloop
endfacet
facet normal 0 0 1
outer loop
vertex 200.15625 -169.78540064578212 3.5
vertex 183.51626748576246 -169.57904822439846 3.5
vertex 183.57886380844351 -169.78540064578212 3.5
endloop
endfacet
facet normal 0 0 1
outer loop
vertex 223.9211361915565 -169.78540064578212 3.5
vertex 223.98373251423754 -169.57904822439846 3.5
vertex 214.15625 -169.57904822439846 3.5
endloop
endfacet
facet normal 0 0 1
outer loop
vertex 223.9211361915565 -169.78540064578212 3.5
vertex 214.15625 -169.57904822439846 3.5
vertex 214.15625 -169.78540064578212 3.5
endloop
endfacet
facet normal 0 0 1
outer loop
vertex 241.59333506041474 -169.78540064578212 3.5
vertex 241.59498328240048 -169.57904822439846 3.5
vertex 226.01626748576246 -169.57904822439846 3.5
endloop
endfacet
facet normal 0 0 1
outer loop
vertex 241.59333506041474 -169.78540064578212 3.5
vertex 226.01626748576246 -169.57904822439846 3.5
vertex 226.07886380844351 -169.78540064578212 3.5
endloop
endfacet
facet normal 0 0 1
outer loop
vertex 141.4837325142376 -169.57904822439846 3.5
vertex 141.5853834264672 -169.38887274367843 3.5
vertex 133.19375 -169.38887274367843 3.5
endloop
endfacet
facet normal 0 0 1
outer loop
vertex 141.4837325142376 -169.57904822439846 3.5
vertex 133.19375 -169.38887274367843 3.5
vertex 133.19375 -169.57904822439846 3.5
endloop
endfacet
facet normal 0 0 1
outer loop
vertex 152.53125 -169.57904822439846 3.5
vertex 152.53125 -169.38887274367843 3.5
vertex 143.4146165735328 -169.38887274367843 3.5
endloop
endfacet
facet normal 0 0 1
outer loop
vertex 152.53125 -169.57904822439846 3.5
vertex 143.4146165735328 -169.38887274367843 3.5
vertex 143.51626748576246 -169.57904822439846 3.5
endloop
endfacet
facet normal 0 0 1
outer loop
vertex 181.4837325142376 -169.57904822439846 3.5
vertex 181.58538342646727 -169.38887274367843 3.5
vertex 166.53125 -169.38887274367843 3.5
endloop
endfacet
facet normal 0 0 1
outer loop
vertex 181.4837325142376 -169.57904822439846 3.5
vertex 166.53125 -169.38887274367843 3.5
vertex 166.53125 -169.57904822439846 3.5
endloop
endfacet
facet normal 0 0 1
outer loop
vertex 200.15625 -169.57904822439846 3.5
vertex 200.15625 -169.38887274367843 3.5
vertex 183.4146165735328 -169.38887274367843 3.5
endloop
endfacet
facet normal 0 0 1
outer loop
vertex 200.15625 -169.57904822439846 3.5
vertex 183.4146165735328 -169.38887274367843 3.5
vertex 183.51626748576246 -169.57904822439846 3.5
endloop
endfacet
facet normal 0 0 1
outer loop
vertex 223.98373251423754 -169.57904822439846 3.5
vertex 224.0853834264671 -169.38887274367843 3.5
vertex 214.15625 -169.38887274367843 3.5
endloop
endfacet
facet normal 0 0 1
outer loop
vertex 223.98373251423754 -169.57904822439846 3.5
vertex 214.15625 -169.38887274367843 3.5
vertex 214.15625 -169.57904822439846 3.5
endloop
endfacet
facet normal 0 0 1
outer loop
vertex 241.59498328240048 -169.57904822439846 3.5
vertex 241.59650229248217 -169.38887274367843 3.5
vertex 225.9146165735328 -169.38887274367843 3.5
endloop
endfacet
facet normal 0 0 1
outer loop
vertex 241.59498328240048 -169.57904822439846 3.5
vertex 225.9146165735328 -169.38887274367843 3.5
vertex 226.01626748576246 -169.57904822439846 3.5
endloop
endfacet
facet normal 0 0 1
outer loop
vertex 141.5853834264672 -169.38887274367843 3.5
vertex 141.72218254069483 -169.2221825406948 3.5
vertex 133.19375 -169.2221825406948 3.5
endloop
endfacet
facet normal 0 0 1
outer loop
vertex 141.5853834264672 -169.38887274367843 3.5
vertex 133.19375 -169.2221825406948 3.5
vertex 133.19375 -169.38887274367843 3.5
endloop
endfacet
facet normal 0 0 1
outer loop
vertex 152.53125 -169.38887274367843 3.5
vertex 152.53125 -169.2221825406948 3.5
vertex 143.27781745930517 -169.2221825406948 3.5
endloop
endfacet
facet normal 0 0 1
outer loop
vertex 152.53125 -169.38887274367843 3.5
vertex 143.27781745930517 -169.2221825406948 3.5
vertex 143.4146165735328 -169.38887274367843 3.5
endloop
endfacet
facet normal 0 0 1
outer loop
vertex 181.58538342646727 -169.38887274367843 3.5
vertex 181.72218254069472 -169.2221825406948 3.5
vertex 166.53125 -169.2221825406948 3.5
endloop
endfacet
facet normal 0 0 1
outer loop
vertex 181.58538342646727 -169.38887274367843 3.5
vertex 166.53125 -169.2221825406948 3.5
vertex 166.53125 -169.38887274367843 3.5
endloop
endfacet
facet normal 0 0 1
outer loop
vertex 200.15625 -169.38887274367843 3.5
vertex 200.15625 -169.2221825406948 3.5
vertex 183.2778174593052 -169.2221825406948 3.5
endloop
endfacet
facet normal 0 0 1
outer loop
vertex 200.15625 -169.38887274367843 3.5
vertex 183.2778174593052 -169.2221825406948 3.5
vertex 183.4146165735328 -169.38887274367843 3.5
endloop
endfacet
facet normal 0 0 1
outer loop
vertex 224.0853834264671 -169.38887274367843 3.5
vertex 224.22218254069486 -169.2221825406948 3.5
vertex 214.15625 -169.2221825406948 3.5
endloop
endfacet
facet normal 0 0 1
outer loop
vertex 224.0853834264671 -169.38887274367843 3.5
vertex 214.15625 -169.2221825406948 3.5
vertex 214.15625 -169.38887274367843 3.5
endloop
endfacet
facet normal 0 0 1
outer loop
vertex 241.59650229248217 -169.38887274367843 3.5
vertex 241.5978337159543 -169.2221825406948 3.5
vertex 225.77781745930517 -169.2221825406948 3.5
endloop
endfacet
facet normal 0 0 1
outer loop
vertex 241.59650229248217 -169.38887274367843 3.5
vertex 225.77781745930517 -169.2221825406948 3.5
vertex 225.9146165735328 -169.38887274367843 3.5
endloop
endfacet
facet normal 0 0 1
outer loop
vertex 95.38125 -183.2 3.5
vertex 95.38125 -169.2 3.5
vertex 87.98407866399339 -169.2 3.5
endloop
endfacet
facet normal 0 0 1
outer loop
vertex 95.38125 -183.2 3.5
vertex 87.98407866399339 -169.2 3.5
vertex 87.9819957425161 -183.2 3.5
endloop
endfacet
facet normal 0 0 1
outer loop
vertex 104.38125 -169.45 3.5
vertex 104.38125 -169.2 3.5
vertex 100.38125 -169.2 3.5
endloop
endfacet
facet normal 0 0 1
outer loop
vertex 104.38125 -169.45 3.5
vertex 100.38125 -169.2 3.5
vertex 100.38125 -169.45 3.5
endloop
endfacet
facet normal 0 0 1
outer loop
vertex 119.19375 -183.2 3.5
vertex 119.19375 -169.2 3.5
vertex 109.38125 -169.2 3.5
endloop
endfacet
facet normal 0 0 1
outer loop
vertex 119.19375 -183.2 3.5
vertex 109.38125 -169.2 3.5
vertex 109.38125 -183.2 3.5
endloop
endfacet
facet normal 0 0 1
outer loop
vertex 128.19375 -169.45 3.5
vertex 128.19375 -169.2 3.5
vertex 124.19375 -169.2 3.5
endloop
endfacet
facet normal 0 0 1
outer loop
vertex 128.19375 -169.45 3.5
vertex 124.19375 -169.2 3.5
vertex 124.19375 -169.45 3.5
endloop
endfacet
facet normal 0 0 1
outer loop
vertex 141.72218254069483 -169.2221825406948 3.5
vertex 141.74921204473793 -169.2 3.5
vertex 133.19375 -169.2 3.5
endloop
endfacet
facet normal 0 0 1
outer loop
vertex 141.72218254069483 -169.2221825406948 3.5
vertex 133.19375 -169.2 3.5
vertex 133.19375 -169.2221825406948 3.5
endloop
endfacet
facet normal 0 0 1
outer loop
vertex 152.53125 -169.2221825406948 3.5
vertex 152.53125 -169.2 3.5
vertex 143.25078795526204 -169.2 3.5
endloop
endfacet
facet normal 0 0 1
outer loop
vertex 152.53125 -169.2221825406948 3.5
vertex 143.25078795526204 -169.2 3.5
vertex 143.27781745930517 -169.2221825406948 3.5
endloop
endfacet
facet normal 0 0 1
outer loop
vertex 161.53125 -169.45 3.5
vertex 161.53125 -169.2 3.5
vertex 157.53125 -169.2 3.5
endloop
endfacet
facet normal 0 0 1
outer loop
vertex 161.53125 -169.45 3.5
vertex 157.53125 -169.2 3.5
vertex 157.53125 -169.45 3.5
endloop
endfacet
facet normal 0 0 1
outer loop
vertex 181.72218254069472 -169.2221825406948 3.5
vertex 181.7492120447379 -169.2 3.5
vertex 166.53125 -169.2 3.5
endloop
endfacet
facet normal 0 0 1
outer loop
vertex 181.72218254069472 -169.2221825406948 3.5
vertex 166.53125 -169.2 3.5
vertex 166.53125 -169.2221825406948 3.5
endloop
endfacet
facet normal 0 0 1
outer loop
vertex 200.15625 -169.2221825406948 3.5
vertex 200.15625 -169.2 3.5
vertex 183.25078795526207 -169.2 3.5
endloop
endfacet
facet normal 0 0 1
outer loop
vertex 200.15625 -169.2221825406948 3.5
vertex 183.25078795526207 -169.2 3.5
vertex 183.2778174593052 -169.2221825406948 3.5
endloop
endfacet
facet normal 0 0 1
outer loop
vertex 209.15625 -169.45 3.5
vertex 209.15625 -169.2 3.5
vertex 205.15625 -169.2 3.5
endloop
endfacet
facet normal 0 0 1
outer loop
vertex 209.15625 -169.45 3.5
vertex 205.15625 -169.2 3.5
vertex 205.15625 -169.45 3.5
endloop
endfacet
facet normal 0 0 1
outer loop
vertex 224.22218254069486 -169.2221825406948 3.5
vertex 224.24921204473796 -169.2 3.5
vertex 214.15625 -169.2 3.5
endloop
endfacet
facet normal 0 0 1
outer loop
vertex 224.22218254069486 -169.2221825406948 3.5
vertex 214.15625 -169.2 3.5
vertex 214.15625 -169.2221825406948 3.5
endloop
endfacet
facet normal 0 0 1
outer loop
vertex 95.38125 -169.2 3.5
vertex 100.38125 -169.2 3.5
vertex 104.38125 -169.2 3.5
endloop
endfacet
facet normal 0 0 1
outer loop
vertex 95.38125 -169.2 3.5
vertex 104.38125 -169.2 3.5
vertex 109.38125 -169.2 3.5
endloop
endfacet
facet normal 0 0 1
outer loop
vertex 95.38125 -169.2 3.5
vertex 109.38125 -169.2 3.5
vertex 119.19375 -169.2 3.5
endloop
endfacet
facet normal 0 0 1
outer loop
vertex 95.38125 -169.2 3.5
vertex 119.19375 -169.2 3.5
vertex 124.19375 -169.2 3.5
endloop
endfacet
facet normal 0 0 1
outer loop
vertex 95.38125 -169.2 3.5
vertex 124.19375 -169.2 3.5
vertex 128.19375 -169.2 3.5
endloop
endfacet
facet normal 0 0 1
outer loop
vertex 95.38125 -169.2 3.5
vertex 128.19375 -169.2 3.5
vertex 133.19375 -169.2 3.5
endloop
endfacet
facet normal 0 0 1
outer loop
vertex 95.38125 -169.2 3.5
vertex 133.19375 -169.2 3.5
vertex 141.74921204473793 -169.2 3.5
endloop
endfacet
facet normal 0 0 1
outer loop
vertex 95.38125 -169.2 3.5
vertex 141.74921204473793 -169.2 3.5
vertex 141.88887274367852 -169.08538342646716 3.5
endloop
endfacet
facet normal 0 0 1
outer loop
vertex 95.38125 -169.2 3.5
vertex 141.88887274367852 -169.08538342646716 3.5
vertex 87.9840957166593 -169.08538342646716 3.5
endloop
endfacet
facet normal 0 0 1
outer loop
vertex 95.38125 -169.2 3.5
vertex 87.9840957166593 -169.08538342646716 3.5
vertex 87.98407866399339 -169.2 3.5
endloop
endfacet
facet normal 0 0 1
outer loop
vertex 152.53125 -169.2 3.5
vertex 157.53125 -169.2 3.5
vertex 161.53125 -169.2 3.5
endloop
endfacet
facet normal 0 0 1
outer loop
vertex 152.53125 -169.2 3.5
vertex 161.53125 -169.2 3.5
vertex 166.53125 -169.2 3.5
endloop
endfacet
facet normal 0 0 1
outer loop
vertex 152.53125 -169.2 3.5
vertex 166.53125 -169.2 3.5
vertex 181.7492120447379 -169.2 3.5
endloop
endfacet
facet normal 0 0 1
outer loop
vertex 152.53125 -169.2 3.5
vertex 181.7492120447379 -169.2 3.5
vertex 181.88887274367852 -169.08538342646716 3.5
endloop
endfacet
facet normal 0 0 1
outer loop
vertex 152.53125 -169.2 3.5
vertex 181.88887274367852 -169.08538342646716 3.5
vertex 143.11112725632154 -169.08538342646716 3.5
endloop
endfacet
facet normal 0 0 1
outer loop
vertex 152.53125 -169.2 3.5
vertex 143.11112725632154 -169.08538342646716 3.5
vertex 143.25078795526204 -169.2 3.5
endloop
endfacet
facet normal 0 0 1
outer loop
vertex 200.15625 -169.2 3.5
vertex 205.15625 -169.2 3.5
vertex 209.15625 -169.2 3.5
endloop
endfacet
facet normal 0 0 1
outer loop
vertex 200.15625 -169.2 3.5
vertex 209.15625 -169.2 3.5
vertex 214.15625 -169.2 3.5
endloop
endfacet
facet normal 0 0 1
outer loop
vertex 200.15625 -169.2 3.5
vertex 214.15625 -169.2 3.5
vertex 224.24921204473796 -169.2 3.5
endloop
endfacet
facet normal 0 0 1
outer loop
vertex 200.15625 -169.2 3.5
vertex 224.24921204473796 -169.2 3.5
vertex 224.38887274367855 -169.08538342646716 3.5
endloop
endfacet
facet normal 0 0 1
outer loop
vertex 200.15625 -169.2 3.5
vertex 224.38887274367855 -169.08538342646716 3.5
vertex 183.11112725632154 -169.08538342646716 3.5
endloop
endfacet
facet normal 0 0 1
outer loop
vertex 200.15625 -169.2 3.5
vertex 183.11112725632154 -169.08538342646716 3.5
vertex 183.25078795526207 -169.2 3.5
endloop
endfacet
facet normal 0 0 1
outer loop
vertex 241.5978337159543 -169.2221825406948 3.5
vertex 241.5989263869595 -169.08538342646716 3.5
vertex 225.61112725632157 -169.08538342646716 3.5
endloop
endfacet
facet normal 0 0 1
outer loop
vertex 241.5978337159543 -169.2221825406948 3.5
vertex 225.61112725632157 -169.08538342646716 3.5
vertex 225.77781745930517 -169.2221825406948 3.5
endloop
endfacet
facet normal 0 0 1
outer loop
vertex 141.88887274367852 -169.08538342646716 3.5
vertex 142.07904822439838 -168.98373251423763 3.5
vertex 87.98411084029274 -168.98373251423763 3.5
endloop
endfacet
facet normal 0 0 1
outer loop
vertex 141.88887274367852 -169.08538342646716 3.5
vertex 87.98411084029274 -168.98373251423763 3.5
vertex 87.9840957166593 -169.08538342646716 3.5
endloop
endfacet
facet normal 0 0 1
outer loop
vertex 181.88887274367852 -169.08538342646716 3.5
vertex 182.07904822439824 -168.98373251423763 3.5
vertex 142.92095177560174 -168.98373251423763 3.5
endloop
endfacet
facet normal 0 0 1
outer loop
vertex 181.88887274367852 -169.08538342646716 3.5
vertex 142.92095177560174 -168.98373251423763 3.5
vertex 143.11112725632154 -169.08538342646716 3.5
endloop
endfacet
facet normal 0 0 1
outer loop
vertex 224.38887274367855 -169.08538342646716 3.5
vertex 224.5790482243984 -168.98373251423763 3.5
vertex 182.92095177560174 -168.98373251423763 3.5
endloop
endfacet
facet normal 0 0 1
outer loop
vertex 224.38887274367855 -169.08538342646716 3.5
vertex 182.92095177560174 -168.98373251423763 3.5
vertex 183.11112725632154 -169.08538342646716 3.5
endloop
endfacet
facet normal 0 0 1
outer loop
vertex 241.5989263869595 -169.08538342646716 3.5
vertex 241.59973831476378 -168.98373251423763 3.5
vertex 225.4209517756018 -168.98373251423763 3.5
endloop
endfacet
facet normal 0 0 1
outer loop
vertex 241.5989263869595 -169.08538342646716 3.5
vertex 225.4209517756018 -168.98373251423763 3.5
vertex 225.61112725632157 -169.08538342646716 3.5
endloop
endfacet
facet normal 0 0 1
outer loop
vertex 142.07904822439838 -168.98373251423763 3.5
vertex 142.2854006457823 -168.92113619155643 3.5
vertex 87.98412015338023 -168.92113619155643 3.5
endloop
endfacet
facet normal 0 0 1
outer loop
vertex 142.07904822439838 -168.98373251423763 3.5
vertex 87.98412015338023 -168.92113619155643 3.5
vertex 87.98411084029274 -168.98373251423763 3.5
endloop
endfacet
facet normal 0 0 1
outer loop
vertex 182.07904822439824 -168.98373251423763 3.5
vertex 182.28540064578257 -168.92113619155643 3.5
vertex 142.71459935421757 -168.92113619155643 3.5
endloop
endfacet
facet normal 0 0 1
outer loop
vertex 182.07904822439824 -168.98373251423763 3.5
vertex 142.71459935421757 -168.92113619155643 3.5
vertex 142.92095177560174 -168.98373251423763 3.5
endloop
endfacet
facet normal 0 0 1
outer loop
vertex 224.5790482243984 -168.98373251423763 3.5
vertex 224.7854006457824 -168.92113619155643 3.5
vertex 182.71459935421748 -168.92113619155643 3.5
endloop
endfacet
facet normal 0 0 1
outer loop
vertex 224.5790482243984 -168.98373251423763 3.5
vertex 182.71459935421748 -168.92113619155643 3.5
vertex 182.92095177560174 -168.98373251423763 3.5
endloop
endfacet
facet normal 0 0 1
outer loop
vertex 241.59973831476378 -168.98373251423763 3.5
vertex 241.600238297437 -168.92113619155643 3.5
vertex 225.2145993542174 -168.92113619155643 3.5
endloop
endfacet
facet normal 0 0 1
outer loop
vertex 241.59973831476378 -168.98373251423763 3.5
vertex 225.2145993542174 -168.92113619155643 3.5
vertex 225.4209517756018 -168.98373251423763 3.5
endloop
endfacet
facet normal 0 0 1
outer loop
vertex 142.2854006457823 -168.92113619155643 3.5
vertex 142.49999999999997 -168.9 3.5
vertex 87.98412329802504 -168.9 3.5
endloop
endfacet
facet normal 0 0 1
outer loop
vertex 142.2854006457823 -168.92113619155643 3.5
vertex 87.98412329802504 -168.9 3.5
vertex 87.98412015338023 -168.92113619155643 3.5
endloop
endfacet
facet normal 0 0 1
outer loop
vertex 182.28540064578257 -168.92113619155643 3.5
vertex 182.4999999999999 -168.9 3.5
vertex 142.49999999999997 -168.9 3.5
endloop
endfacet
facet normal 0 0 1
outer loop
vertex 182.28540064578257 -168.92113619155643 3.5
vertex 142.49999999999997 -168.9 3.5
vertex 142.71459935421757 -168.92113619155643 3.5
endloop
endfacet
facet normal 0 0 1
outer loop
vertex 224.7854006457824 -168.92113619155643 3.5
vertex 225.00000000000009 -168.9 3.5
vertex 182.4999999999999 -168.9 3.5
endloop
endfacet
facet normal 0 0 1
outer loop
vertex 224.7854006457824 -168.92113619155643 3.5
vertex 182.4999999999999 -168.9 3.5
vertex 182.71459935421748 -168.92113619155643 3.5
endloop
endfacet
facet normal 0 0 1
outer loop
vertex 241.600238297437 -168.92113619155643 3.5
vertex 241.6004071209254 -168.9 3.5
vertex 225.00000000000009 -168.9 3.5
endloop
endfacet
facet normal 0 0 1
outer loop
vertex 241.600238297437 -168.92113619155643 3.5
vertex 225.00000000000009 -168.9 3.5
vertex 225.2145993542174 -168.92113619155643 3.5
endloop
endfacet
facet normal 0 0 1
outer loop
vertex 142.49999999999997 -168.9 3.5
vertex 182.4999999999999 -168.9 3.5
vertex 225.00000000000009 -168.9 3.5
endloop
endfacet
facet normal 0 0 1
outer loop
vertex 142.49999999999997 -168.9 3.5
vertex 225.00000000000009 -168.9 3.5
vertex 241.6004071209254 -168.9 3.5
endloop
endfacet
facet normal 0 0 1
outer loop
vertex 142.49999999999997 -168.9 3.5
vertex 241.6004071209254 -168.9 3.5
vertex 241.638347332044 -164.15 3.5
endloop
endfacet
facet normal 0 0 1
outer loop
vertex 142.49999999999997 -168.9 3.5
vertex 241.638347332044 -164.15 3.5
vertex 226.0625 -164.15 3.5
endloop
endfacet
facet normal 0 0 1
outer loop
vertex 142.49999999999997 -168.9 3.5
vertex 226.0625 -164.15 3.5
vertex 221.0625 -164.15 3.5
endloop
endfacet
facet normal 0 0 1
outer loop
vertex 142.49999999999997 -168.9 3.5
vertex 221.0625 -164.15 3.5
vertex 217.0625 -164.15 3.5
endloop
endfacet
facet normal 0 0 1
outer loop
vertex 142.49999999999997 -168.9 3.5
vertex 217.0625 -164.15 3.5
vertex 212.0625 -164.15 3.5
endloop
endfacet
facet normal 0 0 1
outer loop
vertex 142.49999999999997 -168.9 3.5
vertex 212.0625 -164.15 3.5
vertex 207.0125 -164.15 3.5
endloop
endfacet
facet normal 0 0 1
outer loop
vertex 142.49999999999997 -168.9 3.5
vertex 207.0125 -164.15 3.5
vertex 202.0125 -164.15 3.5
endloop
endfacet
facet normal 0 0 1
outer loop
vertex 142.49999999999997 -168.9 3.5
vertex 202.0125 -164.15 3.5
vertex 198.0125 -164.15 3.5
endloop
endfacet
facet normal 0 0 1
outer loop
vertex 142.49999999999997 -168.9 3.5
vertex 198.0125 -164.15 3.5
vertex 193.0125 -164.15 3.5
endloop
endfacet
facet normal 0 0 1
outer loop
vertex 142.49999999999997 -168.9 3.5
vertex 193.0125 -164.15 3.5
vertex 187.9625 -164.15 3.5
endloop
endfacet
facet normal 0 0 1
outer loop
vertex 142.49999999999997 -168.9 3.5
vertex 187.9625 -164.15 3.5
vertex 182.9625 -164.15 3.5
endloop
endfacet
facet normal 0 0 1
outer loop
vertex 142.49999999999997 -168.9 3.5
vertex 182.9625 -164.15 3.5
vertex 178.9625 -164.15 3.5
endloop
endfacet
facet normal 0 0 1
outer loop
vertex 142.49999999999997 -168.9 3.5
vertex 178.9625 -164.15 3.5
vertex 173.9625 -164.15 3.5
endloop
endfacet
facet normal 0 0 1
outer loop
vertex 142.49999999999997 -168.9 3.5
vertex 173.9625 -164.15 3.5
vertex 168.9125 -164.15 3.5
endloop
endfacet
facet normal 0 0 1
outer loop
vertex 142.49999999999997 -168.9 3.5
vertex 168.9125 -164.15 3.5
vertex 163.9125 -164.15 3.5
endloop
endfacet
facet normal 0 0 1
outer loop
vertex 142.49999999999997 -168.9 3.5
vertex 163.9125 -164.15 3.5
vertex 159.9125 -164.15 3.5
endloop
endfacet
facet normal 0 0 1
outer loop
vertex 142.49999999999997 -168.9 3.5
vertex 159.9125 -164.15 3.5
vertex 154.9125 -164.15 3.5
endloop
endfacet
facet normal 0 0 1
outer loop
vertex 142.49999999999997 -168.9 3.5
vertex 154.9125 -164.15 3.5
vertex 149.8625 -164.15 3.5
endloop
endfacet
facet normal 0 0 1
outer loop
vertex 142.49999999999997 -168.9 3.5
vertex 149.8625 -164.15 3.5
vertex 144.8625 -164.15 3.5
endloop
endfacet
facet normal 0 0 1
outer loop
vertex 142.49999999999997 -168.9 3.5
vertex 144.8625 -164.15 3.5
vertex 140.8625 -164.15 3.5
endloop
endfacet
facet normal 0 0 1
outer loop
vertex 142.49999999999997 -168.9 3.5
vertex 140.8625 -164.15 3.5
vertex 135.8625 -164.15 3.5
endloop
endfacet
facet normal 0 0 1
outer loop
vertex 142.49999999999997 -168.9 3.5
vertex 135.8625 -164.15 3.5
vertex 130.8125 -164.15 3.5
endloop
endfacet
facet normal 0 0 1
outer loop
vertex 142.49999999999997 -168.9 3.5
vertex 130.8125 -164.15 3.5
vertex 125.8125 -164.15 3.5
endloop
endfacet
facet normal 0 0 1
outer loop
vertex 142.49999999999997 -168.9 3.5
vertex 125.8125 -164.15 3.5
vertex 121.8125 -164.15 3.5
endloop
endfacet
facet normal 0 0 1
outer loop
vertex 142.49999999999997 -168.9 3.5
vertex 121.8125 -164.15 3.5
vertex 116.8125 -164.15 3.5
endloop
endfacet
facet normal 0 0 1
outer loop
vertex 142.49999999999997 -168.9 3.5
vertex 116.8125 -164.15 3.5
vertex 109.38125 -164.15 3.5
endloop
endfacet
facet normal 0 0 1
outer loop
vertex 142.49999999999997 -168.9 3.5
vertex 109.38125 -164.15 3.5
vertex 104.38125 -164.15 3.5
endloop
endfacet
facet normal 0 0 1
outer loop
vertex 142.49999999999997 -168.9 3.5
vertex 104.38125 -164.15 3.5
vertex 100.38125 -164.15 3.5
endloop
endfacet
facet normal 0 0 1
outer loop
vertex 142.49999999999997 -168.9 3.5
vertex 100.38125 -164.15 3.5
vertex 95.38125 -164.15 3.5
endloop
endfacet
facet normal 0 0 1
outer loop
vertex 142.49999999999997 -168.9 3.5
vertex 95.38125 -164.15 3.5
vertex 87.98483000352627 -164.15 3.5
endloop
endfacet
facet normal 0 0 1
outer loop
vertex 142.49999999999997 -168.9 3.5
vertex 87.98483000352627 -164.15 3.5
vertex 87.98412329802504 -168.9 3.5
endloop
endfacet
facet normal 0 0 1
outer loop
vertex 104.38125 -164.15 3.5
vertex 104.38125 -163.9 3.5
vertex 100.38125 -163.9 3.5
endloop
endfacet
facet normal 0 0 1
outer loop
vertex 104.38125 -164.15 3.5
vertex 100.38125 -163.9 3.5
vertex 100.38125 -164.15 3.5
endloop
endfacet
facet normal 0 0 1
outer loop
vertex 125.8125 -164.15 3.5
vertex 125.8125 -163.9 3.5
vertex 121.8125 -163.9 3.5
endloop
endfacet
facet normal 0 0 1
outer loop
vertex 125.8125 -164.15 3.5
vertex 121.8125 -163.9 3.5
vertex 121.8125 -164.15 3.5
endloop
endfacet
facet normal 0 0 1
outer loop
vertex 144.8625 -164.15 3.5
vertex 144.8625 -163.9 3.5
vertex 140.8625 -163.9 3.5
endloop
endfacet
facet normal 0 0 1
outer loop
vertex 144.8625 -164.15 3.5
vertex 140.8625 -163.9 3.5
vertex 140.8625 -164.15 3.5
endloop
endfacet
facet normal 0 0 1
outer loop
vertex 163.9125 -164.15 3.5
vertex 163.9125 -163.9 3.5
vertex 159.9125 -163.9 3.5
endloop
endfacet
facet normal 0 0 1
outer loop
vertex 163.9125 -164.15 3.5
vertex 159.9125 -163.9 3.5
vertex 159.9125 -164.15 3.5
endloop
endfacet
facet normal 0 0 1
outer loop
vertex 182.9625 -164.15 3.5
vertex 182.9625 -163.9 3.5
vertex 178.9625 -163.9 3.5
endloop
endfacet
facet normal 0 0 1
outer loop
vertex 182.9625 -164.15 3.5
vertex 178.9625 -163.9 3.5
vertex 178.9625 -164.15 3.5
endloop
endfacet
facet normal 0 0 1
outer loop
vertex 202.0125 -164.15 3.5
vertex 202.0125 -163.9 3.5
vertex 198.0125 -163.9 3.5
endloop
endfacet
facet normal 0 0 1
outer loop
vertex 202.0125 -164.15 3.5
vertex 198.0125 -163.9 3.5
vertex 198.0125 -164.15 3.5
endloop
endfacet
facet normal 0 0 1
outer loop
vertex 221.0625 -164.15 3.5
vertex 221.0625 -163.9 3.5
vertex 217.0625 -163.9 3.5
endloop
endfacet
facet normal 0 0 1
outer loop
vertex 221.0625 -164.15 3.5
vertex 217.0625 -163.9 3.5
vertex 217.0625 -164.15 3.5
endloop
endfacet
facet normal 0 0 1
outer loop
vertex 95.38125 -164.15 3.5
vertex 95.38125 -150.15 3.5
vertex 87.98691292500355 -150.15 3.5
endloop
endfacet
facet normal 0 0 1
outer loop
vertex 95.38125 -164.15 3.5
vertex 87.98691292500355 -150.15 3.5
vertex 87.98483000352627 -164.15 3.5
endloop
endfacet
facet normal 0 0 1
outer loop
vertex 104.38125 -150.4 3.5
vertex 104.38125 -150.15 3.5
vertex 100.38125 -150.15 3.5
endloop
endfacet
facet normal 0 0 1
outer loop
vertex 104.38125 -150.4 3.5
vertex 100.38125 -150.15 3.5
vertex 100.38125 -150.4 3.5
endloop
endfacet
facet normal 0 0 1
outer loop
vertex 116.8125 -164.15 3.5
vertex 116.8125 -150.15 3.5
vertex 109.38125 -150.15 3.5
endloop
endfacet
facet normal 0 0 1
outer loop
vertex 116.8125 -164.15 3.5
vertex 109.38125 -150.15 3.5
vertex 109.38125 -164.15 3.5
endloop
endfacet
facet normal 0 0 1
outer loop
vertex 125.8125 -150.4 3.5
vertex 125.8125 -150.15 3.5
vertex 121.8125 -150.15 3.5
endloop
endfacet
facet normal 0 0 1
outer loop
vertex 125.8125 -150.4 3.5
vertex 121.8125 -150.15 3.5
vertex 121.8125 -150.4 3.5
endloop
endfacet
facet normal 0 0 1
outer loop
vertex 135.8625 -164.15 3.5
vertex 135.8625 -150.15 3.5
vertex 130.8125 -150.15 3.5
endloop
endfacet
facet normal 0 0 1
outer loop
vertex 135.8625 -164.15 3.5
vertex 130.8125 -150.15 3.5
vertex 130.8125 -164.15 3.5
endloop
endfacet
facet normal 0 0 1
outer loop
vertex 144.8625 -150.4 3.5
vertex 144.8625 -150.15 3.5
vertex 140.8625 -150.15 3.5
endloop
endfacet
facet normal 0 0 1
outer loop
vertex 144.8625 -150.4 3.5
vertex 140.8625 -150.15 3.5
vertex 140.8625 -150.4 3.5
endloop
endfacet
facet normal 0 0 1
outer loop
vertex 154.9125 -164.15 3.5
vertex 154.9125 -150.15 3.5
vertex 149.8625 -150.15 3.5
endloop
endfacet
facet normal 0 0 1
outer loop
vertex 154.9125 -164.15 3.5
vertex 149.8625 -150.15 3.5
vertex 149.8625 -164.15 3.5
endloop
endfacet
facet normal 0 0 1
outer loop
vertex 163.9125 -150.4 3.5
vertex 163.9125 -150.15 3.5
vertex 159.9125 -150.15 3.5
endloop
endfacet
facet normal 0 0 1
outer loop
vertex 163.9125 -150.4 3.5
vertex 159.9125 -150.15 3.5
vertex 159.9125 -150.4 3.5
endloop
endfacet
facet normal 0 0 1
outer loop
vertex 173.9625 -164.15 3.5
vertex 173.9625 -150.15 3.5
vertex 168.9125 -150.15 3.5
endloop
endfacet
facet normal 0 0 1
outer loop
vertex 173.9625 -164.15 3.5
vertex 168.9125 -150.15 3.5
vertex 168.9125 -164.15 3.5
endloop
endfacet
facet normal 0 0 1
outer loop
vertex 182.9625 -150.4 3.5
vertex 182.9625 -150.15 3.5
vertex 178.9625 -150.15 3.5
endloop
endfacet
facet normal 0 0 1
outer loop
vertex 182.9625 -150.4 3.5
vertex 178.9625 -150.15 3.5
vertex 178.9625 -150.4 3.5
endloop
endfacet
facet normal 0 0 1
outer loop
vertex 193.0125 -164.15 3.5
vertex 193.0125 -150.15 3.5
vertex 187.9625 -150.15 3.5
endloop
endfacet
facet normal 0 0 1
outer loop
vertex 193.0125 -164.15 3.5
vertex 187.9625 -150.15 3.5
vertex 187.9625 -164.15 3.5
endloop
endfacet
facet normal 0 0 1
outer loop
vertex 202.0125 -150.4 3.5
vertex 202.0125 -150.15 3.5
vertex 198.0125 -150.15 3.5
endloop
endfacet
facet normal 0 0 1
outer loop
vertex 202.0125 -150.4 3.5
vertex 198.0125 -150.15 3.5
vertex 198.0125 -150.4 3.5
endloop
endfacet
facet normal 0 0 1
outer loop
vertex 212.0625 -164.15 3.5
vertex 212.0625 -150.15 3.5
vertex 207.0125 -150.15 3.5
endloop
endfacet
facet normal 0 0 1
outer loop
vertex 212.0625 -164.15 3.5
vertex 207.0125 -150.15 3.5
vertex 207.0125 -164.15 3.5
endloop
endfacet
facet normal 0 0 1
outer loop
vertex 221.0625 -150.4 3.5
vertex 221.0625 -150.15 3.5
vertex 217.0625 -150.15 3.5
endloop
endfacet
facet normal 0 0 1
outer loop
vertex 221.0625 -150.4 3.5
vertex 217.0625 -150.15 3.5
vertex 217.0625 -150.4 3.5
endloop
endfacet
facet normal 0 0 1
outer loop
vertex 241.638347332044 -164.15 3.5
vertex 241.75017111218298 -150.15 3.5
vertex 226.0625 -150.15 3.5
endloop
endfacet
facet normal 0 0 1
outer loop
vertex 241.638347332044 -164.15 3.5
vertex 226.0625 -150.15 3.5
vertex 226.0625 -164.15 3.5
endloop
endfacet
facet normal 0 0 1
outer loop
vertex 95.38125 -150.15 3.5
vertex 100.38125 -150.15 3.5
vertex 104.38125 -150.15 3.5
endloop
endfacet
facet normal 0 0 1
outer loop
vertex 95.38125 -150.15 3.5
vertex 104.38125 -150.15 3.5
vertex 109.38125 -150.15 3.5
endloop
endfacet
facet normal 0 0 1
outer loop
vertex 95.38125 -150.15 3.5
vertex 109.38125 -150.15 3.5
vertex 116.8125 -150.15 3.5
endloop
endfacet
facet normal 0 0 1
outer loop
vertex 95.38125 -150.15 3.5
vertex 116.8125 -150.15 3.5
vertex 121.8125 -150.15 3.5
endloop
endfacet
facet normal 0 0 1
outer loop
vertex 95.38125 -150.15 3.5
vertex 121.8125 -150.15 3.5
vertex 125.8125 -150.15 3.5
endloop
endfacet
facet normal 0 0 1
outer loop
vertex 95.38125 -150.15 3.5
vertex 125.8125 -150.15 3.5
vertex 130.8125 -150.15 3.5
endloop
endfacet
facet normal 0 0 1
outer loop
vertex 95.38125 -150.15 3.5
vertex 130.8125 -150.15 3.5
vertex 135.8625 -150.15 3.5
endloop
endfacet
facet normal 0 0 1
outer loop
vertex 95.38125 -150.15 3.5
vertex 135.8625 -150.15 3.5
vertex 140.8625 -150.15 3.5
endloop
endfacet
facet normal 0 0 1
outer loop
vertex 95.38125 -150.15 3.5
vertex 140.8625 -150.15 3.5
vertex 144.8625 -150.15 3.5
endloop
endfacet
facet normal 0 0 1
outer loop
vertex 95.38125 -150.15 3.5
vertex 144.8625 -150.15 3.5
vertex 149.8625 -150.15 3.5
endloop
endfacet
facet normal 0 0 1
outer loop
vertex 95.38125 -150.15 3.5
vertex 149.8625 -150.15 3.5
vertex 154.9125 -150.15 3.5
endloop
endfacet
facet normal 0 0 1
outer loop
vertex 95.38125 -150.15 3.5
vertex 154.9125 -150.15 3.5
vertex 159.9125 -150.15 3.5
endloop
endfacet
facet normal 0 0 1
outer loop
vertex 95.38125 -150.15 3.5
vertex 159.9125 -150.15 3.5
vertex 163.9125 -150.15 3.5
endloop
endfacet
facet normal 0 0 1
outer loop
vertex 95.38125 -150.15 3.5
vertex 163.9125 -150.15 3.5
vertex 168.9125 -150.15 3.5
endloop
endfacet
facet normal 0 0 1
outer loop
vertex 95.38125 -150.15 3.5
vertex 168.9125 -150.15 3.5
vertex 173.9625 -150.15 3.5
endloop
endfacet
facet normal 0 0 1
outer loop
vertex 95.38125 -150.15 3.5
vertex 173.9625 -150.15 3.5
vertex 178.9625 -150.15 3.5
endloop
endfacet
facet normal 0 0 1
outer loop
vertex 95.38125 -150.15 3.5
vertex 178.9625 -150.15 3.5
vertex 182.9625 -150.15 3.5
endloop
endfacet
facet normal 0 0 1
outer loop
vertex 95.38125 -150.15 3.5
vertex 182.9625 -150.15 3.5
vertex 187.9625 -150.15 3.5
endloop
endfacet
facet normal 0 0 1
outer loop
vertex 95.38125 -150.15 3.5
vertex 187.9625 -150.15 3.5
vertex 193.0125 -150.15 3.5
endloop
endfacet
facet normal 0 0 1
outer loop
vertex 95.38125 -150.15 3.5
vertex 193.0125 -150.15 3.5
vertex 198.0125 -150.15 3.5
endloop
endfacet
facet normal 0 0 1
outer loop
vertex 95.38125 -150.15 3.5
vertex 198.0125 -150.15 3.5
vertex 202.0125 -150.15 3.5
endloop
endfacet
facet normal 0 0 1
outer loop
vertex 95.38125 -150.15 3.5
vertex 202.0125 -150.15 3.5
vertex 207.0125 -150.15 3.5
endloop
endfacet
facet normal 0 0 1
outer loop
vertex 95.38125 -150.15 3.5
vertex 207.0125 -150.15 3.5
vertex 212.0625 -150.15 3.5
endloop
endfacet
facet normal 0 0 1
outer loop
vertex 95.38125 -150.15 3.5
vertex 212.0625 -150.15 3.5
vertex 217.0625 -150.15 3.5
endloop
endfacet
facet normal 0 0 1
outer loop
vertex 95.38125 -150.15 3.5
vertex 217.0625 -150.15 3.5
vertex 221.0625 -150.15 3.5
endloop
endfacet
facet normal 0 0 1
outer loop
vertex 95.38125 -150.15 3.5
vertex 221.0625 -150.15 3.5
vertex 226.0625 -150.15 3.5
endloop
endfacet
facet normal 0 0 1
outer loop
vertex 95.38125 -150.15 3.5
vertex 226.0625 -150.15 3.5
vertex 241.75017111218298 -150.15 3.5
endloop
endfacet
facet normal 0 0 1
outer loop
vertex 95.38125 -150.15 3.5
vertex 241.75017111218298 -150.15 3.5
vertex 241.7905075471617 -145.1 3.5
endloop
endfacet
facet normal 0 0 1
outer loop
vertex 95.38125 -150.15 3.5
vertex 241.7905075471617 -145.1 3.5
vertex 235.5875 -145.1 3.5
endloop
endfacet
facet normal 0 0 1
outer loop
vertex 95.38125 -150.15 3.5
vertex 235.5875 -145.1 3.5
vertex 230.5875 -145.1 3.5
endloop
endfacet
facet normal 0 0 1
outer loop
vertex 95.38125 -150.15 3.5
vertex 230.5875 -145.1 3.5
vertex 226.5875 -145.1 3.5
endloop
endfacet
facet normal 0 0 1
outer loop
vertex 95.38125 -150.15 3.5
vertex 226.5875 -145.1 3.5
vertex 221.5875 -145.1 3.5
endloop
endfacet
facet normal 0 0 1
outer loop
vertex 95.38125 -150.15 3.5
vertex 221.5875 -145.1 3.5
vertex 216.5375 -145.1 3.5
endloop
endfacet
facet normal 0 0 1
outer loop
vertex 95.38125 -150.15 3.5
vertex 216.5375 -145.1 3.5
vertex 211.5375 -145.1 3.5
endloop
endfacet
facet normal 0 0 1
outer loop
vertex 95.38125 -150.15 3.5
vertex 211.5375 -145.1 3.5
vertex 207.5375 -145.1 3.5
endloop
endfacet
facet normal 0 0 1
outer loop
vertex 95.38125 -150.15 3.5
vertex 207.5375 -145.1 3.5
vertex 202.5375 -145.1 3.5
endloop
endfacet
facet normal 0 0 1
outer loop
vertex 95.38125 -150.15 3.5
vertex 202.5375 -145.1 3.5
vertex 197.4875 -145.1 3.5
endloop
endfacet
facet normal 0 0 1
outer loop
vertex 95.38125 -150.15 3.5
vertex 197.4875 -145.1 3.5
vertex 192.4875 -145.1 3.5
endloop
endfacet
facet normal 0 0 1
outer loop
vertex 95.38125 -150.15 3.5
vertex 192.4875 -145.1 3.5
vertex 188.4875 -145.1 3.5
endloop
endfacet
facet normal 0 0 1
outer loop
vertex 95.38125 -150.15 3.5
vertex 188.4875 -145.1 3.5
vertex 183.4875 -145.1 3.5
endloop
endfacet
facet normal 0 0 1
outer loop
vertex 95.38125 -150.15 3.5
vertex 183.4875 -145.1 3.5
vertex 178.4375 -145.1 3.5
endloop
endfacet
facet normal 0 0 1
outer loop
vertex 95.38125 -150.15 3.5
vertex 178.4375 -145.1 3.5
vertex 173.4375 -145.1 3.5
endloop
endfacet
facet normal 0 0 1
outer loop
vertex 95.38125 -150.15 3.5
vertex 173.4375 -145.1 3.5
vertex 169.4375 -145.1 3.5
endloop
endfacet
facet normal 0 0 1
outer loop
vertex 95.38125 -150.15 3.5
vertex 169.4375 -145.1 3.5
vertex 164.4375 -145.1 3.5
endloop
endfacet
facet normal 0 0 1
outer loop
vertex 95.38125 -150.15 3.5
vertex 164.4375 -145.1 3.5
vertex 159.3875 -145.1 3.5
endloop
endfacet
facet normal 0 0 1
outer loop
vertex 95.38125 -150.15 3.5
vertex 159.3875 -145.1 3.5
vertex 154.3875 -145.1 3.5
endloop
endfacet
facet normal 0 0 1
outer loop
vertex 95.38125 -150.15 3.5
vertex 154.3875 -145.1 3.5
vertex 150.3875 -145.1 3.5
endloop
endfacet
facet normal 0 0 1
outer loop
vertex 95.38125 -150.15 3.5
vertex 150.3875 -145.1 3.5
vertex 145.3875 -145.1 3.5
endloop
endfacet
facet normal 0 0 1
outer loop
vertex 95.38125 -150.15 3.5
vertex 145.3875 -145.1 3.5
vertex 140.3375 -145.1 3.5
endloop
endfacet
facet normal 0 0 1
outer loop
vertex 95.38125 -150.15 3.5
vertex 140.3375 -145.1 3.5
vertex 135.3375 -145.1 3.5
endloop
endfacet
facet normal 0 0 1
outer loop
vertex 95.38125 -150.15 3.5
vertex 135.3375 -145.1 3.5
vertex 131.3375 -145.1 3.5
endloop
endfacet
facet normal 0 0 1
outer loop
vertex 95.38125 -150.15 3.5
vertex 131.3375 -145.1 3.5
vertex 126.3375 -145.1 3.5
endloop
endfacet
facet normal 0 0 1
outer loop
vertex 95.38125 -150.15 3.5
vertex 126.3375 -145.1 3.5
vertex 87.98766426453643 -145.1 3.5
endloop
endfacet
facet normal 0 0 1
outer loop
vertex 95.38125 -150.15 3.5
vertex 87.98766426453643 -145.1 3.5
vertex 87.98691292500355 -150.15 3.5
endloop
endfacet
facet normal 0 0 1
outer loop
vertex 135.3375 -145.1 3.5
vertex 135.3375 -144.85 3.5
vertex 131.3375 -144.85 3.5
endloop
endfacet
facet normal 0 0 1
outer loop
vertex 135.3375 -145.1 3.5
vertex 131.3375 -144.85 3.5
vertex 131.3375 -145.1 3.5
endloop
endfacet
facet normal 0 0 1
outer loop
vertex 154.3875 -145.1 3.5
vertex 154.3875 -144.85 3.5
vertex 150.3875 -144.85 3.5
endloop
endfacet
facet normal 0 0 1
outer loop
vertex 154.3875 -145.1 3.5
vertex 150.3875 -144.85 3.5
vertex 150.3875 -145.1 3.5
endloop
endfacet
facet normal 0 0 1
outer loop
vertex 173.4375 -145.1 3.5
vertex 173.4375 -144.85 3.5
vertex 169.4375 -144.85 3.5
endloop
endfacet
facet normal 0 0 1
outer loop
vertex 173.4375 -145.1 3.5
vertex 169.4375 -144.85 3.5
vertex 169.4375 -145.1 3.5
endloop
endfacet
facet normal 0 0 1
outer loop
vertex 192.4875 -145.1 3.5
vertex 192.4875 -144.85 3.5
vertex 188.4875 -144.85 3.5
endloop
endfacet
facet normal 0 0 1
outer loop
vertex 192.4875 -145.1 3.5
vertex 188.4875 -144.85 3.5
vertex 188.4875 -145.1 3.5
endloop
endfacet
facet normal 0 0 1
outer loop
vertex 211.5375 -145.1 3.5
vertex 211.5375 -144.85 3.5
vertex 207.5375 -144.85 3.5
endloop
endfacet
facet normal 0 0 1
outer loop
vertex 211.5375 -145.1 3.5
vertex 207.5375 -144.85 3.5
vertex 207.5375 -145.1 3.5
endloop
endfacet
facet normal 0 0 1
outer loop
vertex 230.5875 -145.1 3.5
vertex 230.5875 -144.85 3.5
vertex 226.5875 -144.85 3.5
endloop
endfacet
facet normal 0 0 1
outer loop
vertex 230.5875 -145.1 3.5
vertex 226.5875 -144.85 3.5
vertex 226.5875 -145.1 3.5
endloop
endfacet
facet normal 0 0 1
outer loop
vertex 126.3375 -145.1 3.5
vertex 126.3375 -138.69999999999996 3.5
vertex 112.5 -138.69999999999996 3.5
endloop
endfacet
facet normal 0 0 1
outer loop
vertex 126.3375 -145.1 3.5
vertex 112.5 -138.69999999999996 3.5
vertex 87.98861645721175 -138.69999999999996 3.5
endloop
endfacet
facet normal 0 0 1
outer loop
vertex 126.3375 -145.1 3.5
vertex 87.98861645721175 -138.69999999999996 3.5
vertex 87.98766426453643 -145.1 3.5
endloop
endfacet
facet normal 0 0 1
outer loop
vertex 112.5 -138.69999999999996 3.5
vertex 112.28540064578229 -138.6788638084435 3.5
vertex 87.98861960185657 -138.6788638084435 3.5
endloop
endfacet
facet normal 0 0 1
outer loop
vertex 112.5 -138.69999999999996 3.5
vertex 87.98861960185657 -138.6788638084435 3.5
vertex 87.98861645721175 -138.69999999999996 3.5
endloop
endfacet
facet normal 0 0 1
outer loop
vertex 126.3375 -138.69999999999996 3.5
vertex 126.3375 -138.6788638084435 3.5
vertex 112.7145993542179 -138.6788638084435 3.5
endloop
endfacet
facet normal 0 0 1
outer loop
vertex 126.3375 -138.69999999999996 3.5
vertex 112.7145993542179 -138.6788638084435 3.5
vertex 112.5 -138.69999999999996 3.5
endloop
endfacet
facet normal 0 0 1
outer loop
vertex 112.28540064578229 -138.6788638084435 3.5
vertex 112.07904822439832 -138.61626748576236 3.5
vertex 87.98862891494406 -138.61626748576236 3.5
endloop
endfacet
facet normal 0 0 1
outer loop
vertex 112.28540064578229 -138.6788638084435 3.5
vertex 87.98862891494406 -138.61626748576236 3.5
vertex 87.98861960185657 -138.6788638084435 3.5
endloop
endfacet
facet normal 0 0 1
outer loop
vertex 126.3375 -138.6788638084435 3.5
vertex 126.3375 -138.61626748576236 3.5
vertex 112.92095177560181 -138.61626748576236 3.5
endloop
endfacet
facet normal 0 0 1
outer loop
vertex 126.3375 -138.6788638084435 3.5
vertex 112.92095177560181 -138.61626748576236 3.5
vertex 112.7145993542179 -138.6788638084435 3.5
endloop
endfacet
facet normal 0 0 1
outer loop
vertex 112.07904822439832 -138.61626748576236 3.5
vertex 111.88887274367833 -138.51461657353275 3.5
vertex 87.9886440385775 -138.51461657353275 3.5
endloop
endfacet
facet normal 0 0 1
outer loop
vertex 112.07904822439832 -138.61626748576236 3.5
vertex 87.9886440385775 -138.51461657353275 3.5
vertex 87.98862891494406 -138.61626748576236 3.5
endloop
endfacet
facet normal 0 0 1
outer loop
vertex 126.3375 -138.61626748576236 3.5
vertex 126.3375 -138.51461657353275 3.5
vertex 113.11112725632151 -138.51461657353275 3.5
endloop
endfacet
facet normal 0 0 1
outer loop
vertex 126.3375 -138.61626748576236 3.5
vertex 113.11112725632151 -138.51461657353275 3.5
vertex 112.92095177560181 -138.61626748576236 3.5
endloop
endfacet
facet normal 0 0 1
outer loop
vertex 111.88887274367833 -138.51461657353275 3.5
vertex 111.72218254069485 -138.37781745930525 3.5
vertex 87.98866439156416 -138.37781745930525 3.5
endloop
endfacet
facet normal 0 0 1
outer loop
vertex 111.88887274367833 -138.51461657353275 3.5
vertex 87.98866439156416 -138.37781745930525 3.5
vertex 87.9886440385775 -138.51461657353275 3.5
endloop
endfacet
facet normal 0 0 1
outer loop
vertex 126.3375 -138.51461657353275 3.5
vertex 126.3375 -138.37781745930525 3.5
vertex 113.27781745930508 -138.37781745930525 3.5
endloop
endfacet
facet normal 0 0 1
outer loop
vertex 126.3375 -138.51461657353275 3.5
vertex 113.27781745930508 -138.37781745930525 3.5
vertex 113.11112725632151 -138.51461657353275 3.5
endloop
endfacet
facet normal 0 0 1
outer loop
vertex 111.72218254069485 -138.37781745930525 3.5
vertex 111.58538342646723 -138.2111272563216 3.5
vertex 87.98868919175014 -138.2111272563216 3.5
endloop
endfacet
facet normal 0 0 1
outer loop
vertex 111.72218254069485 -138.37781745930525 3.5
vertex 87.98868919175014 -138.2111272563216 3.5
vertex 87.98866439156416 -138.37781745930525 3.5
endloop
endfacet
facet normal 0 0 1
outer loop
vertex 126.3375 -138.37781745930525 3.5
vertex 126.3375 -138.2111272563216 3.5
vertex 113.41461657353281 -138.2111272563216 3.5
endloop
endfacet
facet normal 0 0 1
outer loop
vertex 126.3375 -138.37781745930525 3.5
vertex 113.41461657353281 -138.2111272563216 3.5
vertex 113.27781745930508 -138.37781745930525 3.5
endloop
endfacet
facet normal 0 0 1
outer loop
vertex 111.58538342646723 -138.2111272563216 3.5
vertex 111.48373251423753 -138.02095177560147 3.5
vertex 87.98871748607823 -138.02095177560147 3.5
endloop
endfacet
facet normal 0 0 1
outer loop
vertex 111.58538342646723 -138.2111272563216 3.5
vertex 87.98871748607823 -138.02095177560147 3.5
vertex 87.98868919175014 -138.2111272563216 3.5
endloop
endfacet
facet normal 0 0 1
outer loop
vertex 126.3375 -138.2111272563216 3.5
vertex 126.3375 -138.02095177560147 3.5
vertex 113.51626748576247 -138.02095177560147 3.5
endloop
endfacet
facet normal 0 0 1
outer loop
vertex 126.3375 -138.2111272563216 3.5
vertex 113.51626748576247 -138.02095177560147 3.5
vertex 113.41461657353281 -138.2111272563216 3.5
endloop
endfacet
facet normal 0 0 1
outer loop
vertex 111.48373251423753 -138.02095177560147 3.5
vertex 111.42113619155646 -137.81459935421785 3.5
vertex 87.98874818721326 -137.81459935421785 3.5
endloop
endfacet
facet normal 0 0 1
outer loop
vertex 111.48373251423753 -138.02095177560147 3.5
vertex 87.98874818721326 -137.81459935421785 3.5
vertex 87.98871748607823 -138.02095177560147 3.5
endloop
endfacet
facet normal 0 0 1
outer loop
vertex 126.3375 -138.02095177560147 3.5
vertex 126.3375 -137.81459935421785 3.5
vertex 113.57886380844356 -137.81459935421785 3.5
endloop
endfacet
facet normal 0 0 1
outer loop
vertex 126.3375 -138.02095177560147 3.5
vertex 113.57886380844356 -137.81459935421785 3.5
vertex 113.51626748576247 -138.02095177560147 3.5
endloop
endfacet
facet normal 0 0 1
outer loop
vertex 111.42113619155646 -137.81459935421785 3.5
vertex 111.4 -137.6 3.5
vertex 87.98878011532783 -137.6 3.5
endloop
endfacet
facet normal 0 0 1
outer loop
vertex 111.42113619155646 -137.81459935421785 3.5
vertex 87.98878011532783 -137.6 3.5
vertex 87.98874818721326 -137.81459935421785 3.5
endloop
endfacet
facet normal 0 0 1
outer loop
vertex 126.3375 -137.81459935421785 3.5
vertex 126.3375 -137.6 3.5
vertex 113.6 -137.6 3.5
endloop
endfacet
facet normal 0 0 1
outer loop
vertex 126.3375 -137.81459935421785 3.5
vertex 113.6 -137.6 3.5
vertex 113.57886380844356 -137.81459935421785 3.5
endloop
endfacet
facet normal 0 0 1
outer loop
vertex 111.4 -137.6 3.5
vertex 111.42113619155643 -137.38540064578225 3.5
vertex 87.9888120434424 -137.38540064578225 3.5
endloop
endfacet
facet normal 0 0 1
outer loop
vertex 111.4 -137.6 3.5
vertex 87.9888120434424 -137.38540064578225 3.5
vertex 87.98878011532783 -137.6 3.5
endloop
endfacet
facet normal 0 0 1
outer loop
vertex 126.3375 -137.6 3.5
vertex 126.3375 -137.38540064578225 3.5
vertex 113.57886380844356 -137.38540064578225 3.5
endloop
endfacet
facet normal 0 0 1
outer loop
vertex 126.3375 -137.6 3.5
vertex 113.57886380844356 -137.38540064578225 3.5
vertex 113.6 -137.6 3.5
endloop
endfacet
facet normal 0 0 1
outer loop
vertex 111.42113619155643 -137.38540064578225 3.5
vertex 111.48373251423762 -137.17904822439834 3.5
vertex 87.98884274457743 -137.17904822439834 3.5
endloop
endfacet
facet normal 0 0 1
outer loop
vertex 111.42113619155643 -137.38540064578225 3.5
vertex 87.98884274457743 -137.17904822439834 3.5
vertex 87.9888120434424 -137.38540064578225 3.5
endloop
endfacet
facet normal 0 0 1
outer loop
vertex 126.3375 -137.38540064578225 3.5
vertex 126.3375 -137.17904822439834 3.5
vertex 113.5162674857624 -137.17904822439834 3.5
endloop
endfacet
facet normal 0 0 1
outer loop
vertex 126.3375 -137.38540064578225 3.5
vertex 113.5162674857624 -137.17904822439834 3.5
vertex 113.57886380844356 -137.38540064578225 3.5
endloop
endfacet
facet normal 0 0 1
outer loop
vertex 111.48373251423762 -137.17904822439834 3.5
vertex 111.5853834264672 -136.98887274367848 3.5
vertex 87.98887103890551 -136.98887274367848 3.5
endloop
endfacet
facet normal 0 0 1
outer loop
vertex 111.48373251423762 -137.17904822439834 3.5
vertex 87.98887103890551 -136.98887274367848 3.5
vertex 87.98884274457743 -137.17904822439834 3.5
endloop
endfacet
facet normal 0 0 1
outer loop
vertex 126.3375 -137.17904822439834 3.5
vertex 126.3375 -136.98887274367848 3.5
vertex 113.41461657353284 -136.98887274367848 3.5
endloop
endfacet
facet normal 0 0 1
outer loop
vertex 126.3375 -137.17904822439834 3.5
vertex 113.41461657353284 -136.98887274367848 3.5
vertex 113.5162674857624 -137.17904822439834 3.5
endloop
endfacet
facet normal 0 0 1
outer loop
vertex 111.5853834264672 -136.98887274367848 3.5
vertex 111.72218254069477 -136.82218254069477 3.5
vertex 87.9888958390915 -136.82218254069477 3.5
endloop
endfacet
facet normal 0 0 1
outer loop
vertex 111.5853834264672 -136.98887274367848 3.5
vertex 87.9888958390915 -136.82218254069477 3.5
vertex 87.98887103890551 -136.98887274367848 3.5
endloop
endfacet
facet normal 0 0 1
outer loop
vertex 126.3375 -136.98887274367848 3.5
vertex 126.3375 -136.82218254069477 3.5
vertex 113.27781745930517 -136.82218254069477 3.5
endloop
endfacet
facet normal 0 0 1
outer loop
vertex 126.3375 -136.98887274367848 3.5
vertex 113.27781745930517 -136.82218254069477 3.5
vertex 113.41461657353284 -136.98887274367848 3.5
endloop
endfacet
facet normal 0 0 1
outer loop
vertex 111.72218254069477 -136.82218254069477 3.5
vertex 111.88887274367855 -136.6853834264672 3.5
vertex 87.98891619207815 -136.6853834264672 3.5
endloop
endfacet
facet normal 0 0 1
outer loop
vertex 111.72218254069477 -136.82218254069477 3.5
vertex 87.98891619207815 -136.6853834264672 3.5
vertex 87.9888958390915 -136.82218254069477 3.5
endloop
endfacet
facet normal 0 0 1
outer loop
vertex 126.3375 -136.82218254069477 3.5
vertex 126.3375 -136.6853834264672 3.5
vertex 113.11112725632161 -136.6853834264672 3.5
endloop
endfacet
facet normal 0 0 1
outer loop
vertex 126.3375 -136.82218254069477 3.5
vertex 113.11112725632161 -136.6853834264672 3.5
vertex 113.27781745930517 -136.82218254069477 3.5
endloop
endfacet
facet normal 0 0 1
outer loop
vertex 111.88887274367855 -136.6853834264672 3.5
vertex 112.0790482243984 -136.5837325142376 3.5
vertex 87.9889313157116 -136.5837325142376 3.5
endloop
endfacet
facet normal 0 0 1
outer loop
vertex 111.88887274367855 -136.6853834264672 3.5
vertex 87.9889313157116 -136.5837325142376 3.5
vertex 87.98891619207815 -136.6853834264672 3.5
endloop
endfacet
facet normal 0 0 1
outer loop
vertex 126.3375 -136.6853834264672 3.5
vertex 126.3375 -136.5837325142376 3.5
vertex 112.92095177560165 -136.5837325142376 3.5
endloop
endfacet
facet normal 0 0 1
outer loop
vertex 126.3375 -136.6853834264672 3.5
vertex 112.92095177560165 -136.5837325142376 3.5
vertex 113.11112725632161 -136.6853834264672 3.5
endloop
endfacet
facet normal 0 0 1
outer loop
vertex 112.0790482243984 -136.5837325142376 3.5
vertex 112.2854006457822 -136.52113619155642 3.5
vertex 87.98894062879909 -136.52113619155642 3.5
endloop
endfacet
facet normal 0 0 1
outer loop
vertex 112.0790482243984 -136.5837325142376 3.5
vertex 87.98894062879909 -136.52113619155642 3.5
vertex 87.9889313157116 -136.5837325142376 3.5
endloop
endfacet
facet normal 0 0 1
outer loop
vertex 126.3375 -136.5837325142376 3.5
vertex 126.3375 -136.52113619155642 3.5
vertex 112.71459935421761 -136.52113619155642 3.5
endloop
endfacet
facet normal 0 0 1
outer loop
vertex 126.3375 -136.5837325142376 3.5
vertex 112.71459935421761 -136.52113619155642 3.5
vertex 112.92095177560165 -136.5837325142376 3.5
endloop
endfacet
facet normal 0 0 1
outer loop
vertex 112.2854006457822 -136.52113619155642 3.5
vertex 112.50000000000003 -136.5 3.5
vertex 87.9889437734439 -136.5 3.5
endloop
endfacet
facet normal 0 0 1
outer loop
vertex 112.2854006457822 -136.52113619155642 3.5
vertex 87.9889437734439 -136.5 3.5
vertex 87.98894062879909 -136.52113619155642 3.5
endloop
endfacet
facet normal 0 0 1
outer loop
vertex 126.3375 -136.52113619155642 3.5
vertex 126.3375 -136.5 3.5
vertex 112.50000000000003 -136.5 3.5
endloop
endfacet
facet normal 0 0 1
outer loop
vertex 126.3375 -136.52113619155642 3.5
vertex 112.50000000000003 -136.5 3.5
vertex 112.71459935421761 -136.52113619155642 3.5
endloop
endfacet
facet normal 0 0 1
outer loop
vertex 112.50000000000003 -136.5 3.5
vertex 126.3375 -136.5 3.5
vertex 126.3375 -131.1 3.5
endloop
endfacet
facet normal 0 0 1
outer loop
vertex 112.50000000000003 -136.5 3.5
vertex 126.3375 -131.1 3.5
vertex 87.98974718601372 -131.1 3.5
endloop
endfacet
facet normal 0 0 1
outer loop
vertex 112.50000000000003 -136.5 3.5
vertex 87.98974718601372 -131.1 3.5
vertex 87.9889437734439 -136.5 3.5
endloop
endfacet
facet normal 0 0 1
outer loop
vertex 135.3375 -131.35 3.5
vertex 135.3375 -131.1 3.5
vertex 131.3375 -131.1 3.5
endloop
endfacet
facet normal 0 0 1
outer loop
vertex 135.3375 -131.35 3.5
vertex 131.3375 -131.1 3.5
vertex 131.3375 -131.35 3.5
endloop
endfacet
facet normal 0 0 1
outer loop
vertex 145.3875 -145.1 3.5
vertex 145.3875 -131.1 3.5
vertex 140.3375 -131.1 3.5
endloop
endfacet
facet normal 0 0 1
outer loop
vertex 145.3875 -145.1 3.5
vertex 140.3375 -131.1 3.5
vertex 140.3375 -145.1 3.5
endloop
endfacet
facet normal 0 0 1
outer loop
vertex 154.3875 -131.35 3.5
vertex 154.3875 -131.1 3.5
vertex 150.3875 -131.1 3.5
endloop
endfacet
facet normal 0 0 1
outer loop
vertex 154.3875 -131.35 3.5
vertex 150.3875 -131.1 3.5
vertex 150.3875 -131.35 3.5
endloop
endfacet
facet normal 0 0 1
outer loop
vertex 164.4375 -145.1 3.5
vertex 164.4375 -131.1 3.5
vertex 159.3875 -131.1 3.5
endloop
endfacet
facet normal 0 0 1
outer loop
vertex 164.4375 -145.1 3.5
vertex 159.3875 -131.1 3.5
vertex 159.3875 -145.1 3.5
endloop
endfacet
facet normal 0 0 1
outer loop
vertex 173.4375 -131.35 3.5
vertex 173.4375 -131.1 3.5
vertex 169.4375 -131.1 3.5
endloop
endfacet
facet normal 0 0 1
outer loop
vertex 173.4375 -131.35 3.5
vertex 169.4375 -131.1 3.5
vertex 169.4375 -131.35 3.5
endloop
endfacet
facet normal 0 0 1
outer loop
vertex 183.4875 -145.1 3.5
vertex 183.4875 -131.1 3.5
vertex 178.4375 -131.1 3.5
endloop
endfacet
facet normal 0 0 1
outer loop
vertex 183.4875 -145.1 3.5
vertex 178.4375 -131.1 3.5
vertex 178.4375 -145.1 3.5
endloop
endfacet
facet normal 0 0 1
outer loop
vertex 192.4875 -131.35 3.5
vertex 192.4875 -131.1 3.5
vertex 188.4875 -131.1 3.5
endloop
endfacet
facet normal 0 0 1
outer loop
vertex 192.4875 -131.35 3.5
vertex 188.4875 -131.1 3.5
vertex 188.4875 -131.35 3.5
endloop
endfacet
facet normal 0 0 1
outer loop
vertex 202.5375 -145.1 3.5
vertex 202.5375 -131.1 3.5
vertex 197.4875 -131.1 3.5
endloop
endfacet
facet normal 0 0 1
outer loop
vertex 202.5375 -145.1 3.5
vertex 197.4875 -131.1 3.5
vertex 197.4875 -145.1 3.5
endloop
endfacet
facet normal 0 0 1
outer loop
vertex 211.5375 -131.35 3.5
vertex 211.5375 -131.1 3.5
vertex 207.5375 -131.1 3.5
endloop
endfacet
facet normal 0 0 1
outer loop
vertex 211.5375 -131.35 3.5
vertex 207.5375 -131.1 3.5
vertex 207.5375 -131.35 3.5
endloop
endfacet
facet normal 0 0 1
outer loop
vertex 221.5875 -145.1 3.5
vertex 221.5875 -131.1 3.5
vertex 216.5375 -131.1 3.5
endloop
endfacet
facet normal 0 0 1
outer loop
vertex 221.5875 -145.1 3.5
vertex 216.5375 -131.1 3.5
vertex 216.5375 -145.1 3.5
endloop
endfacet
facet normal 0 0 1
outer loop
vertex 230.5875 -131.35 3.5
vertex 230.5875 -131.1 3.5
vertex 226.5875 -131.1 3.5
endloop
endfacet
facet normal 0 0 1
outer loop
vertex 230.5875 -131.35 3.5
vertex 226.5875 -131.1 3.5
vertex 226.5875 -131.35 3.5
endloop
endfacet
facet normal 0 0 1
outer loop
vertex 241.7905075471617 -145.1 3.5
vertex 241.9023313273007 -131.1 3.5
vertex 235.5875 -131.1 3.5
endloop
endfacet
facet normal 0 0 1
outer loop
vertex 241.7905075471617 -145.1 3.5
vertex 235.5875 -131.1 3.5
vertex 235.5875 -145.1 3.5
endloop
endfacet
facet normal 0 0 1
outer loop
vertex 126.3375 -131.1 3.5
vertex 131.3375 -131.1 3.5
vertex 135.3375 -131.1 3.5
endloop
endfacet
facet normal 0 0 1
outer loop
vertex 126.3375 -131.1 3.5
vertex 135.3375 -131.1 3.5
vertex 140.3375 -131.1 3.5
endloop
endfacet
facet normal 0 0 1
outer loop
vertex 126.3375 -131.1 3.5
vertex 140.3375 -131.1 3.5
vertex 145.3875 -131.1 3.5
endloop
endfacet
facet normal 0 0 1
outer loop
vertex 126.3375 -131.1 3.5
vertex 145.3875 -131.1 3.5
vertex 150.3875 -131.1 3.5
endloop
endfacet
facet normal 0 0 1
outer loop
vertex 126.3375 -131.1 3.5
vertex 150.3875 -131.1 3.5
vertex 154.3875 -131.1 3.5
endloop
endfacet
facet normal 0 0 1
outer loop
vertex 126.3375 -131.1 3.5
vertex 154.3875 -131.1 3.5
vertex 159.3875 -131.1 3.5
endloop
endfacet
facet normal 0 0 1
outer loop
vertex 126.3375 -131.1 3.5
vertex 159.3875 -131.1 3.5
vertex 164.4375 -131.1 3.5
endloop
endfacet
facet normal 0 0 1
outer loop
vertex 126.3375 -131.1 3.5
vertex 164.4375 -131.1 3.5
vertex 169.4375 -131.1 3.5
endloop
endfacet
facet normal 0 0 1
outer loop
vertex 126.3375 -131.1 3.5
vertex 169.4375 -131.1 3.5
vertex 173.4375 -131.1 3.5
endloop
endfacet
facet normal 0 0 1
outer loop
vertex 126.3375 -131.1 3.5
vertex 173.4375 -131.1 3.5
vertex 178.4375 -131.1 3.5
endloop
endfacet
facet normal 0 0 1
outer loop
vertex 126.3375 -131.1 3.5
vertex 178.4375 -131.1 3.5
vertex 183.4875 -131.1 3.5
endloop
endfacet
facet normal 0 0 1
outer loop
vertex 126.3375 -131.1 3.5
vertex 183.4875 -131.1 3.5
vertex 188.4875 -131.1 3.5
endloop
endfacet
facet normal 0 0 1
outer loop
vertex 126.3375 -131.1 3.5
vertex 188.4875 -131.1 3.5
vertex 192.4875 -131.1 3.5
endloop
endfacet
facet normal 0 0 1
outer loop
vertex 126.3375 -131.1 3.5
vertex 192.4875 -131.1 3.5
vertex 197.4875 -131.1 3.5
endloop
endfacet
facet normal 0 0 1
outer loop
vertex 126.3375 -131.1 3.5
vertex 197.4875 -131.1 3.5
vertex 202.5375 -131.1 3.5
endloop
endfacet
facet normal 0 0 1
outer loop
vertex 126.3375 -131.1 3.5
vertex 202.5375 -131.1 3.5
vertex 207.5375 -131.1 3.5
endloop
endfacet
facet normal 0 0 1
outer loop
vertex 126.3375 -131.1 3.5
vertex 207.5375 -131.1 3.5
vertex 211.5375 -131.1 3.5
endloop
endfacet
facet normal 0 0 1
outer loop
vertex 126.3375 -131.1 3.5
vertex 211.5375 -131.1 3.5
vertex 216.5375 -131.1 3.5
endloop
endfacet
facet normal 0 0 1
outer loop
vertex 126.3375 -131.1 3.5
vertex 216.5375 -131.1 3.5
vertex 221.5875 -131.1 3.5
endloop
endfacet
facet normal 0 0 1
outer loop
vertex 126.3375 -131.1 3.5
vertex 221.5875 -131.1 3.5
vertex 226.5875 -131.1 3.5
endloop
endfacet
facet normal 0 0 1
outer loop
vertex 126.3375 -131.1 3.5
vertex 226.5875 -131.1 3.5
vertex 230.5875 -131.1 3.5
endloop
endfacet
facet normal 0 0 1
outer loop
vertex 126.3375 -131.1 3.5
vertex 230.5875 -131.1 3.5
vertex 235.5875 -131.1 3.5
endloop
endfacet
facet normal 0 0 1
outer loop
vertex 126.3375 -131.1 3.5
vertex 235.5875 -131.1 3.5
vertex 241.9023313273007 -131.1 3.5
endloop
endfacet
facet normal 0 0 1
outer loop
vertex 126.3375 -131.1 3.5
vertex 241.9023313273007 -131.1 3.5
vertex 241.9180144 -129.13652659999963 3.5
endloop
endfacet
facet normal 0 0 1
outer loop
vertex 126.3375 -131.1 3.5
vertex 241.9180144 -129.13652659999963 3.5
vertex 241.8981633995768 -128.76721305965654 3.5
endloop
endfacet
facet normal 0 0 1
outer loop
vertex 126.3375 -131.1 3.5
vertex 241.8981633995768 -128.76721305965654 3.5
vertex 241.8330200389929 -128.40314864795067 3.5
endloop
endfacet
facet normal 0 0 1
outer loop
vertex 126.3375 -131.1 3.5
vertex 241.8330200389929 -128.40314864795067 3.5
vertex 241.72357880000033 -128.04986320000086 3.5
endloop
endfacet
facet normal 0 0 1
outer loop
vertex 126.3375 -131.1 3.5
vertex 241.72357880000033 -128.04986320000086 3.5
vertex 240.96603323580047 -126.05 3.5
endloop
endfacet
facet normal 0 0 1
outer loop
vertex 126.3375 -131.1 3.5
vertex 240.96603323580047 -126.05 3.5
vertex 230.825 -126.05 3.5
endloop
endfacet
facet normal 0 0 1
outer loop
vertex 126.3375 -131.1 3.5
vertex 230.825 -126.05 3.5
vertex 225.825 -126.05 3.5
endloop
endfacet
facet normal 0 0 1
outer loop
vertex 126.3375 -131.1 3.5
vertex 225.825 -126.05 3.5
vertex 221.825 -126.05 3.5
endloop
endfacet
facet normal 0 0 1
outer loop
vertex 126.3375 -131.1 3.5
vertex 221.825 -126.05 3.5
vertex 216.825 -126.05 3.5
endloop
endfacet
facet normal 0 0 1
outer loop
vertex 126.3375 -131.1 3.5
vertex 216.825 -126.05 3.5
vertex 211.775 -126.05 3.5
endloop
endfacet
facet normal 0 0 1
outer loop
vertex 126.3375 -131.1 3.5
vertex 211.775 -126.05 3.5
vertex 206.775 -126.05 3.5
endloop
endfacet
facet normal 0 0 1
outer loop
vertex 126.3375 -131.1 3.5
vertex 206.775 -126.05 3.5
vertex 202.775 -126.05 3.5
endloop
endfacet
facet normal 0 0 1
outer loop
vertex 126.3375 -131.1 3.5
vertex 202.775 -126.05 3.5
vertex 197.775 -126.05 3.5
endloop
endfacet
facet normal 0 0 1
outer loop
vertex 126.3375 -131.1 3.5
vertex 197.775 -126.05 3.5
vertex 192.725 -126.05 3.5
endloop
endfacet
facet normal 0 0 1
outer loop
vertex 126.3375 -131.1 3.5
vertex 192.725 -126.05 3.5
vertex 187.725 -126.05 3.5
endloop
endfacet
facet normal 0 0 1
outer loop
vertex 126.3375 -131.1 3.5
vertex 187.725 -126.05 3.5
vertex 183.725 -126.05 3.5
endloop
endfacet
facet normal 0 0 1
outer loop
vertex 126.3375 -131.1 3.5
vertex 183.725 -126.05 3.5
vertex 178.725 -126.05 3.5
endloop
endfacet
facet normal 0 0 1
outer loop
vertex 126.3375 -131.1 3.5
vertex 178.725 -126.05 3.5
vertex 173.675 -126.05 3.5
endloop
endfacet
facet normal 0 0 1
outer loop
vertex 126.3375 -131.1 3.5
vertex 173.675 -126.05 3.5
vertex 168.675 -126.05 3.5
endloop
endfacet
facet normal 0 0 1
outer loop
vertex 126.3375 -131.1 3.5
vertex 168.675 -126.05 3.5
vertex 164.675 -126.05 3.5
endloop
endfacet
facet normal 0 0 1
outer loop
vertex 126.3375 -131.1 3.5
vertex 164.675 -126.05 3.5
vertex 159.675 -126.05 3.5
endloop
endfacet
facet normal 0 0 1
outer loop
vertex 126.3375 -131.1 3.5
vertex 159.675 -126.05 3.5
vertex 154.625 -126.05 3.5
endloop
endfacet
facet normal 0 0 1
outer loop
vertex 126.3375 -131.1 3.5
vertex 154.625 -126.05 3.5
vertex 149.625 -126.05 3.5
endloop
endfacet
facet normal 0 0 1
outer loop
vertex 126.3375 -131.1 3.5
vertex 149.625 -126.05 3.5
vertex 145.625 -126.05 3.5
endloop
endfacet
facet normal 0 0 1
outer loop
vertex 126.3375 -131.1 3.5
vertex 145.625 -126.05 3.5
vertex 140.625 -126.05 3.5
endloop
endfacet
facet normal 0 0 1
outer loop
vertex 126.3375 -131.1 3.5
vertex 140.625 -126.05 3.5
vertex 135.575 -126.05 3.5
endloop
endfacet
facet normal 0 0 1
outer loop
vertex 126.3375 -131.1 3.5
vertex 135.575 -126.05 3.5
vertex 130.575 -126.05 3.5
endloop
endfacet
facet normal 0 0 1
outer loop
vertex 126.3375 -131.1 3.5
vertex 130.575 -126.05 3.5
vertex 126.575 -126.05 3.5
endloop
endfacet
facet normal 0 0 1
outer loop
vertex 126.3375 -131.1 3.5
vertex 126.575 -126.05 3.5
vertex 121.575 -126.05 3.5
endloop
endfacet
facet normal 0 0 1
outer loop
vertex 126.3375 -131.1 3.5
vertex 121.575 -126.05 3.5
vertex 111.76249999999999 -126.05 3.5
endloop
endfacet
facet normal 0 0 1
outer loop
vertex 126.3375 -131.1 3.5
vertex 111.76249999999999 -126.05 3.5
vertex 106.76249999999999 -126.05 3.5
endloop
endfacet
facet normal 0 0 1
outer loop
vertex 126.3375 -131.1 3.5
vertex 106.76249999999999 -126.05 3.5
vertex 102.76249999999999 -126.05 3.5
endloop
endfacet
facet normal 0 0 1
outer loop
vertex 126.3375 -131.1 3.5
vertex 102.76249999999999 -126.05 3.5
vertex 97.7625 -126.05 3.5
endloop
endfacet
facet normal 0 0 1
outer loop
vertex 126.3375 -131.1 3.5
vertex 97.7625 -126.05 3.5
vertex 87.9904985255466 -126.05 3.5
endloop
endfacet
facet normal 0 0 1
outer loop
vertex 126.3375 -131.1 3.5
vertex 87.9904985255466 -126.05 3.5
vertex 87.98974718601372 -131.1 3.5
endloop
endfacet
facet normal 0 0 1
outer loop
vertex 106.76249999999999 -126.05 3.5
vertex 106.7625 -125.8 3.5
vertex 102.76249999999999 -125.8 3.5
endloop
endfacet
facet normal 0 0 1
outer loop
vertex 106.76249999999999 -126.05 3.5
vertex 102.76249999999999 -125.8 3.5
vertex 102.76249999999999 -126.05 3.5
endloop
endfacet
facet normal 0 0 1
outer loop
vertex 130.575 -126.05 3.5
vertex 130.575 -125.8 3.5
vertex 126.575 -125.8 3.5
endloop
endfacet
facet normal 0 0 1
outer loop
vertex 130.575 -126.05 3.5
vertex 126.575 -125.8 3.5
vertex 126.575 -126.05 3.5
endloop
endfacet
facet normal 0 0 1
outer loop
vertex 149.625 -126.05 3.5
vertex 149.625 -125.8 3.5
vertex 145.625 -125.8 3.5
endloop
endfacet
facet normal 0 0 1
outer loop
vertex 149.625 -126.05 3.5
vertex 145.625 -125.8 3.5
vertex 145.625 -126.05 3.5
endloop
endfacet
facet normal 0 0 1
outer loop
vertex 168.675 -126.05 3.5
vertex 168.675 -125.8 3.5
vertex 164.675 -125.8 3.5
endloop
endfacet
facet normal 0 0 1
outer loop
vertex 168.675 -126.05 3.5
vertex 164.675 -125.8 3.5
vertex 164.675 -126.05 3.5
endloop
endfacet
facet normal 0 0 1
outer loop
vertex 187.725 -126.05 3.5
vertex 187.725 -125.8 3.5
vertex 183.725 -125.8 3.5
endloop
endfacet
facet normal 0 0 1
outer loop
vertex 187.725 -126.05 3.5
vertex 183.725 -125.8 3.5
vertex 183.725 -126.05 3.5
endloop
endfacet
facet normal 0 0 1
outer loop
vertex 206.775 -126.05 3.5
vertex 206.775 -125.8 3.5
vertex 202.775 -125.8 3.5
endloop
endfacet
facet normal 0 0 1
outer loop
vertex 206.775 -126.05 3.5
vertex 202.775 -125.8 3.5
vertex 202.775 -126.05 3.5
endloop
endfacet
facet normal 0 0 1
outer loop
vertex 225.825 -126.05 3.5
vertex 225.825 -125.8 3.5
vertex 221.825 -125.8 3.5
endloop
endfacet
facet normal 0 0 1
outer loop
vertex 225.825 -126.05 3.5
vertex 221.825 -125.8 3.5
vertex 221.825 -126.05 3.5
endloop
endfacet
facet normal 0 0 1
outer loop
vertex 97.7625 -126.05 3.5
vertex 97.7625 -112.05 3.5
vertex 87.99258144702388 -112.05 3.5
endloop
endfacet
facet normal 0 0 1
outer loop
vertex 97.7625 -126.05 3.5
vertex 87.99258144702388 -112.05 3.5
vertex 87.9904985255466 -126.05 3.5
endloop
endfacet
facet normal 0 0 1
outer loop
vertex 106.7625 -112.3 3.5
vertex 106.7625 -112.05 3.5
vertex 102.7625 -112.05 3.5
endloop
endfacet
facet normal 0 0 1
outer loop
vertex 106.7625 -112.3 3.5
vertex 102.7625 -112.05 3.5
vertex 102.7625 -112.3 3.5
endloop
endfacet
facet normal 0 0 1
outer loop
vertex 121.575 -126.05 3.5
vertex 121.575 -112.05 3.5
vertex 111.7625 -112.05 3.5
endloop
endfacet
facet normal 0 0 1
outer loop
vertex 121.575 -126.05 3.5
vertex 111.7625 -112.05 3.5
vertex 111.76249999999999 -126.05 3.5
endloop
endfacet
facet normal 0 0 1
outer loop
vertex 130.575 -112.3 3.5
vertex 130.575 -112.05 3.5
vertex 126.575 -112.05 3.5
endloop
endfacet
facet normal 0 0 1
outer loop
vertex 130.575 -112.3 3.5
vertex 126.575 -112.05 3.5
vertex 126.575 -112.3 3.5
endloop
endfacet
facet normal 0 0 1
outer loop
vertex 140.625 -126.05 3.5
vertex 140.625 -112.05 3.5
vertex 135.575 -112.05 3.5
endloop
endfacet
facet normal 0 0 1
outer loop
vertex 140.625 -126.05 3.5
vertex 135.575 -112.05 3.5
vertex 135.575 -126.05 3.5
endloop
endfacet
facet normal 0 0 1
outer loop
vertex 149.625 -112.3 3.5
vertex 149.625 -112.05 3.5
vertex 145.625 -112.05 3.5
endloop
endfacet
facet normal 0 0 1
outer loop
vertex 149.625 -112.3 3.5
vertex 145.625 -112.05 3.5
vertex 145.625 -112.3 3.5
endloop
endfacet
facet normal 0 0 1
outer loop
vertex 159.675 -126.05 3.5
vertex 159.675 -112.05 3.5
vertex 154.625 -112.05 3.5
endloop
endfacet
facet normal 0 0 1
outer loop
vertex 159.675 -126.05 3.5
vertex 154.625 -112.05 3.5
vertex 154.625 -126.05 3.5
endloop
endfacet
facet normal 0 0 1
outer loop
vertex 168.675 -112.3 3.5
vertex 168.675 -112.05 3.5
vertex 164.675 -112.05 3.5
endloop
endfacet
facet normal 0 0 1
outer loop
vertex 168.675 -112.3 3.5
vertex 164.675 -112.05 3.5
vertex 164.675 -112.3 3.5
endloop
endfacet
facet normal 0 0 1
outer loop
vertex 178.725 -126.05 3.5
vertex 178.725 -112.05 3.5
vertex 173.675 -112.05 3.5
endloop
endfacet
facet normal 0 0 1
outer loop
vertex 178.725 -126.05 3.5
vertex 173.675 -112.05 3.5
vertex 173.675 -126.05 3.5
endloop
endfacet
facet normal 0 0 1
outer loop
vertex 187.725 -112.3 3.5
vertex 187.725 -112.05 3.5
vertex 183.725 -112.05 3.5
endloop
endfacet
facet normal 0 0 1
outer loop
vertex 187.725 -112.3 3.5
vertex 183.725 -112.05 3.5
vertex 183.725 -112.3 3.5
endloop
endfacet
facet normal 0 0 1
outer loop
vertex 197.775 -126.05 3.5
vertex 197.775 -112.05 3.5
vertex 192.725 -112.05 3.5
endloop
endfacet
facet normal 0 0 1
outer loop
vertex 197.775 -126.05 3.5
vertex 192.725 -112.05 3.5
vertex 192.725 -126.05 3.5
endloop
endfacet
facet normal 0 0 1
outer loop
vertex 206.775 -112.3 3.5
vertex 206.775 -112.05 3.5
vertex 202.775 -112.05 3.5
endloop
endfacet
facet normal 0 0 1
outer loop
vertex 206.775 -112.3 3.5
vertex 202.775 -112.05 3.5
vertex 202.775 -112.3 3.5
endloop
endfacet
facet normal 0 0 1
outer loop
vertex 216.825 -126.05 3.5
vertex 216.825 -112.05 3.5
vertex 211.775 -112.05 3.5
endloop
endfacet
facet normal 0 0 1
outer loop
vertex 216.825 -126.05 3.5
vertex 211.775 -112.05 3.5
vertex 211.775 -126.05 3.5
endloop
endfacet
facet normal 0 0 1
outer loop
vertex 225.825 -112.3 3.5
vertex 225.825 -112.05 3.5
vertex 221.825 -112.05 3.5
endloop
endfacet
facet normal 0 0 1
outer loop
vertex 225.825 -112.3 3.5
vertex 221.825 -112.05 3.5
vertex 221.825 -112.3 3.5
endloop
endfacet
facet normal 0 0 1
outer loop
vertex 240.96603323580047 -126.05 3.5
vertex 235.66285154877636 -112.05 3.5
vertex 230.825 -112.05 3.5
endloop
endfacet
facet normal 0 0 1
outer loop
vertex 240.96603323580047 -126.05 3.5
vertex 230.825 -112.05 3.5
vertex 230.825 -126.05 3.5
endloop
endfacet
facet normal 0 0 1
outer loop
vertex 97.7625 -112.05 3.5
vertex 102.7625 -112.05 3.5
vertex 106.7625 -112.05 3.5
endloop
endfacet
facet normal 0 0 1
outer loop
vertex 97.7625 -112.05 3.5
vertex 106.7625 -112.05 3.5
vertex 111.7625 -112.05 3.5
endloop
endfacet
facet normal 0 0 1
outer loop
vertex 97.7625 -112.05 3.5
vertex 111.7625 -112.05 3.5
vertex 121.575 -112.05 3.5
endloop
endfacet
facet normal 0 0 1
outer loop
vertex 97.7625 -112.05 3.5
vertex 121.575 -112.05 3.5
vertex 126.575 -112.05 3.5
endloop
endfacet
facet normal 0 0 1
outer loop
vertex 97.7625 -112.05 3.5
vertex 126.575 -112.05 3.5
vertex 130.575 -112.05 3.5
endloop
endfacet
facet normal 0 0 1
outer loop
vertex 97.7625 -112.05 3.5
vertex 130.575 -112.05 3.5
vertex 135.575 -112.05 3.5
endloop
endfacet
facet normal 0 0 1
outer loop
vertex 97.7625 -112.05 3.5
vertex 135.575 -112.05 3.5
vertex 140.625 -112.05 3.5
endloop
endfacet
facet normal 0 0 1
outer loop
vertex 97.7625 -112.05 3.5
vertex 140.625 -112.05 3.5
vertex 145.625 -112.05 3.5
endloop
endfacet
facet normal 0 0 1
outer loop
vertex 97.7625 -112.05 3.5
vertex 145.625 -112.05 3.5
vertex 149.625 -112.05 3.5
endloop
endfacet
facet normal 0 0 1
outer loop
vertex 97.7625 -112.05 3.5
vertex 149.625 -112.05 3.5
vertex 154.625 -112.05 3.5
endloop
endfacet
facet normal 0 0 1
outer loop
vertex 97.7625 -112.05 3.5
vertex 154.625 -112.05 3.5
vertex 159.675 -112.05 3.5
endloop
endfacet
facet normal 0 0 1
outer loop
vertex 97.7625 -112.05 3.5
vertex 159.675 -112.05 3.5
vertex 164.675 -112.05 3.5
endloop
endfacet
facet normal 0 0 1
outer loop
vertex 97.7625 -112.05 3.5
vertex 164.675 -112.05 3.5
vertex 168.675 -112.05 3.5
endloop
endfacet
facet normal 0 0 1
outer loop
vertex 97.7625 -112.05 3.5
vertex 168.675 -112.05 3.5
vertex 173.675 -112.05 3.5
endloop
endfacet
facet normal 0 0 1
outer loop
vertex 97.7625 -112.05 3.5
vertex 173.675 -112.05 3.5
vertex 178.725 -112.05 3.5
endloop
endfacet
facet normal 0 0 1
outer loop
vertex 97.7625 -112.05 3.5
vertex 178.725 -112.05 3.5
vertex 183.725 -112.05 3.5
endloop
endfacet
facet normal 0 0 1
outer loop
vertex 97.7625 -112.05 3.5
vertex 183.725 -112.05 3.5
vertex 187.725 -112.05 3.5
endloop
endfacet
facet normal 0 0 1
outer loop
vertex 97.7625 -112.05 3.5
vertex 187.725 -112.05 3.5
vertex 192.725 -112.05 3.5
endloop
endfacet
facet normal 0 0 1
outer loop
vertex 97.7625 -112.05 3.5
vertex 192.725 -112.05 3.5
vertex 197.775 -112.05 3.5
endloop
endfacet
facet normal 0 0 1
outer loop
vertex 97.7625 -112.05 3.5
vertex 197.775 -112.05 3.5
vertex 202.775 -112.05 3.5
endloop
endfacet
facet normal 0 0 1
outer loop
vertex 97.7625 -112.05 3.5
vertex 202.775 -112.05 3.5
vertex 206.775 -112.05 3.5
endloop
endfacet
facet normal 0 0 1
outer loop
vertex 97.7625 -112.05 3.5
vertex 206.775 -112.05 3.5
vertex 211.775 -112.05 3.5
endloop
endfacet
facet normal 0 0 1
outer loop
vertex 97.7625 -112.05 3.5
vertex 211.775 -112.05 3.5
vertex 216.825 -112.05 3.5
endloop
endfacet
facet normal 0 0 1
outer loop
vertex 97.7625 -112.05 3.5
vertex 216.825 -112.05 3.5
vertex 221.825 -112.05 3.5
endloop
endfacet
facet normal 0 0 1
outer loop
vertex 97.7625 -112.05 3.5
vertex 221.825 -112.05 3.5
vertex 225.825 -112.05 3.5
endloop
endfacet
facet normal 0 0 1
outer loop
vertex 97.7625 -112.05 3.5
vertex 225.825 -112.05 3.5
vertex 230.825 -112.05 3.5
endloop
endfacet
facet normal 0 0 1
outer loop
vertex 97.7625 -112.05 3.5
vertex 230.825 -112.05 3.5
vertex 235.66285154877636 -112.05 3.5
endloop
endfacet
facet normal 0 0 1
outer loop
vertex 97.7625 -112.05 3.5
vertex 235.66285154877636 -112.05 3.5
vertex 233.7499181545284 -107 3.5
endloop
endfacet
facet normal 0 0 1
outer loop
vertex 97.7625 -112.05 3.5
vertex 233.7499181545284 -107 3.5
vertex 221.3 -107 3.5
endloop
endfacet
facet normal 0 0 1
outer loop
vertex 97.7625 -112.05 3.5
vertex 221.3 -107 3.5
vertex 216.3 -107 3.5
endloop
endfacet
facet normal 0 0 1
outer loop
vertex 97.7625 -112.05 3.5
vertex 216.3 -107 3.5
vertex 212.3 -107 3.5
endloop
endfacet
facet normal 0 0 1
outer loop
vertex 97.7625 -112.05 3.5
vertex 212.3 -107 3.5
vertex 207.3 -107 3.5
endloop
endfacet
facet normal 0 0 1
outer loop
vertex 97.7625 -112.05 3.5
vertex 207.3 -107 3.5
vertex 202.25 -107 3.5
endloop
endfacet
facet normal 0 0 1
outer loop
vertex 97.7625 -112.05 3.5
vertex 202.25 -107 3.5
vertex 197.25 -107 3.5
endloop
endfacet
facet normal 0 0 1
outer loop
vertex 97.7625 -112.05 3.5
vertex 197.25 -107 3.5
vertex 193.25 -107 3.5
endloop
endfacet
facet normal 0 0 1
outer loop
vertex 97.7625 -112.05 3.5
vertex 193.25 -107 3.5
vertex 188.25 -107 3.5
endloop
endfacet
facet normal 0 0 1
outer loop
vertex 97.7625 -112.05 3.5
vertex 188.25 -107 3.5
vertex 183.2 -107 3.5
endloop
endfacet
facet normal 0 0 1
outer loop
vertex 97.7625 -112.05 3.5
vertex 183.2 -107 3.5
vertex 178.2 -107 3.5
endloop
endfacet
facet normal 0 0 1
outer loop
vertex 97.7625 -112.05 3.5
vertex 178.2 -107 3.5
vertex 174.2 -107 3.5
endloop
endfacet
facet normal 0 0 1
outer loop
vertex 97.7625 -112.05 3.5
vertex 174.2 -107 3.5
vertex 169.2 -107 3.5
endloop
endfacet
facet normal 0 0 1
outer loop
vertex 97.7625 -112.05 3.5
vertex 169.2 -107 3.5
vertex 164.15 -107 3.5
endloop
endfacet
facet normal 0 0 1
outer loop
vertex 97.7625 -112.05 3.5
vertex 164.15 -107 3.5
vertex 159.15 -107 3.5
endloop
endfacet
facet normal 0 0 1
outer loop
vertex 97.7625 -112.05 3.5
vertex 159.15 -107 3.5
vertex 155.15 -107 3.5
endloop
endfacet
facet normal 0 0 1
outer loop
vertex 97.7625 -112.05 3.5
vertex 155.15 -107 3.5
vertex 150.15 -107 3.5
endloop
endfacet
facet normal 0 0 1
outer loop
vertex 97.7625 -112.05 3.5
vertex 150.15 -107 3.5
vertex 145.1 -107 3.5
endloop
endfacet
facet normal 0 0 1
outer loop
vertex 97.7625 -112.05 3.5
vertex 145.1 -107 3.5
vertex 140.1 -107 3.5
endloop
endfacet
facet normal 0 0 1
outer loop
vertex 97.7625 -112.05 3.5
vertex 140.1 -107 3.5
vertex 136.1 -107 3.5
endloop
endfacet
facet normal 0 0 1
outer loop
vertex 97.7625 -112.05 3.5
vertex 136.1 -107 3.5
vertex 131.1 -107 3.5
endloop
endfacet
facet normal 0 0 1
outer loop
vertex 97.7625 -112.05 3.5
vertex 131.1 -107 3.5
vertex 126.05 -107 3.5
endloop
endfacet
facet normal 0 0 1
outer loop
vertex 97.7625 -112.05 3.5
vertex 126.05 -107 3.5
vertex 121.05 -107 3.5
endloop
endfacet
facet normal 0 0 1
outer loop
vertex 97.7625 -112.05 3.5
vertex 121.05 -107 3.5
vertex 117.05 -107 3.5
endloop
endfacet
facet normal 0 0 1
outer loop
vertex 97.7625 -112.05 3.5
vertex 117.05 -107 3.5
vertex 112.05 -107 3.5
endloop
endfacet
facet normal 0 0 1
outer loop
vertex 97.7625 -112.05 3.5
vertex 112.05 -107 3.5
vertex 107 -107 3.5
endloop
endfacet
facet normal 0 0 1
outer loop
vertex 97.7625 -112.05 3.5
vertex 107 -107 3.5
vertex 102 -107 3.5
endloop
endfacet
facet normal 0 0 1
outer loop
vertex 97.7625 -112.05 3.5
vertex 102 -107 3.5
vertex 98 -107 3.5
endloop
endfacet
facet normal 0 0 1
outer loop
vertex 97.7625 -112.05 3.5
vertex 98 -107 3.5
vertex 93 -107 3.5
endloop
endfacet
facet normal 0 0 1
outer loop
vertex 97.7625 -112.05 3.5
vertex 93 -107 3.5
vertex 87.99333278655676 -107 3.5
endloop
endfacet
facet normal 0 0 1
outer loop
vertex 97.7625 -112.05 3.5
vertex 87.99333278655676 -107 3.5
vertex 87.99258144702388 -112.05 3.5
endloop
endfacet
facet normal 0 0 1
outer loop
vertex 102 -107 3.5
vertex 102 -106.75 3.5
vertex 98 -106.75 3.5
endloop
endfacet
facet normal 0 0 1
outer loop
vertex 102 -107 3.5
vertex 98 -106.75 3.5
vertex 98 -107 3.5
endloop
endfacet
facet normal 0 0 1
outer loop
vertex 121.05 -107 3.5
vertex 121.05 -106.75 3.5
vertex 117.05 -106.75 3.5
endloop
endfacet
facet normal 0 0 1
outer loop
vertex 121.05 -107 3.5
vertex 117.05 -106.75 3.5
vertex 117.05 -107 3.5
endloop
endfacet
facet normal 0 0 1
outer loop
vertex 140.1 -107 3.5
vertex 140.1 -106.75 3.5
vertex 136.1 -106.75 3.5
endloop
endfacet
facet normal 0 0 1
outer loop
vertex 140.1 -107 3.5
vertex 136.1 -106.75 3.5
vertex 136.1 -107 3.5
endloop
endfacet
facet normal 0 0 1
outer loop
vertex 159.15 -107 3.5
vertex 159.15 -106.75 3.5
vertex 155.15 -106.75 3.5
endloop
endfacet
facet normal 0 0 1
outer loop
vertex 159.15 -107 3.5
vertex 155.15 -106.75 3.5
vertex 155.15 -107 3.5
endloop
endfacet
facet normal 0 0 1
outer loop
vertex 178.2 -107 3.5
vertex 178.2 -106.75 3.5
vertex 174.2 -106.75 3.5
endloop
endfacet
facet normal 0 0 1
outer loop
vertex 178.2 -107 3.5
vertex 174.2 -106.75 3.5
vertex 174.2 -107 3.5
endloop
endfacet
facet normal 0 0 1
outer loop
vertex 197.25 -107 3.5
vertex 197.25 -106.75 3.5
vertex 193.25 -106.75 3.5
endloop
endfacet
facet normal 0 0 1
outer loop
vertex 197.25 -107 3.5
vertex 193.25 -106.75 3.5
vertex 193.25 -107 3.5
endloop
endfacet
facet normal 0 0 1
outer loop
vertex 216.3 -107 3.5
vertex 216.3 -106.75 3.5
vertex 212.3 -106.75 3.5
endloop
endfacet
facet normal 0 0 1
outer loop
vertex 216.3 -107 3.5
vertex 212.3 -106.75 3.5
vertex 212.3 -107 3.5
endloop
endfacet
facet normal 0 0 1
outer loop
vertex 93 -107 3.5
vertex 93 -93 3.5
vertex 87.99541570803405 -93 3.5
endloop
endfacet
facet normal 0 0 1
outer loop
vertex 93 -107 3.5
vertex 87.99541570803405 -93 3.5
vertex 87.99333278655676 -107 3.5
endloop
endfacet
facet normal 0 0 1
outer loop
vertex 102 -93.25 3.5
vertex 102 -93 3.5
vertex 98 -93 3.5
endloop
endfacet
facet normal 0 0 1
outer loop
vertex 102 -93.25 3.5
vertex 98 -93 3.5
vertex 98 -93.25 3.5
endloop
endfacet
facet normal 0 0 1
outer loop
vertex 112.05 -107 3.5
vertex 112.05 -93 3.5
vertex 107 -93 3.5
endloop
endfacet
facet normal 0 0 1
outer loop
vertex 112.05 -107 3.5
vertex 107 -93 3.5
vertex 107 -107 3.5
endloop
endfacet
facet normal 0 0 1
outer loop
vertex 121.05 -93.25 3.5
vertex 121.05 -93 3.5
vertex 117.05 -93 3.5
endloop
endfacet
facet normal 0 0 1
outer loop
vertex 121.05 -93.25 3.5
vertex 117.05 -93 3.5
vertex 117.05 -93.25 3.5
endloop
endfacet
facet normal 0 0 1
outer loop
vertex 131.1 -107 3.5
vertex 131.1 -93 3.5
vertex 126.05 -93 3.5
endloop
endfacet
facet normal 0 0 1
outer loop
vertex 131.1 -107 3.5
vertex 126.05 -93 3.5
vertex 126.05 -107 3.5
endloop
endfacet
facet normal 0 0 1
outer loop
vertex 140.1 -93.25 3.5
vertex 140.1 -93 3.5
vertex 136.1 -93 3.5
endloop
endfacet
facet normal 0 0 1
outer loop
vertex 140.1 -93.25 3.5
vertex 136.1 -93 3.5
vertex 136.1 -93.25 3.5
endloop
endfacet
facet normal 0 0 1
outer loop
vertex 150.15 -107 3.5
vertex 150.15 -93 3.5
vertex 145.1 -93 3.5
endloop
endfacet
facet normal 0 0 1
outer loop
vertex 150.15 -107 3.5
vertex 145.1 -93 3.5
vertex 145.1 -107 3.5
endloop
endfacet
facet normal 0 0 1
outer loop
vertex 159.15 -93.25 3.5
vertex 159.15 -93 3.5
vertex 155.15 -93 3.5
endloop
endfacet
facet normal 0 0 1
outer loop
vertex 159.15 -93.25 3.5
vertex 155.15 -93 3.5
vertex 155.15 -93.25 3.5
endloop
endfacet
facet normal 0 0 1
outer loop
vertex 169.2 -107 3.5
vertex 169.2 -93 3.5
vertex 164.15 -93 3.5
endloop
endfacet
facet normal 0 0 1
outer loop
vertex 169.2 -107 3.5
vertex 164.15 -93 3.5
vertex 164.15 -107 3.5
endloop
endfacet
facet normal 0 0 1
outer loop
vertex 178.2 -93.25 3.5
vertex 178.2 -93 3.5
vertex 174.2 -93 3.5
endloop
endfacet
facet normal 0 0 1
outer loop
vertex 178.2 -93.25 3.5
vertex 174.2 -93 3.5
vertex 174.2 -93.25 3.5
endloop
endfacet
facet normal 0 0 1
outer loop
vertex 188.25 -107 3.5
vertex 188.25 -93 3.5
vertex 183.2 -93 3.5
endloop
endfacet
facet normal 0 0 1
outer loop
vertex 188.25 -107 3.5
vertex 183.2 -93 3.5
vertex 183.2 -107 3.5
endloop
endfacet
facet normal 0 0 1
outer loop
vertex 197.25 -93.25 3.5
vertex 197.25 -93 3.5
vertex 193.25 -93 3.5
endloop
endfacet
facet normal 0 0 1
outer loop
vertex 197.25 -93.25 3.5
vertex 193.25 -93 3.5
vertex 193.25 -93.25 3.5
endloop
endfacet
facet normal 0 0 1
outer loop
vertex 207.3 -107 3.5
vertex 207.3 -93 3.5
vertex 202.25 -93 3.5
endloop
endfacet
facet normal 0 0 1
outer loop
vertex 207.3 -107 3.5
vertex 202.25 -93 3.5
vertex 202.25 -107 3.5
endloop
endfacet
facet normal 0 0 1
outer loop
vertex 216.3 -93.25 3.5
vertex 216.3 -93 3.5
vertex 212.3 -93 3.5
endloop
endfacet
facet normal 0 0 1
outer loop
vertex 216.3 -93.25 3.5
vertex 212.3 -93 3.5
vertex 212.3 -93.25 3.5
endloop
endfacet
facet normal 0 0 1
outer loop
vertex 233.7499181545284 -107 3.5
vertex 228.44673646750428 -93 3.5
vertex 221.3 -93 3.5
endloop
endfacet
facet normal 0 0 1
outer loop
vertex 233.7499181545284 -107 3.5
vertex 221.3 -93 3.5
vertex 221.3 -107 3.5
endloop
endfacet
facet normal 0 0 1
outer loop
vertex 93 -93 3.5
vertex 98 -93 3.5
vertex 102 -93 3.5
endloop
endfacet
facet normal 0 0 1
outer loop
vertex 93 -93 3.5
vertex 102 -93 3.5
vertex 107 -93 3.5
endloop
endfacet
facet normal 0 0 1
outer loop
vertex 93 -93 3.5
vertex 107 -93 3.5
vertex 112.05 -93 3.5
endloop
endfacet
facet normal 0 0 1
outer loop
vertex 93 -93 3.5
vertex 112.05 -93 3.5
vertex 117.05 -93 3.5
endloop
endfacet
facet normal 0 0 1
outer loop
vertex 93 -93 3.5
vertex 117.05 -93 3.5
vertex 121.05 -93 3.5
endloop
endfacet
facet normal 0 0 1
outer loop
vertex 93 -93 3.5
vertex 121.05 -93 3.5
vertex 126.05 -93 3.5
endloop
endfacet
facet normal 0 0 1
outer loop
vertex 93 -93 3.5
vertex 126.05 -93 3.5
vertex 131.1 -93 3.5
endloop
endfacet
facet normal 0 0 1
outer loop
vertex 93 -93 3.5
vertex 131.1 -93 3.5
vertex 136.1 -93 3.5
endloop
endfacet
facet normal 0 0 1
outer loop
vertex 93 -93 3.5
vertex 136.1 -93 3.5
vertex 140.1 -93 3.5
endloop
endfacet
facet normal 0 0 1
outer loop
vertex 93 -93 3.5
vertex 140.1 -93 3.5
vertex 145.1 -93 3.5
endloop
endfacet
facet normal 0 0 1
outer loop
vertex 93 -93 3.5
vertex 145.1 -93 3.5
vertex 150.15 -93 3.5
endloop
endfacet
facet normal 0 0 1
outer loop
vertex 93 -93 3.5
vertex 150.15 -93 3.5
vertex 155.15 -93 3.5
endloop
endfacet
facet normal 0 0 1
outer loop
vertex 93 -93 3.5
vertex 155.15 -93 3.5
vertex 159.15 -93 3.5
endloop
endfacet
facet normal 0 0 1
outer loop
vertex 93 -93 3.5
vertex 159.15 -93 3.5
vertex 164.15 -93 3.5
endloop
endfacet
facet normal 0 0 1
outer loop
vertex 93 -93 3.5
vertex 164.15 -93 3.5
vertex 169.2 -93 3.5
endloop
endfacet
facet normal 0 0 1
outer loop
vertex 93 -93 3.5
vertex 169.2 -93 3.5
vertex 174.2 -93 3.5
endloop
endfacet
facet normal 0 0 1
outer loop
vertex 93 -93 3.5
vertex 174.2 -93 3.5
vertex 178.2 -93 3.5
endloop
endfacet
facet normal 0 0 1
outer loop
vertex 93 -93 3.5
vertex 178.2 -93 3.5
vertex 183.2 -93 3.5
endloop
endfacet
facet normal 0 0 1
outer loop
vertex 93 -93 3.5
vertex 183.2 -93 3.5
vertex 188.25 -93 3.5
endloop
endfacet
facet normal 0 0 1
outer loop
vertex 93 -93 3.5
vertex 188.25 -93 3.5
vertex 193.25 -93 3.5
endloop
endfacet
facet normal 0 0 1
outer loop
vertex 93 -93 3.5
vertex 193.25 -93 3.5
vertex 197.25 -93 3.5
endloop
endfacet
facet normal 0 0 1
outer loop
vertex 93 -93 3.5
vertex 197.25 -93 3.5
vertex 202.25 -93 3.5
endloop
endfacet
facet normal 0 0 1
outer loop
vertex 93 -93 3.5
vertex 202.25 -93 3.5
vertex 207.3 -93 3.5
endloop
endfacet
facet normal 0 0 1
outer loop
vertex 93 -93 3.5
vertex 207.3 -93 3.5
vertex 212.3 -93 3.5
endloop
endfacet
facet normal 0 0 1
outer loop
vertex 93 -93 3.5
vertex 212.3 -93 3.5
vertex 216.3 -93 3.5
endloop
endfacet
facet normal 0 0 1
outer loop
vertex 93 -93 3.5
vertex 216.3 -93 3.5
vertex 221.3 -93 3.5
endloop
endfacet
facet normal 0 0 1
outer loop
vertex 93 -93 3.5
vertex 221.3 -93 3.5
vertex 228.44673646750428 -93 3.5
endloop
endfacet
facet normal 0 0 1
outer loop
vertex 93 -93 3.5
vertex 228.44673646750428 -93 3.5
vertex 227.00730143816915 -89.19999999999999 3.5
endloop
endfacet
facet normal 0 0 1
outer loop
vertex 93 -93 3.5
vertex 227.00730143816915 -89.19999999999999 3.5
vertex 213.99999999999997 -89.19999999999999 3.5
endloop
endfacet
facet normal 0 0 1
outer loop
vertex 93 -93 3.5
vertex 213.99999999999997 -89.19999999999999 3.5
vertex 156.99999999999994 -89.19999999999999 3.5
endloop
endfacet
facet normal 0 0 1
outer loop
vertex 93 -93 3.5
vertex 156.99999999999994 -89.19999999999999 3.5
vertex 100 -89.19999999999999 3.5
endloop
endfacet
facet normal 0 0 1
outer loop
vertex 93 -93 3.5
vertex 100 -89.19999999999999 3.5
vertex 87.99598107243503 -89.19999999999999 3.5
endloop
endfacet
facet normal 0 0 1
outer loop
vertex 93 -93 3.5
vertex 87.99598107243503 -89.19999999999999 3.5
vertex 87.99541570803405 -93 3.5
endloop
endfacet
facet normal 0 0 1
outer loop
vertex 100 -89.19999999999999 3.5
vertex 99.78540064578227 -89.17886380844355 3.5
vertex 87.99598421707984 -89.17886380844355 3.5
endloop
endfacet
facet normal 0 0 1
outer loop
vertex 100 -89.19999999999999 3.5
vertex 87.99598421707984 -89.17886380844355 3.5
vertex 87.99598107243503 -89.19999999999999 3.5
endloop
endfacet
facet normal 0 0 1
outer loop
vertex 156.99999999999994 -89.19999999999999 3.5
vertex 156.7854006457822 -89.17886380844355 3.5
vertex 100.21459935421775 -89.17886380844355 3.5
endloop
endfacet
facet normal 0 0 1
outer loop
vertex 156.99999999999994 -89.19999999999999 3.5
vertex 100.21459935421775 -89.17886380844355 3.5
vertex 100 -89.19999999999999 3.5
endloop
endfacet
facet normal 0 0 1
outer loop
vertex 213.99999999999997 -89.19999999999999 3.5
vertex 213.78540064578226 -89.17886380844355 3.5
vertex 157.21459935421782 -89.17886380844355 3.5
endloop
endfacet
facet normal 0 0 1
outer loop
vertex 213.99999999999997 -89.19999999999999 3.5
vertex 157.21459935421782 -89.17886380844355 3.5
vertex 156.99999999999994 -89.19999999999999 3.5
endloop
endfacet
facet normal 0 0 1
outer loop
vertex 227.00730143816915 -89.19999999999999 3.5
vertex 226.99929507645518 -89.17886380844355 3.5
vertex 214.21459935421782 -89.17886380844355 3.5
endloop
endfacet
facet normal 0 0 1
outer loop
vertex 227.00730143816915 -89.19999999999999 3.5
vertex 214.21459935421782 -89.17886380844355 3.5
vertex 213.99999999999997 -89.19999999999999 3.5
endloop
endfacet
facet normal 0 0 1
outer loop
vertex 99.78540064578227 -89.17886380844355 3.5
vertex 99.57904822439833 -89.11626748576238 3.5
vertex 87.99599353016733 -89.11626748576238 3.5
endloop
endfacet
facet normal 0 0 1
outer loop
vertex 99.78540064578227 -89.17886380844355 3.5
vertex 87.99599353016733 -89.11626748576238 3.5
vertex 87.99598421707984 -89.17886380844355 3.5
endloop
endfacet
facet normal 0 0 1
outer loop
vertex 156.7854006457822 -89.17886380844355 3.5
vertex 156.5790482243984 -89.11626748576238 3.5
vertex 100.42095177560168 -89.11626748576238 3.5
endloop
endfacet
facet normal 0 0 1
outer loop
vertex 156.7854006457822 -89.17886380844355 3.5
vertex 100.42095177560168 -89.11626748576238 3.5
vertex 100.21459935421775 -89.17886380844355 3.5
endloop
endfacet
facet normal 0 0 1
outer loop
vertex 213.78540064578226 -89.17886380844355 3.5
vertex 213.57904822439838 -89.11626748576238 3.5
vertex 157.4209517756017 -89.11626748576238 3.5
endloop
endfacet
facet normal 0 0 1
outer loop
vertex 213.78540064578226 -89.17886380844355 3.5
vertex 157.4209517756017 -89.11626748576238 3.5
vertex 157.21459935421782 -89.17886380844355 3.5
endloop
endfacet
facet normal 0 0 1
outer loop
vertex 226.99929507645518 -89.17886380844355 3.5
vertex 226.97558367130392 -89.11626748576238 3.5
vertex 214.4209517756017 -89.11626748576238 3.5
endloop
endfacet
facet normal 0 0 1
outer loop
vertex 226.99929507645518 -89.17886380844355 3.5
vertex 214.4209517756017 -89.11626748576238 3.5
vertex 214.21459935421782 -89.17886380844355 3.5
endloop
endfacet
facet normal 0 0 1
outer loop
vertex 99.57904822439833 -89.11626748576238 3.5
vertex 99.38887274367846 -89.01461657353282 3.5
vertex 87.99600865380077 -89.01461657353282 3.5
endloop
endfacet
facet normal 0 0 1
outer loop
vertex 99.57904822439833 -89.11626748576238 3.5
vertex 87.99600865380077 -89.01461657353282 3.5
vertex 87.99599353016733 -89.11626748576238 3.5
endloop
endfacet
facet normal 0 0 1
outer loop
vertex 156.5790482243984 -89.11626748576238 3.5
vertex 156.38887274367846 -89.01461657353282 3.5
vertex 100.61112725632151 -89.01461657353282 3.5
endloop
endfacet
facet normal 0 0 1
outer loop
vertex 156.5790482243984 -89.11626748576238 3.5
vertex 100.61112725632151 -89.01461657353282 3.5
vertex 100.42095177560168 -89.11626748576238 3.5
endloop
endfacet
facet normal 0 0 1
outer loop
vertex 213.57904822439838 -89.11626748576238 3.5
vertex 213.38887274367858 -89.01461657353282 3.5
vertex 157.61112725632154 -89.01461657353282 3.5
endloop
endfacet
facet normal 0 0 1
outer loop
vertex 213.57904822439838 -89.11626748576238 3.5
vertex 157.61112725632154 -89.01461657353282 3.5
vertex 157.4209517756017 -89.11626748576238 3.5
endloop
endfacet
facet normal 0 0 1
outer loop
vertex 226.97558367130392 -89.11626748576238 3.5
vertex 226.93707843871783 -89.01461657353282 3.5
vertex 214.6111272563215 -89.01461657353282 3.5
endloop
endfacet
facet normal 0 0 1
outer loop
vertex 226.97558367130392 -89.11626748576238 3.5
vertex 214.6111272563215 -89.01461657353282 3.5
vertex 214.4209517756017 -89.11626748576238 3.5
endloop
endfacet
facet normal 0 0 1
outer loop
vertex 99.38887274367846 -89.01461657353282 3.5
vertex 99.22218254069483 -88.87781745930522 3.5
vertex 87.99602900678742 -88.87781745930522 3.5
endloop
endfacet
facet normal 0 0 1
outer loop
vertex 99.38887274367846 -89.01461657353282 3.5
vertex 87.99602900678742 -88.87781745930522 3.5
vertex 87.99600865380077 -89.01461657353282 3.5
endloop
endfacet
facet normal 0 0 1
outer loop
vertex 156.38887274367846 -89.01461657353282 3.5
vertex 156.22218254069486 -88.87781745930522 3.5
vertex 100.77781745930514 -88.87781745930522 3.5
endloop
endfacet
facet normal 0 0 1
outer loop
vertex 156.38887274367846 -89.01461657353282 3.5
vertex 100.77781745930514 -88.87781745930522 3.5
vertex 100.61112725632151 -89.01461657353282 3.5
endloop
endfacet
facet normal 0 0 1
outer loop
vertex 213.38887274367858 -89.01461657353282 3.5
vertex 213.22218254069475 -88.87781745930522 3.5
vertex 157.77781745930514 -88.87781745930522 3.5
endloop
endfacet
facet normal 0 0 1
outer loop
vertex 213.38887274367858 -89.01461657353282 3.5
vertex 157.77781745930514 -88.87781745930522 3.5
vertex 157.61112725632154 -89.01461657353282 3.5
endloop
endfacet
facet normal 0 0 1
outer loop
vertex 226.93707843871783 -89.01461657353282 3.5
vertex 226.8852591131912 -88.87781745930522 3.5
vertex 214.7778174593051 -88.87781745930522 3.5
endloop
endfacet
facet normal 0 0 1
outer loop
vertex 226.93707843871783 -89.01461657353282 3.5
vertex 214.7778174593051 -88.87781745930522 3.5
vertex 214.6111272563215 -89.01461657353282 3.5
endloop
endfacet
facet normal 0 0 1
outer loop
vertex 99.22218254069483 -88.87781745930522 3.5
vertex 99.08538342646719 -88.71112725632153 3.5
vertex 87.99605380697342 -88.71112725632153 3.5
endloop
endfacet
facet normal 0 0 1
outer loop
vertex 99.22218254069483 -88.87781745930522 3.5
vertex 87.99605380697342 -88.71112725632153 3.5
vertex 87.99602900678742 -88.87781745930522 3.5
endloop
endfacet
facet normal 0 0 1
outer loop
vertex 156.22218254069486 -88.87781745930522 3.5
vertex 156.0853834264672 -88.71112725632153 3.5
vertex 100.91461657353284 -88.71112725632153 3.5
endloop
endfacet
facet normal 0 0 1
outer loop
vertex 156.22218254069486 -88.87781745930522 3.5
vertex 100.91461657353284 -88.71112725632153 3.5
vertex 100.77781745930514 -88.87781745930522 3.5
endloop
endfacet
facet normal 0 0 1
outer loop
vertex 213.22218254069475 -88.87781745930522 3.5
vertex 213.08538342646713 -88.71112725632153 3.5
vertex 157.91461657353278 -88.71112725632153 3.5
endloop
endfacet
facet normal 0 0 1
outer loop
vertex 213.22218254069475 -88.87781745930522 3.5
vertex 157.91461657353278 -88.71112725632153 3.5
vertex 157.77781745930514 -88.87781745930522 3.5
endloop
endfacet
facet normal 0 0 1
outer loop
vertex 226.8852591131912 -88.87781745930522 3.5
vertex 226.8221170823434 -88.71112725632153 3.5
vertex 214.91461657353284 -88.71112725632153 3.5
endloop
endfacet
facet normal 0 0 1
outer loop
vertex 226.8852591131912 -88.87781745930522 3.5
vertex 214.91461657353284 -88.71112725632153 3.5
vertex 214.7778174593051 -88.87781745930522 3.5
endloop
endfacet
facet normal 0 0 1
outer loop
vertex 99.08538342646719 -88.71112725632153 3.5
vertex 98.98373251423757 -88.52095177560157 3.5
vertex 87.9960821013015 -88.52095177560157 3.5
endloop
endfacet
facet normal 0 0 1
outer loop
vertex 99.08538342646719 -88.71112725632153 3.5
vertex 87.9960821013015 -88.52095177560157 3.5
vertex 87.99605380697342 -88.71112725632153 3.5
endloop
endfacet
facet normal 0 0 1
outer loop
vertex 156.0853834264672 -88.71112725632153 3.5
vertex 155.98373251423754 -88.52095177560157 3.5
vertex 101.01626748576244 -88.52095177560157 3.5
endloop
endfacet
facet normal 0 0 1
outer loop
vertex 156.0853834264672 -88.71112725632153 3.5
vertex 101.01626748576244 -88.52095177560157 3.5
vertex 100.91461657353284 -88.71112725632153 3.5
endloop
endfacet
facet normal 0 0 1
outer loop
vertex 213.08538342646713 -88.71112725632153 3.5
vertex 212.98373251423754 -88.52095177560157 3.5
vertex 158.01626748576243 -88.52095177560157 3.5
endloop
endfacet
facet normal 0 0 1
outer loop
vertex 213.08538342646713 -88.71112725632153 3.5
vertex 158.01626748576243 -88.52095177560157 3.5
vertex 157.91461657353278 -88.71112725632153 3.5
endloop
endfacet
facet normal 0 0 1
outer loop
vertex 226.8221170823434 -88.71112725632153 3.5
vertex 226.75007885900945 -88.52095177560157 3.5
vertex 215.01626748576243 -88.52095177560157 3.5
endloop
endfacet
facet normal 0 0 1
outer loop
vertex 226.8221170823434 -88.71112725632153 3.5
vertex 215.01626748576243 -88.52095177560157 3.5
vertex 214.91461657353284 -88.71112725632153 3.5
endloop
endfacet
facet normal 0 0 1
outer loop
vertex 98.98373251423757 -88.52095177560157 3.5
vertex 98.92113619155641 -88.31459935421765 3.5
vertex 87.99611280243653 -88.31459935421765 3.5
endloop
endfacet
facet normal 0 0 1
outer loop
vertex 98.98373251423757 -88.52095177560157 3.5
vertex 87.99611280243653 -88.31459935421765 3.5
vertex 87.9960821013015 -88.52095177560157 3.5
endloop
endfacet
facet normal 0 0 1
outer loop
vertex 155.98373251423754 -88.52095177560157 3.5
vertex 155.92113619155643 -88.31459935421765 3.5
vertex 101.07886380844356 -88.31459935421765 3.5
endloop
endfacet
facet normal 0 0 1
outer loop
vertex 155.98373251423754 -88.52095177560157 3.5
vertex 101.07886380844356 -88.31459935421765 3.5
vertex 101.01626748576244 -88.52095177560157 3.5
endloop
endfacet
facet normal 0 0 1
outer loop
vertex 212.98373251423754 -88.52095177560157 3.5
vertex 212.92113619155643 -88.31459935421765 3.5
vertex 158.07886380844357 -88.31459935421765 3.5
endloop
endfacet
facet normal 0 0 1
outer loop
vertex 212.98373251423754 -88.52095177560157 3.5
vertex 158.07886380844357 -88.31459935421765 3.5
vertex 158.01626748576243 -88.52095177560157 3.5
endloop
endfacet
facet normal 0 0 1
outer loop
vertex 226.75007885900945 -88.52095177560157 3.5
vertex 226.67191283171258 -88.31459935421765 3.5
vertex 215.07886380844357 -88.31459935421765 3.5
endloop
endfacet
facet normal 0 0 1
outer loop
vertex 226.75007885900945 -88.52095177560157 3.5
vertex 215.07886380844357 -88.31459935421765 3.5
vertex 215.01626748576243 -88.52095177560157 3.5
endloop
endfacet
facet normal 0 0 1
outer loop
vertex 98.92113619155641 -88.31459935421765 3.5
vertex 98.89999999999999 -88.10000000000004 3.5
vertex 87.9961447305511 -88.10000000000004 3.5
endloop
endfacet
facet normal 0 0 1
outer loop
vertex 98.92113619155641 -88.31459935421765 3.5
vertex 87.9961447305511 -88.10000000000004 3.5
vertex 87.99611280243653 -88.31459935421765 3.5
endloop
endfacet
facet normal 0 0 1
outer loop
vertex 155.92113619155643 -88.31459935421765 3.5
vertex 155.9 -88.10000000000004 3.5
vertex 101.1 -88.10000000000004 3.5
endloop
endfacet
facet normal 0 0 1
outer loop
vertex 155.92113619155643 -88.31459935421765 3.5
vertex 101.1 -88.10000000000004 3.5
vertex 101.07886380844356 -88.31459935421765 3.5
endloop
endfacet
facet normal 0 0 1
outer loop
vertex 212.92113619155643 -88.31459935421765 3.5
vertex 212.9 -88.10000000000004 3.5
vertex 158.1 -88.10000000000004 3.5
endloop
endfacet
facet normal 0 0 1
outer loop
vertex 212.92113619155643 -88.31459935421765 3.5
vertex 158.1 -88.10000000000004 3.5
vertex 158.07886380844357 -88.31459935421765 3.5
endloop
endfacet
facet normal 0 0 1
outer loop
vertex 226.67191283171258 -88.31459935421765 3.5
vertex 226.59062287704586 -88.10000000000004 3.5
vertex 215.10000000000002 -88.10000000000004 3.5
endloop
endfacet
facet normal 0 0 1
outer loop
vertex 226.67191283171258 -88.31459935421765 3.5
vertex 215.10000000000002 -88.10000000000004 3.5
vertex 215.07886380844357 -88.31459935421765 3.5
endloop
endfacet
facet normal 0 0 1
outer loop
vertex 98.89999999999999 -88.10000000000004 3.5
vertex 98.92113619155643 -87.88540064578227 3.5
vertex 87.99617665866566 -87.88540064578227 3.5
endloop
endfacet
facet normal 0 0 1
outer loop
vertex 98.89999999999999 -88.10000000000004 3.5
vertex 87.99617665866566 -87.88540064578227 3.5
vertex 87.9961447305511 -88.10000000000004 3.5
endloop
endfacet
facet normal 0 0 1
outer loop
vertex 155.9 -88.10000000000004 3.5
vertex 155.92113619155646 -87.88540064578227 3.5
vertex 101.07886380844356 -87.88540064578227 3.5
endloop
endfacet
facet normal 0 0 1
outer loop
vertex 155.9 -88.10000000000004 3.5
vertex 101.07886380844356 -87.88540064578227 3.5
vertex 101.1 -88.10000000000004 3.5
endloop
endfacet
facet normal 0 0 1
outer loop
vertex 212.9 -88.10000000000004 3.5
vertex 212.92113619155646 -87.88540064578227 3.5
vertex 158.07886380844357 -87.88540064578227 3.5
endloop
endfacet
facet normal 0 0 1
outer loop
vertex 212.9 -88.10000000000004 3.5
vertex 158.07886380844357 -87.88540064578227 3.5
vertex 158.1 -88.10000000000004 3.5
endloop
endfacet
facet normal 0 0 1
outer loop
vertex 226.59062287704586 -88.10000000000004 3.5
vertex 226.5093329223791 -87.88540064578227 3.5
vertex 215.07886380844357 -87.88540064578227 3.5
endloop
endfacet
facet normal 0 0 1
outer loop
vertex 226.59062287704586 -88.10000000000004 3.5
vertex 215.07886380844357 -87.88540064578227 3.5
vertex 215.10000000000002 -88.10000000000004 3.5
endloop
endfacet
facet normal 0 0 1
outer loop
vertex 98.92113619155643 -87.88540064578227 3.5
vertex 98.9837325142376 -87.67904822439841 3.5
vertex 87.99620735980069 -87.67904822439841 3.5
endloop
endfacet
facet normal 0 0 1
outer loop
vertex 98.92113619155643 -87.88540064578227 3.5
vertex 87.99620735980069 -87.67904822439841 3.5
vertex 87.99617665866566 -87.88540064578227 3.5
endloop
endfacet
facet normal 0 0 1
outer loop
vertex 155.92113619155646 -87.88540064578227 3.5
vertex 155.9837325142376 -87.67904822439841 3.5
vertex 101.01626748576241 -87.67904822439841 3.5
endloop
endfacet
facet normal 0 0 1
outer loop
vertex 155.92113619155646 -87.88540064578227 3.5
vertex 101.01626748576241 -87.67904822439841 3.5
vertex 101.07886380844356 -87.88540064578227 3.5
endloop
endfacet
facet normal 0 0 1
outer loop
vertex 212.92113619155646 -87.88540064578227 3.5
vertex 212.9837325142376 -87.67904822439841 3.5
vertex 158.01626748576248 -87.67904822439841 3.5
endloop
endfacet
facet normal 0 0 1
outer loop
vertex 212.92113619155646 -87.88540064578227 3.5
vertex 158.01626748576248 -87.67904822439841 3.5
vertex 158.07886380844357 -87.88540064578227 3.5
endloop
endfacet
facet normal 0 0 1
outer loop
vertex 226.5093329223791 -87.88540064578227 3.5
vertex 226.43116689508224 -87.67904822439841 3.5
vertex 215.01626748576246 -87.67904822439841 3.5
endloop
endfacet
facet normal 0 0 1
outer loop
vertex 226.5093329223791 -87.88540064578227 3.5
vertex 215.01626748576246 -87.67904822439841 3.5
vertex 215.07886380844357 -87.88540064578227 3.5
endloop
endfacet
facet normal 0 0 1
outer loop
vertex 98.9837325142376 -87.67904822439841 3.5
vertex 99.08538342646719 -87.48887274367839 3.5
vertex 87.99623565412878 -87.48887274367839 3.5
endloop
endfacet
facet normal 0 0 1
outer loop
vertex 98.9837325142376 -87.67904822439841 3.5
vertex 87.99623565412878 -87.48887274367839 3.5
vertex 87.99620735980069 -87.67904822439841 3.5
endloop
endfacet
facet normal 0 0 1
outer loop
vertex 155.9837325142376 -87.67904822439841 3.5
vertex 156.08538342646727 -87.48887274367839 3.5
vertex 100.91461657353277 -87.48887274367839 3.5
endloop
endfacet
facet normal 0 0 1
outer loop
vertex 155.9837325142376 -87.67904822439841 3.5
vertex 100.91461657353277 -87.48887274367839 3.5
vertex 101.01626748576241 -87.67904822439841 3.5
endloop
endfacet
facet normal 0 0 1
outer loop
vertex 212.9837325142376 -87.67904822439841 3.5
vertex 213.08538342646722 -87.48887274367839 3.5
vertex 157.9146165735328 -87.48887274367839 3.5
endloop
endfacet
facet normal 0 0 1
outer loop
vertex 212.9837325142376 -87.67904822439841 3.5
vertex 157.9146165735328 -87.48887274367839 3.5
vertex 158.01626748576248 -87.67904822439841 3.5
endloop
endfacet
facet normal 0 0 1
outer loop
vertex 226.43116689508224 -87.67904822439841 3.5
vertex 226.35912867174827 -87.48887274367839 3.5
vertex 214.91461657353278 -87.48887274367839 3.5
endloop
endfacet
facet normal 0 0 1
outer loop
vertex 226.43116689508224 -87.67904822439841 3.5
vertex 214.91461657353278 -87.48887274367839 3.5
vertex 215.01626748576246 -87.67904822439841 3.5
endloop
endfacet
facet normal 0 0 1
outer loop
vertex 99.08538342646719 -87.48887274367839 3.5
vertex 99.22218254069475 -87.32218254069483 3.5
vertex 87.99626045431476 -87.32218254069483 3.5
endloop
endfacet
facet normal 0 0 1
outer loop
vertex 99.08538342646719 -87.48887274367839 3.5
vertex 87.99626045431476 -87.32218254069483 3.5
vertex 87.99623565412878 -87.48887274367839 3.5
endloop
endfacet
facet normal 0 0 1
outer loop
vertex 156.08538342646727 -87.48887274367839 3.5
vertex 156.22218254069472 -87.32218254069483 3.5
vertex 100.77781745930523 -87.32218254069483 3.5
endloop
endfacet
facet normal 0 0 1
outer loop
vertex 156.08538342646727 -87.48887274367839 3.5
vertex 100.77781745930523 -87.32218254069483 3.5
vertex 100.91461657353277 -87.48887274367839 3.5
endloop
endfacet
facet normal 0 0 1
outer loop
vertex 213.08538342646722 -87.48887274367839 3.5
vertex 213.2221825406948 -87.32218254069483 3.5
vertex 157.77781745930525 -87.32218254069483 3.5
endloop
endfacet
facet normal 0 0 1
outer loop
vertex 213.08538342646722 -87.48887274367839 3.5
vertex 157.77781745930525 -87.32218254069483 3.5
vertex 157.9146165735328 -87.48887274367839 3.5
endloop
endfacet
facet normal 0 0 1
outer loop
vertex 226.35912867174827 -87.48887274367839 3.5
vertex 226.2959866409005 -87.32218254069483 3.5
vertex 214.77781745930528 -87.32218254069483 3.5
endloop
endfacet
facet normal 0 0 1
outer loop
vertex 226.35912867174827 -87.48887274367839 3.5
vertex 214.77781745930528 -87.32218254069483 3.5
vertex 214.91461657353278 -87.48887274367839 3.5
endloop
endfacet
facet normal 0 0 1
outer loop
vertex 99.22218254069475 -87.32218254069483 3.5
vertex 99.38887274367853 -87.18538342646718 3.5
vertex 87.99628080730142 -87.18538342646718 3.5
endloop
endfacet
facet normal 0 0 1
outer loop
vertex 99.22218254069475 -87.32218254069483 3.5
vertex 87.99628080730142 -87.18538342646718 3.5
vertex 87.99626045431476 -87.32218254069483 3.5
endloop
endfacet
facet normal 0 0 1
outer loop
vertex 156.22218254069472 -87.32218254069483 3.5
vertex 156.38887274367835 -87.18538342646718 3.5
vertex 100.61112725632154 -87.18538342646718 3.5
endloop
endfacet
facet normal 0 0 1
outer loop
vertex 156.22218254069472 -87.32218254069483 3.5
vertex 100.61112725632154 -87.18538342646718 3.5
vertex 100.77781745930523 -87.32218254069483 3.5
endloop
endfacet
facet normal 0 0 1
outer loop
vertex 213.2221825406948 -87.32218254069483 3.5
vertex 213.3888727436784 -87.18538342646718 3.5
vertex 157.61112725632148 -87.18538342646718 3.5
endloop
endfacet
facet normal 0 0 1
outer loop
vertex 213.2221825406948 -87.32218254069483 3.5
vertex 157.61112725632148 -87.18538342646718 3.5
vertex 157.77781745930525 -87.32218254069483 3.5
endloop
endfacet
facet normal 0 0 1
outer loop
vertex 226.2959866409005 -87.32218254069483 3.5
vertex 226.24416731537386 -87.18538342646718 3.5
vertex 214.61112725632157 -87.18538342646718 3.5
endloop
endfacet
facet normal 0 0 1
outer loop
vertex 226.2959866409005 -87.32218254069483 3.5
vertex 214.61112725632157 -87.18538342646718 3.5
vertex 214.77781745930528 -87.32218254069483 3.5
endloop
endfacet
facet normal 0 0 1
outer loop
vertex 99.38887274367853 -87.18538342646718 3.5
vertex 99.57904822439839 -87.08373251423758 3.5
vertex 87.99629593093486 -87.08373251423758 3.5
endloop
endfacet
facet normal 0 0 1
outer loop
vertex 99.38887274367853 -87.18538342646718 3.5
vertex 87.99629593093486 -87.08373251423758 3.5
vertex 87.99628080730142 -87.18538342646718 3.5
endloop
endfacet
facet normal 0 0 1
outer loop
vertex 156.38887274367835 -87.18538342646718 3.5
vertex 156.57904822439852 -87.08373251423758 3.5
vertex 100.42095177560161 -87.08373251423758 3.5
endloop
endfacet
facet normal 0 0 1
outer loop
vertex 156.38887274367835 -87.18538342646718 3.5
vertex 100.42095177560161 -87.08373251423758 3.5
vertex 100.61112725632154 -87.18538342646718 3.5
endloop
endfacet
facet normal 0 0 1
outer loop
vertex 213.3888727436784 -87.18538342646718 3.5
vertex 213.57904822439852 -87.08373251423758 3.5
vertex 157.4209517756016 -87.08373251423758 3.5
endloop
endfacet
facet normal 0 0 1
outer loop
vertex 213.3888727436784 -87.18538342646718 3.5
vertex 157.4209517756016 -87.08373251423758 3.5
vertex 157.61112725632148 -87.18538342646718 3.5
endloop
endfacet
facet normal 0 0 1
outer loop
vertex 226.24416731537386 -87.18538342646718 3.5
vertex 226.20566208278774 -87.08373251423758 3.5
vertex 214.42095177560154 -87.08373251423758 3.5
endloop
endfacet
facet normal 0 0 1
outer loop
vertex 226.24416731537386 -87.18538342646718 3.5
vertex 214.42095177560154 -87.08373251423758 3.5
vertex 214.61112725632157 -87.18538342646718 3.5
endloop
endfacet
facet normal 0 0 1
outer loop
vertex 99.57904822439839 -87.08373251423758 3.5
vertex 99.78540064578226 -87.02113619155644 3.5
vertex 87.99630524402237 -87.02113619155644 3.5
endloop
endfacet
facet normal 0 0 1
outer loop
vertex 99.57904822439839 -87.08373251423758 3.5
vertex 87.99630524402237 -87.02113619155644 3.5
vertex 87.99629593093486 -87.08373251423758 3.5
endloop
endfacet
facet normal 0 0 1
outer loop
vertex 156.57904822439852 -87.08373251423758 3.5
vertex 156.7854006457822 -87.02113619155644 3.5
vertex 100.21459935421775 -87.02113619155644 3.5
endloop
endfacet
facet normal 0 0 1
outer loop
vertex 156.57904822439852 -87.08373251423758 3.5
vertex 100.21459935421775 -87.02113619155644 3.5
vertex 100.42095177560161 -87.08373251423758 3.5
endloop
endfacet
facet normal 0 0 1
outer loop
vertex 213.57904822439852 -87.08373251423758 3.5
vertex 213.7854006457822 -87.02113619155644 3.5
vertex 157.21459935421782 -87.02113619155644 3.5
endloop
endfacet
facet normal 0 0 1
outer loop
vertex 213.57904822439852 -87.08373251423758 3.5
vertex 157.21459935421782 -87.02113619155644 3.5
vertex 157.4209517756016 -87.08373251423758 3.5
endloop
endfacet
facet normal 0 0 1
outer loop
vertex 226.20566208278774 -87.08373251423758 3.5
vertex 226.18195067763648 -87.02113619155644 3.5
vertex 214.21459935421777 -87.02113619155644 3.5
endloop
endfacet
facet normal 0 0 1
outer loop
vertex 226.20566208278774 -87.08373251423758 3.5
vertex 214.21459935421777 -87.02113619155644 3.5
vertex 214.42095177560154 -87.08373251423758 3.5
endloop
endfacet
facet normal 0 0 1
outer loop
vertex 99.78540064578226 -87.02113619155644 3.5
vertex 99.99999999999999 -87 3.5
vertex 87.99630838866717 -87 3.5
endloop
endfacet
facet normal 0 0 1
outer loop
vertex 99.78540064578226 -87.02113619155644 3.5
vertex 87.99630838866717 -87 3.5
vertex 87.99630524402237 -87.02113619155644 3.5
endloop
endfacet
facet normal 0 0 1
outer loop
vertex 156.7854006457822 -87.02113619155644 3.5
vertex 157.0000000000001 -87 3.5
vertex 99.99999999999999 -87 3.5
endloop
endfacet
facet normal 0 0 1
outer loop
vertex 156.7854006457822 -87.02113619155644 3.5
vertex 99.99999999999999 -87 3.5
vertex 100.21459935421775 -87.02113619155644 3.5
endloop
endfacet
facet normal 0 0 1
outer loop
vertex 213.7854006457822 -87.02113619155644 3.5
vertex 214.00000000000006 -87 3.5
vertex 157.0000000000001 -87 3.5
endloop
endfacet
facet normal 0 0 1
outer loop
vertex 213.7854006457822 -87.02113619155644 3.5
vertex 157.0000000000001 -87 3.5
vertex 157.21459935421782 -87.02113619155644 3.5
endloop
endfacet
facet normal 0 0 1
outer loop
vertex 226.18195067763648 -87.02113619155644 3.5
vertex 226.1739443159225 -87 3.5
vertex 214.00000000000006 -87 3.5
endloop
endfacet
facet normal 0 0 1
outer loop
vertex 226.18195067763648 -87.02113619155644 3.5
vertex 214.00000000000006 -87 3.5
vertex 214.21459935421777 -87.02113619155644 3.5
endloop
endfacet
facet normal 0 0 1
outer loop
vertex 99.99999999999999 -87 3.5
vertex 157.0000000000001 -87 3.5
vertex 214.00000000000006 -87 3.5
endloop
endfacet
facet normal 0 0 1
outer loop
vertex 99.99999999999999 -87 3.5
vertex 214.00000000000006 -87 3.5
vertex 226.1739443159225 -87 3.5
endloop
endfacet
facet normal 0 0 1
outer loop
vertex 99.99999999999999 -87 3.5
vertex 226.1739443159225 -87 3.5
vertex 224.72977430293827 -83.1875 3.5
endloop
endfacet
facet normal 0 0 1
outer loop
vertex 99.99999999999999 -87 3.5
vertex 224.72977430293827 -83.1875 3.5
vertex 211.775 -83.1875 3.5
endloop
endfacet
facet normal 0 0 1
outer loop
vertex 99.99999999999999 -87 3.5
vertex 211.775 -83.1875 3.5
vertex 206.775 -83.1875 3.5
endloop
endfacet
facet normal 0 0 1
outer loop
vertex 99.99999999999999 -87 3.5
vertex 206.775 -83.1875 3.5
vertex 202.775 -83.1875 3.5
endloop
endfacet
facet normal 0 0 1
outer loop
vertex 99.99999999999999 -87 3.5
vertex 202.775 -83.1875 3.5
vertex 197.775 -83.1875 3.5
endloop
endfacet
facet normal 0 0 1
outer loop
vertex 99.99999999999999 -87 3.5
vertex 197.775 -83.1875 3.5
vertex 187.9625 -83.1875 3.5
endloop
endfacet
facet normal 0 0 1
outer loop
vertex 99.99999999999999 -87 3.5
vertex 187.9625 -83.1875 3.5
vertex 182.9625 -83.1875 3.5
endloop
endfacet
facet normal 0 0 1
outer loop
vertex 99.99999999999999 -87 3.5
vertex 182.9625 -83.1875 3.5
vertex 178.9625 -83.1875 3.5
endloop
endfacet
facet normal 0 0 1
outer loop
vertex 99.99999999999999 -87 3.5
vertex 178.9625 -83.1875 3.5
vertex 173.9625 -83.1875 3.5
endloop
endfacet
facet normal 0 0 1
outer loop
vertex 99.99999999999999 -87 3.5
vertex 173.9625 -83.1875 3.5
vertex 168.9125 -83.1875 3.5
endloop
endfacet
facet normal 0 0 1
outer loop
vertex 99.99999999999999 -87 3.5
vertex 168.9125 -83.1875 3.5
vertex 163.9125 -83.1875 3.5
endloop
endfacet
facet normal 0 0 1
outer loop
vertex 99.99999999999999 -87 3.5
vertex 163.9125 -83.1875 3.5
vertex 159.9125 -83.1875 3.5
endloop
endfacet
facet normal 0 0 1
outer loop
vertex 99.99999999999999 -87 3.5
vertex 159.9125 -83.1875 3.5
vertex 154.9125 -83.1875 3.5
endloop
endfacet
facet normal 0 0 1
outer loop
vertex 99.99999999999999 -87 3.5
vertex 154.9125 -83.1875 3.5
vertex 149.8625 -83.1875 3.5
endloop
endfacet
facet normal 0 0 1
outer loop
vertex 99.99999999999999 -87 3.5
vertex 149.8625 -83.1875 3.5
vertex 144.8625 -83.1875 3.5
endloop
endfacet
facet normal 0 0 1
outer loop
vertex 99.99999999999999 -87 3.5
vertex 144.8625 -83.1875 3.5
vertex 140.8625 -83.1875 3.5
endloop
endfacet
facet normal 0 0 1
outer loop
vertex 99.99999999999999 -87 3.5
vertex 140.8625 -83.1875 3.5
vertex 135.8625 -83.1875 3.5
endloop
endfacet
facet normal 0 0 1
outer loop
vertex 99.99999999999999 -87 3.5
vertex 135.8625 -83.1875 3.5
vertex 130.8125 -83.1875 3.5
endloop
endfacet
facet normal 0 0 1
outer loop
vertex 99.99999999999999 -87 3.5
vertex 130.8125 -83.1875 3.5
vertex 125.8125 -83.1875 3.5
endloop
endfacet
facet normal 0 0 1
outer loop
vertex 99.99999999999999 -87 3.5
vertex 125.8125 -83.1875 3.5
vertex 121.8125 -83.1875 3.5
endloop
endfacet
facet normal 0 0 1
outer loop
vertex 99.99999999999999 -87 3.5
vertex 121.8125 -83.1875 3.5
vertex 116.8125 -83.1875 3.5
endloop
endfacet
facet normal 0 0 1
outer loop
vertex 99.99999999999999 -87 3.5
vertex 116.8125 -83.1875 3.5
vertex 107 -83.1875 3.5
endloop
endfacet
facet normal 0 0 1
outer loop
vertex 99.99999999999999 -87 3.5
vertex 107 -83.1875 3.5
vertex 102 -83.1875 3.5
endloop
endfacet
facet normal 0 0 1
outer loop
vertex 99.99999999999999 -87 3.5
vertex 102 -83.1875 3.5
vertex 98 -83.1875 3.5
endloop
endfacet
facet normal 0 0 1
outer loop
vertex 99.99999999999999 -87 3.5
vertex 98 -83.1875 3.5
vertex 93 -83.1875 3.5
endloop
endfacet
facet normal 0 0 1
outer loop
vertex 99.99999999999999 -87 3.5
vertex 93 -83.1875 3.5
vertex 87.99687561281947 -83.1875 3.5
endloop
endfacet
facet normal 0 0 1
outer loop
vertex 99.99999999999999 -87 3.5
vertex 87.99687561281947 -83.1875 3.5
vertex 87.99630838866717 -87 3.5
endloop
endfacet
facet normal 0 0 1
outer loop
vertex 102 -83.1875 3.5
vertex 102 -82.9375 3.5
vertex 98 -82.9375 3.5
endloop
endfacet
facet normal 0 0 1
outer loop
vertex 102 -83.1875 3.5
vertex 98 -82.9375 3.5
vertex 98 -83.1875 3.5
endloop
endfacet
facet normal 0 0 1
outer loop
vertex 125.8125 -83.1875 3.5
vertex 125.8125 -82.9375 3.5
vertex 121.8125 -82.9375 3.5
endloop
endfacet
facet normal 0 0 1
outer loop
vertex 125.8125 -83.1875 3.5
vertex 121.8125 -82.9375 3.5
vertex 121.8125 -83.1875 3.5
endloop
endfacet
facet normal 0 0 1
outer loop
vertex 144.8625 -83.1875 3.5
vertex 144.8625 -82.9375 3.5
vertex 140.8625 -82.9375 3.5
endloop
endfacet
facet normal 0 0 1
outer loop
vertex 144.8625 -83.1875 3.5
vertex 140.8625 -82.9375 3.5
vertex 140.8625 -83.1875 3.5
endloop
endfacet
facet normal 0 0 1
outer loop
vertex 163.9125 -83.1875 3.5
vertex 163.9125 -82.9375 3.5
vertex 159.9125 -82.9375 3.5
endloop
endfacet
facet normal 0 0 1
outer loop
vertex 163.9125 -83.1875 3.5
vertex 159.9125 -82.9375 3.5
vertex 159.9125 -83.1875 3.5
endloop
endfacet
facet normal 0 0 1
outer loop
vertex 182.9625 -83.1875 3.5
vertex 182.9625 -82.9375 3.5
vertex 178.9625 -82.9375 3.5
endloop
endfacet
facet normal 0 0 1
outer loop
vertex 182.9625 -83.1875 3.5
vertex 178.9625 -82.9375 3.5
vertex 178.9625 -83.1875 3.5
endloop
endfacet
facet normal 0 0 1
outer loop
vertex 206.775 -83.1875 3.5
vertex 206.775 -82.9375 3.5
vertex 202.775 -82.9375 3.5
endloop
endfacet
facet normal 0 0 1
outer loop
vertex 206.775 -83.1875 3.5
vertex 202.775 -82.9375 3.5
vertex 202.775 -83.1875 3.5
endloop
endfacet
facet normal 0 0 1
outer loop
vertex 93 -83.1875 3.5
vertex 93 -69.1875 3.5
vertex 87.99895853429676 -69.1875 3.5
endloop
endfacet
facet normal 0 0 1
outer loop
vertex 93 -83.1875 3.5
vertex 87.99895853429676 -69.1875 3.5
vertex 87.99687561281947 -83.1875 3.5
endloop
endfacet
facet normal 0 0 1
outer loop
vertex 102 -69.4375 3.5
vertex 102 -69.1875 3.5
vertex 98 -69.1875 3.5
endloop
endfacet
facet normal 0 0 1
outer loop
vertex 102 -69.4375 3.5
vertex 98 -69.1875 3.5
vertex 98 -69.4375 3.5
endloop
endfacet
facet normal 0 0 1
outer loop
vertex 116.8125 -83.1875 3.5
vertex 116.8125 -69.1875 3.5
vertex 107 -69.1875 3.5
endloop
endfacet
facet normal 0 0 1
outer loop
vertex 116.8125 -83.1875 3.5
vertex 107 -69.1875 3.5
vertex 107 -83.1875 3.5
endloop
endfacet
facet normal 0 0 1
outer loop
vertex 125.8125 -69.4375 3.5
vertex 125.8125 -69.1875 3.5
vertex 121.8125 -69.1875 3.5
endloop
endfacet
facet normal 0 0 1
outer loop
vertex 125.8125 -69.4375 3.5
vertex 121.8125 -69.1875 3.5
vertex 121.8125 -69.4375 3.5
endloop
endfacet
facet normal 0 0 1
outer loop
vertex 135.8625 -83.1875 3.5
vertex 135.8625 -69.1875 3.5
vertex 130.8125 -69.1875 3.5
endloop
endfacet
facet normal 0 0 1
outer loop
vertex 135.8625 -83.1875 3.5
vertex 130.8125 -69.1875 3.5
vertex 130.8125 -83.1875 3.5
endloop
endfacet
facet normal 0 0 1
outer loop
vertex 144.8625 -69.4375 3.5
vertex 144.8625 -69.1875 3.5
vertex 140.8625 -69.1875 3.5
endloop
endfacet
facet normal 0 0 1
outer loop
vertex 144.8625 -69.4375 3.5
vertex 140.8625 -69.1875 3.5
vertex 140.8625 -69.4375 3.5
endloop
endfacet
facet normal 0 0 1
outer loop
vertex 154.9125 -83.1875 3.5
vertex 154.9125 -69.1875 3.5
vertex 149.8625 -69.1875 3.5
endloop
endfacet
facet normal 0 0 1
outer loop
vertex 154.9125 -83.1875 3.5
vertex 149.8625 -69.1875 3.5
vertex 149.8625 -83.1875 3.5
endloop
endfacet
facet normal 0 0 1
outer loop
vertex 163.9125 -69.4375 3.5
vertex 163.9125 -69.1875 3.5
vertex 159.9125 -69.1875 3.5
endloop
endfacet
facet normal 0 0 1
outer loop
vertex 163.9125 -69.4375 3.5
vertex 159.9125 -69.1875 3.5
vertex 159.9125 -69.4375 3.5
endloop
endfacet
facet normal 0 0 1
outer loop
vertex 173.9625 -83.1875 3.5
vertex 173.9625 -69.1875 3.5
vertex 168.9125 -69.1875 3.5
endloop
endfacet
facet normal 0 0 1
outer loop
vertex 173.9625 -83.1875 3.5
vertex 168.9125 -69.1875 3.5
vertex 168.9125 -83.1875 3.5
endloop
endfacet
facet normal 0 0 1
outer loop
vertex 182.9625 -69.4375 3.5
vertex 182.9625 -69.1875 3.5
vertex 178.9625 -69.1875 3.5
endloop
endfacet
facet normal 0 0 1
outer loop
vertex 182.9625 -69.4375 3.5
vertex 178.9625 -69.1875 3.5
vertex 178.9625 -69.4375 3.5
endloop
endfacet
facet normal 0 0 1
outer loop
vertex 197.775 -83.1875 3.5
vertex 197.775 -69.1875 3.5
vertex 187.9625 -69.1875 3.5
endloop
endfacet
facet normal 0 0 1
outer loop
vertex 197.775 -83.1875 3.5
vertex 187.9625 -69.1875 3.5
vertex 187.9625 -83.1875 3.5
endloop
endfacet
facet normal 0 0 1
outer loop
vertex 206.775 -69.4375 3.5
vertex 206.775 -69.1875 3.5
vertex 202.775 -69.1875 3.5
endloop
endfacet
facet normal 0 0 1
outer loop
vertex 206.775 -69.4375 3.5
vertex 202.775 -69.1875 3.5
vertex 202.775 -69.4375 3.5
endloop
endfacet
facet normal 0 0 1
outer loop
vertex 224.72977430293827 -83.1875 3.5
vertex 219.42659261591416 -69.1875 3.5
vertex 211.775 -69.1875 3.5
endloop
endfacet
facet normal 0 0 1
outer loop
vertex 224.72977430293827 -83.1875 3.5
vertex 211.775 -69.1875 3.5
vertex 211.775 -83.1875 3.5
endloop
endfacet
facet normal 0 0 1
outer loop
vertex 93 -69.1875 3.5
vertex 98 -69.1875 3.5
vertex 102 -69.1875 3.5
endloop
endfacet
facet normal 0 0 1
outer loop
vertex 93 -69.1875 3.5
vertex 102 -69.1875 3.5
vertex 107 -69.1875 3.5
endloop
endfacet
facet normal 0 0 1
outer loop
vertex 93 -69.1875 3.5
vertex 107 -69.1875 3.5
vertex 116.8125 -69.1875 3.5
endloop
endfacet
facet normal 0 0 1
outer loop
vertex 93 -69.1875 3.5
vertex 116.8125 -69.1875 3.5
vertex 121.8125 -69.1875 3.5
endloop
endfacet
facet normal 0 0 1
outer loop
vertex 93 -69.1875 3.5
vertex 121.8125 -69.1875 3.5
vertex 125.8125 -69.1875 3.5
endloop
endfacet
facet normal 0 0 1
outer loop
vertex 93 -69.1875 3.5
vertex 125.8125 -69.1875 3.5
vertex 130.8125 -69.1875 3.5
endloop
endfacet
facet normal 0 0 1
outer loop
vertex 93 -69.1875 3.5
vertex 130.8125 -69.1875 3.5
vertex 135.8625 -69.1875 3.5
endloop
endfacet
facet normal 0 0 1
outer loop
vertex 93 -69.1875 3.5
vertex 135.8625 -69.1875 3.5
vertex 140.8625 -69.1875 3.5
endloop
endfacet
facet normal 0 0 1
outer loop
vertex 93 -69.1875 3.5
vertex 140.8625 -69.1875 3.5
vertex 144.8625 -69.1875 3.5
endloop
endfacet
facet normal 0 0 1
outer loop
vertex 93 -69.1875 3.5
vertex 144.8625 -69.1875 3.5
vertex 149.8625 -69.1875 3.5
endloop
endfacet
facet normal 0 0 1
outer loop
vertex 93 -69.1875 3.5
vertex 149.8625 -69.1875 3.5
vertex 154.9125 -69.1875 3.5
endloop
endfacet
facet normal 0 0 1
outer loop
vertex 93 -69.1875 3.5
vertex 154.9125 -69.1875 3.5
vertex 159.9125 -69.1875 3.5
endloop
endfacet
facet normal 0 0 1
outer loop
vertex 93 -69.1875 3.5
vertex 159.9125 -69.1875 3.5
vertex 163.9125 -69.1875 3.5
endloop
endfacet
facet normal 0 0 1
outer loop
vertex 93 -69.1875 3.5
vertex 163.9125 -69.1875 3.5
vertex 168.9125 -69.1875 3.5
endloop
endfacet
facet normal 0 0 1
outer loop
vertex 93 -69.1875 3.5
vertex 168.9125 -69.1875 3.5
vertex 173.9625 -69.1875 3.5
endloop
endfacet
facet normal 0 0 1
outer loop
vertex 93 -69.1875 3.5
vertex 173.9625 -69.1875 3.5
vertex 178.9625 -69.1875 3.5
endloop
endfacet
facet normal 0 0 1
outer loop
vertex 93 -69.1875 3.5
vertex 178.9625 -69.1875 3.5
vertex 182.9625 -69.1875 3.5
endloop
endfacet
facet normal 0 0 1
outer loop
vertex 93 -69.1875 3.5
vertex 182.9625 -69.1875 3.5
vertex 187.9625 -69.1875 3.5
endloop
endfacet
facet normal 0 0 1
outer loop
vertex 93 -69.1875 3.5
vertex 187.9625 -69.1875 3.5
vertex 197.775 -69.1875 3.5
endloop
endfacet
facet normal 0 0 1
outer loop
vertex 93 -69.1875 3.5
vertex 197.775 -69.1875 3.5
vertex 202.775 -69.1875 3.5
endloop
endfacet
facet normal 0 0 1
outer loop
vertex 93 -69.1875 3.5
vertex 202.775 -69.1875 3.5
vertex 206.775 -69.1875 3.5
endloop
endfacet
facet normal 0 0 1
outer loop
vertex 93 -69.1875 3.5
vertex 206.775 -69.1875 3.5
vertex 211.775 -69.1875 3.5
endloop
endfacet
facet normal 0 0 1
outer loop
vertex 93 -69.1875 3.5
vertex 211.775 -69.1875 3.5
vertex 219.42659261591416 -69.1875 3.5
endloop
endfacet
facet normal 0 0 1
outer loop
vertex 93 -69.1875 3.5
vertex 219.42659261591416 -69.1875 3.5
vertex 218.31387145836894 -66.25 3.5
endloop
endfacet
facet normal 0 0 1
outer loop
vertex 93 -69.1875 3.5
vertex 218.31387145836894 -66.25 3.5
vertex 158.5 -66.25 3.5
endloop
endfacet
facet normal 0 0 1
outer loop
vertex 93 -69.1875 3.5
vertex 158.5 -66.25 3.5
vertex 105.5 -66.25 3.5
endloop
endfacet
facet normal 0 0 1
outer loop
vertex 93 -69.1875 3.5
vertex 105.5 -66.25 3.5
vertex 87.99939557585672 -66.25 3.5
endloop
endfacet
facet normal 0 0 1
outer loop
vertex 93 -69.1875 3.5
vertex 87.99939557585672 -66.25 3.5
vertex 87.99895853429676 -69.1875 3.5
endloop
endfacet
facet normal 0 0 1
outer loop
vertex 218.31387145836894 -66.25 3.5
vertex 216.9174208000002 -62.56347550000061 3.5
vertex 158.5 -62.56347550000061 3.5
endloop
endfacet
facet normal 0 0 1
outer loop
vertex 218.31387145836894 -66.25 3.5
vertex 158.5 -62.56347550000061 3.5
vertex 158.5 -66.25 3.5
endloop
endfacet
facet normal 0 0 1
outer loop
vertex 216.9174208000002 -62.56347550000061 3.5
vertex 216.8965480729843 -62.5 3.5
vertex 203.5 -62.5 3.5
endloop
endfacet
facet normal 0 0 1
outer loop
vertex 216.9174208000002 -62.56347550000061 3.5
vertex 203.5 -62.5 3.5
vertex 170.5 -62.5 3.5
endloop
endfacet
facet normal 0 0 1
outer loop
vertex 216.9174208000002 -62.56347550000061 3.5
vertex 170.5 -62.5 3.5
vertex 158.5 -62.5 3.5
endloop
endfacet
facet normal 0 0 1
outer loop
vertex 216.9174208000002 -62.56347550000061 3.5
vertex 158.5 -62.5 3.5
vertex 158.5 -62.56347550000061 3.5
endloop
endfacet
facet normal 0 0 1
outer loop
vertex 216.8965480729843 -62.5 3.5
vertex 216.834218049164 -62.310449807347716 3.5
vertex 203.5 -62.310449807347716 3.5
endloop
endfacet
facet normal 0 0 1
outer loop
vertex 216.8965480729843 -62.5 3.5
vertex 203.5 -62.310449807347716 3.5
vertex 203.5 -62.5 3.5
endloop
endfacet
facet normal 0 0 1
outer loop
vertex 216.834218049164 -62.310449807347716 3.5
vertex 216.77378592550437 -62.05104152429195 3.5
vertex 203.5 -62.05104152429195 3.5
endloop
endfacet
facet normal 0 0 1
outer loop
vertex 216.834218049164 -62.310449807347716 3.5
vertex 203.5 -62.05104152429195 3.5
vertex 203.5 -62.310449807347716 3.5
endloop
endfacet
facet normal 0 0 1
outer loop
vertex 216.77378592550437 -62.05104152429195 3.5
vertex 216.73660160000006 -61.7872910000005 3.5
vertex 203.5 -61.7872910000005 3.5
endloop
endfacet
facet normal 0 0 1
outer loop
vertex 216.77378592550437 -62.05104152429195 3.5
vertex 203.5 -61.7872910000005 3.5
vertex 203.5 -62.05104152429195 3.5
endloop
endfacet
facet normal 0 0 1
outer loop
vertex 105.5 -66.25 3.5
vertex 105.5 -61.099999999999994 3.5
vertex 97.99999999999997 -61.099999999999994 3.5
endloop
endfacet
facet normal 0 0 1
outer loop
vertex 105.5 -66.25 3.5
vertex 97.99999999999997 -61.099999999999994 3.5
vertex 88.99932991729835 -61.099999999999994 3.5
endloop
endfacet
facet normal 0 0 1
outer loop
vertex 105.5 -66.25 3.5
vertex 88.99932991729835 -61.099999999999994 3.5
vertex 88.7908430500002 -61.32688284999977 3.5
endloop
endfacet
facet normal 0 0 1
outer loop
vertex 105.5 -66.25 3.5
vertex 88.7908430500002 -61.32688284999977 3.5
vertex 88.51465034332584 -61.676310178889835 3.5
endloop
endfacet
facet normal 0 0 1
outer loop
vertex 105.5 -66.25 3.5
vertex 88.51465034332584 -61.676310178889835 3.5
vertex 88.29323688113662 -62.062778739262 3.5
endloop
endfacet
facet normal 0 0 1
outer loop
vertex 105.5 -66.25 3.5
vertex 88.29323688113662 -62.062778739262 3.5
vertex 88.1314831541585 -62.477769824953796 3.5
endloop
endfacet
facet normal 0 0 1
outer loop
vertex 105.5 -66.25 3.5
vertex 88.1314831541585 -62.477769824953796 3.5
vertex 88.03295460758487 -62.912136024036094 3.5
endloop
endfacet
facet normal 0 0 1
outer loop
vertex 105.5 -66.25 3.5
vertex 88.03295460758487 -62.912136024036094 3.5
vertex 87.99982610000002 -63.35630569999972 3.5
endloop
endfacet
facet normal 0 0 1
outer loop
vertex 105.5 -66.25 3.5
vertex 87.99982610000002 -63.35630569999972 3.5
vertex 87.99939557585672 -66.25 3.5
endloop
endfacet
facet normal 0 0 1
outer loop
vertex 97.99999999999997 -61.099999999999994 3.5
vertex 97.78540064578223 -61.07886380844354 3.5
vertex 89.01875235651852 -61.07886380844354 3.5
endloop
endfacet
facet normal 0 0 1
outer loop
vertex 97.99999999999997 -61.099999999999994 3.5
vertex 89.01875235651852 -61.07886380844354 3.5
vertex 88.99932991729835 -61.099999999999994 3.5
endloop
endfacet
facet normal 0 0 1
outer loop
vertex 105.5 -61.099999999999994 3.5
vertex 105.5 -61.07886380844354 3.5
vertex 98.21459935421774 -61.07886380844354 3.5
endloop
endfacet
facet normal 0 0 1
outer loop
vertex 105.5 -61.099999999999994 3.5
vertex 98.21459935421774 -61.07886380844354 3.5
vertex 97.99999999999997 -61.099999999999994 3.5
endloop
endfacet
facet normal 0 0 1
outer loop
vertex 97.78540064578223 -61.07886380844354 3.5
vertex 97.57904822439842 -61.01626748576242 3.5
vertex 89.07627328073198 -61.01626748576242 3.5
endloop
endfacet
facet normal 0 0 1
outer loop
vertex 97.78540064578223 -61.07886380844354 3.5
vertex 89.07627328073198 -61.01626748576242 3.5
vertex 89.01875235651852 -61.07886380844354 3.5
endloop
endfacet
facet normal 0 0 1
outer loop
vertex 105.5 -61.07886380844354 3.5
vertex 105.5 -61.01626748576242 3.5
vertex 98.4209517756016 -61.01626748576242 3.5
endloop
endfacet
facet normal 0 0 1
outer loop
vertex 105.5 -61.07886380844354 3.5
vertex 98.4209517756016 -61.01626748576242 3.5
vertex 98.21459935421774 -61.07886380844354 3.5
endloop
endfacet
facet normal 0 0 1
outer loop
vertex 97.57904822439842 -61.01626748576242 3.5
vertex 97.38887274367846 -60.91461657353281 3.5
vertex 89.16968219307934 -60.91461657353281 3.5
endloop
endfacet
facet normal 0 0 1
outer loop
vertex 97.57904822439842 -61.01626748576242 3.5
vertex 89.16968219307934 -60.91461657353281 3.5
vertex 89.07627328073198 -61.01626748576242 3.5
endloop
endfacet
facet normal 0 0 1
outer loop
vertex 105.5 -61.01626748576242 3.5
vertex 105.5 -60.91461657353281 3.5
vertex 98.61112725632151 -60.91461657353281 3.5
endloop
endfacet
facet normal 0 0 1
outer loop
vertex 105.5 -61.01626748576242 3.5
vertex 98.61112725632151 -60.91461657353281 3.5
vertex 98.4209517756016 -61.01626748576242 3.5
endloop
endfacet
facet normal 0 0 1
outer loop
vertex 97.38887274367846 -60.91461657353281 3.5
vertex 97.22218254069479 -60.777817459305176 3.5
vertex 89.29538944144346 -60.777817459305176 3.5
endloop
endfacet
facet normal 0 0 1
outer loop
vertex 97.38887274367846 -60.91461657353281 3.5
vertex 89.29538944144346 -60.777817459305176 3.5
vertex 89.16968219307934 -60.91461657353281 3.5
endloop
endfacet
facet normal 0 0 1
outer loop
vertex 105.5 -60.91461657353281 3.5
vertex 105.5 -60.777817459305176 3.5
vertex 98.77781745930524 -60.777817459305176 3.5
endloop
endfacet
facet normal 0 0 1
outer loop
vertex 105.5 -60.91461657353281 3.5
vertex 98.77781745930524 -60.777817459305176 3.5
vertex 98.61112725632151 -60.91461657353281 3.5
endloop
endfacet
facet normal 0 0 1
outer loop
vertex 97.22218254069479 -60.777817459305176 3.5
vertex 97.08538342646716 -60.6111272563215 3.5
vertex 89.4485641667671 -60.6111272563215 3.5
endloop
endfacet
facet normal 0 0 1
outer loop
vertex 97.22218254069479 -60.777817459305176 3.5
vertex 89.4485641667671 -60.6111272563215 3.5
vertex 89.29538944144346 -60.777817459305176 3.5
endloop
endfacet
facet normal 0 0 1
outer loop
vertex 105.5 -60.777817459305176 3.5
vertex 105.5 -60.6111272563215 3.5
vertex 98.91461657353281 -60.6111272563215 3.5
endloop
endfacet
facet normal 0 0 1
outer loop
vertex 105.5 -60.777817459305176 3.5
vertex 98.91461657353281 -60.6111272563215 3.5
vertex 98.77781745930524 -60.777817459305176 3.5
endloop
endfacet
facet normal 0 0 1
outer loop
vertex 97.08538342646716 -60.6111272563215 3.5
vertex 96.98373251423757 -60.420951775601594 3.5
vertex 89.62331995025735 -60.420951775601594 3.5
endloop
endfacet
facet normal 0 0 1
outer loop
vertex 97.08538342646716 -60.6111272563215 3.5
vertex 89.62331995025735 -60.420951775601594 3.5
vertex 89.4485641667671 -60.6111272563215 3.5
endloop
endfacet
facet normal 0 0 1
outer loop
vertex 105.5 -60.6111272563215 3.5
vertex 105.5 -60.420951775601594 3.5
vertex 99.01626748576241 -60.420951775601594 3.5
endloop
endfacet
facet normal 0 0 1
outer loop
vertex 105.5 -60.6111272563215 3.5
vertex 99.01626748576241 -60.420951775601594 3.5
vertex 98.91461657353281 -60.6111272563215 3.5
endloop
endfacet
facet normal 0 0 1
outer loop
vertex 96.98373251423757 -60.420951775601594 3.5
vertex 96.92113619155643 -60.21459935421772 3.5
vertex 89.81294102515902 -60.21459935421772 3.5
endloop
endfacet
facet normal 0 0 1
outer loop
vertex 96.98373251423757 -60.420951775601594 3.5
vertex 89.81294102515902 -60.21459935421772 3.5
vertex 89.62331995025735 -60.420951775601594 3.5
endloop
endfacet
facet normal 0 0 1
outer loop
vertex 105.5 -60.420951775601594 3.5
vertex 105.5 -60.21459935421772 3.5
vertex 99.07886380844357 -60.21459935421772 3.5
endloop
endfacet
facet normal 0 0 1
outer loop
vertex 105.5 -60.420951775601594 3.5
vertex 99.07886380844357 -60.21459935421772 3.5
vertex 99.01626748576241 -60.420951775601594 3.5
endloop
endfacet
facet normal 0 0 1
outer loop
vertex 96.92113619155643 -60.21459935421772 3.5
vertex 96.9 -60.00000000000003 3.5
vertex 90.01014035990423 -60.00000000000003 3.5
endloop
endfacet
facet normal 0 0 1
outer loop
vertex 96.92113619155643 -60.21459935421772 3.5
vertex 90.01014035990423 -60.00000000000003 3.5
vertex 89.81294102515902 -60.21459935421772 3.5
endloop
endfacet
facet normal 0 0 1
outer loop
vertex 105.5 -60.21459935421772 3.5
vertex 105.5 -60.00000000000003 3.5
vertex 99.1 -60.00000000000003 3.5
endloop
endfacet
facet normal 0 0 1
outer loop
vertex 105.5 -60.21459935421772 3.5
vertex 99.1 -60.00000000000003 3.5
vertex 99.07886380844357 -60.21459935421772 3.5
endloop
endfacet
facet normal 0 0 1
outer loop
vertex 96.9 -60.00000000000003 3.5
vertex 96.92113619155644 -59.785400645782296 3.5
vertex 90.20733969464946 -59.785400645782296 3.5
endloop
endfacet
facet normal 0 0 1
outer loop
vertex 96.9 -60.00000000000003 3.5
vertex 90.20733969464946 -59.785400645782296 3.5
vertex 90.01014035990423 -60.00000000000003 3.5
endloop
endfacet
facet normal 0 0 1
outer loop
vertex 105.5 -60.00000000000003 3.5
vertex 105.5 -59.785400645782296 3.5
vertex 99.07886380844357 -59.785400645782296 3.5
endloop
endfacet
facet normal 0 0 1
outer loop
vertex 105.5 -60.00000000000003 3.5
vertex 99.07886380844357 -59.785400645782296 3.5
vertex 99.1 -60.00000000000003 3.5
endloop
endfacet
facet normal 0 0 1
outer loop
vertex 96.92113619155644 -59.785400645782296 3.5
vertex 96.98373251423759 -59.57904822439841 3.5
vertex 90.39696076955114 -59.57904822439841 3.5
endloop
endfacet
facet normal 0 0 1
outer loop
vertex 96.92113619155644 -59.785400645782296 3.5
vertex 90.39696076955114 -59.57904822439841 3.5
vertex 90.20733969464946 -59.785400645782296 3.5
endloop
endfacet
facet normal 0 0 1
outer loop
vertex 105.5 -59.785400645782296 3.5
vertex 105.5 -59.57904822439841 3.5
vertex 99.01626748576243 -59.57904822439841 3.5
endloop
endfacet
facet normal 0 0 1
outer loop
vertex 105.5 -59.785400645782296 3.5
vertex 99.01626748576243 -59.57904822439841 3.5
vertex 99.07886380844357 -59.785400645782296 3.5
endloop
endfacet
facet normal 0 0 1
outer loop
vertex 96.98373251423759 -59.57904822439841 3.5
vertex 97.08538342646725 -59.388872743678476 3.5
vertex 90.57171655304143 -59.388872743678476 3.5
endloop
endfacet
facet normal 0 0 1
outer loop
vertex 96.98373251423759 -59.57904822439841 3.5
vertex 90.57171655304143 -59.388872743678476 3.5
vertex 90.39696076955114 -59.57904822439841 3.5
endloop
endfacet
facet normal 0 0 1
outer loop
vertex 105.5 -59.57904822439841 3.5
vertex 105.5 -59.388872743678476 3.5
vertex 98.91461657353283 -59.388872743678476 3.5
endloop
endfacet
facet normal 0 0 1
outer loop
vertex 105.5 -59.57904822439841 3.5
vertex 98.91461657353283 -59.388872743678476 3.5
vertex 99.01626748576243 -59.57904822439841 3.5
endloop
endfacet
facet normal 0 0 1
outer loop
vertex 97.08538342646725 -59.388872743678476 3.5
vertex 97.22218254069469 -59.22218254069479 3.5
vertex 90.72489127836506 -59.22218254069479 3.5
endloop
endfacet
facet normal 0 0 1
outer loop
vertex 97.08538342646725 -59.388872743678476 3.5
vertex 90.72489127836506 -59.22218254069479 3.5
vertex 90.57171655304143 -59.388872743678476 3.5
endloop
endfacet
facet normal 0 0 1
outer loop
vertex 105.5 -59.388872743678476 3.5
vertex 105.5 -59.22218254069479 3.5
vertex 98.7778174593052 -59.22218254069479 3.5
endloop
endfacet
facet normal 0 0 1
outer loop
vertex 105.5 -59.388872743678476 3.5
vertex 98.7778174593052 -59.22218254069479 3.5
vertex 98.91461657353283 -59.388872743678476 3.5
endloop
endfacet
facet normal 0 0 1
outer loop
vertex 97.22218254069469 -59.22218254069479 3.5
vertex 97.38887274367843 -59.0853834264672 3.5
vertex 90.85059852672914 -59.0853834264672 3.5
endloop
endfacet
facet normal 0 0 1
outer loop
vertex 97.22218254069469 -59.22218254069479 3.5
vertex 90.85059852672914 -59.0853834264672 3.5
vertex 90.72489127836506 -59.22218254069479 3.5
endloop
endfacet
facet normal 0 0 1
outer loop
vertex 105.5 -59.22218254069479 3.5
vertex 105.5 -59.0853834264672 3.5
vertex 98.61112725632157 -59.0853834264672 3.5
endloop
endfacet
facet normal 0 0 1
outer loop
vertex 105.5 -59.22218254069479 3.5
vertex 98.61112725632157 -59.0853834264672 3.5
vertex 98.7778174593052 -59.22218254069479 3.5
endloop
endfacet
facet normal 0 0 1
outer loop
vertex 97.38887274367843 -59.0853834264672 3.5
vertex 97.57904822439843 -58.98373251423759 3.5
vertex 90.94400743907651 -58.98373251423759 3.5
endloop
endfacet
facet normal 0 0 1
outer loop
vertex 97.38887274367843 -59.0853834264672 3.5
vertex 90.94400743907651 -58.98373251423759 3.5
vertex 90.85059852672914 -59.0853834264672 3.5
endloop
endfacet
facet normal 0 0 1
outer loop
vertex 105.5 -59.0853834264672 3.5
vertex 105.5 -58.98373251423759 3.5
vertex 98.4209517756016 -58.98373251423759 3.5
endloop
endfacet
facet normal 0 0 1
outer loop
vertex 105.5 -59.0853834264672 3.5
vertex 98.4209517756016 -58.98373251423759 3.5
vertex 98.61112725632157 -59.0853834264672 3.5
endloop
endfacet
facet normal 0 0 1
outer loop
vertex 97.57904822439843 -58.98373251423759 3.5
vertex 97.78540064578222 -58.92113619155646 3.5
vertex 91.00152836328999 -58.92113619155646 3.5
endloop
endfacet
facet normal 0 0 1
outer loop
vertex 97.57904822439843 -58.98373251423759 3.5
vertex 91.00152836328999 -58.92113619155646 3.5
vertex 90.94400743907651 -58.98373251423759 3.5
endloop
endfacet
facet normal 0 0 1
outer loop
vertex 105.5 -58.98373251423759 3.5
vertex 105.5 -58.92113619155646 3.5
vertex 98.21459935421777 -58.92113619155646 3.5
endloop
endfacet
facet normal 0 0 1
outer loop
vertex 105.5 -58.98373251423759 3.5
vertex 98.21459935421777 -58.92113619155646 3.5
vertex 98.4209517756016 -58.98373251423759 3.5
endloop
endfacet
facet normal 0 0 1
outer loop
vertex 97.78540064578222 -58.92113619155646 3.5
vertex 98 -58.900000000000006 3.5
vertex 91.02095080251016 -58.900000000000006 3.5
endloop
endfacet
facet normal 0 0 1
outer loop
vertex 97.78540064578222 -58.92113619155646 3.5
vertex 91.02095080251016 -58.900000000000006 3.5
vertex 91.00152836328999 -58.92113619155646 3.5
endloop
endfacet
facet normal 0 0 1
outer loop
vertex 105.5 -58.92113619155646 3.5
vertex 105.5 -58.900000000000006 3.5
vertex 98 -58.900000000000006 3.5
endloop
endfacet
facet normal 0 0 1
outer loop
vertex 105.5 -58.92113619155646 3.5
vertex 98 -58.900000000000006 3.5
vertex 98.21459935421777 -58.92113619155646 3.5
endloop
endfacet
facet normal 0 0 1
outer loop
vertex 170.5 -62.5 3.5
vertex 170.5 -53.5 3.5
vertex 158.5 -53.5 3.5
endloop
endfacet
facet normal 0 0 1
outer loop
vertex 170.5 -62.5 3.5
vertex 158.5 -53.5 3.5
vertex 158.5 -62.5 3.5
endloop
endfacet
facet normal 0 0 1
outer loop
vertex 216.73660160000006 -61.7872910000005 3.5
vertex 215.9414685826559 -53.5 3.5
vertex 203.5 -53.5 3.5
endloop
endfacet
facet normal 0 0 1
outer loop
vertex 216.73660160000006 -61.7872910000005 3.5
vertex 203.5 -53.5 3.5
vertex 203.5 -61.7872910000005 3.5
endloop
endfacet
facet normal 0 0 1
outer loop
vertex 170.5 -53.5 3.5
vertex 203.5 -53.5 3.5
vertex 215.9414685826559 -53.5 3.5
endloop
endfacet
facet normal 0 0 1
outer loop
vertex 170.5 -53.5 3.5
vertex 215.9414685826559 -53.5 3.5
vertex 215.42335979491594 -48.10000000000001 3.5
endloop
endfacet
facet normal 0 0 1
outer loop
vertex 170.5 -53.5 3.5
vertex 215.42335979491594 -48.10000000000001 3.5
vertex 210.0000000000001 -48.10000000000001 3.5
endloop
endfacet
facet normal 0 0 1
outer loop
vertex 170.5 -53.5 3.5
vertex 210.0000000000001 -48.10000000000001 3.5
vertex 165.00000000000014 -48.10000000000001 3.5
endloop
endfacet
facet normal 0 0 1
outer loop
vertex 170.5 -53.5 3.5
vertex 165.00000000000014 -48.10000000000001 3.5
vertex 158.5 -48.10000000000001 3.5
endloop
endfacet
facet normal 0 0 1
outer loop
vertex 170.5 -53.5 3.5
vertex 158.5 -48.10000000000001 3.5
vertex 158.5 -53.5 3.5
endloop
endfacet
facet normal 0 0 1
outer loop
vertex 165.00000000000014 -48.10000000000001 3.5
vertex 164.78540064578226 -48.07886380844354 3.5
vertex 158.5 -48.07886380844354 3.5
endloop
endfacet
facet normal 0 0 1
outer loop
vertex 165.00000000000014 -48.10000000000001 3.5
vertex 158.5 -48.07886380844354 3.5
vertex 158.5 -48.10000000000001 3.5
endloop
endfacet
facet normal 0 0 1
outer loop
vertex 210.0000000000001 -48.10000000000001 3.5
vertex 209.78540064578223 -48.07886380844354 3.5
vertex 165.21459935421797 -48.07886380844354 3.5
endloop
endfacet
facet normal 0 0 1
outer loop
vertex 210.0000000000001 -48.10000000000001 3.5
vertex 165.21459935421797 -48.07886380844354 3.5
vertex 165.00000000000014 -48.10000000000001 3.5
endloop
endfacet
facet normal 0 0 1
outer loop
vertex 215.42335979491594 -48.10000000000001 3.5
vertex 215.4213318603632 -48.07886380844354 3.5
vertex 210.2145993542179 -48.07886380844354 3.5
endloop
endfacet
facet normal 0 0 1
outer loop
vertex 215.42335979491594 -48.10000000000001 3.5
vertex 210.2145993542179 -48.07886380844354 3.5
vertex 210.0000000000001 -48.10000000000001 3.5
endloop
endfacet
facet normal 0 0 1
outer loop
vertex 164.78540064578226 -48.07886380844354 3.5
vertex 164.5790482243984 -48.01626748576243 3.5
vertex 158.5 -48.01626748576243 3.5
endloop
endfacet
facet normal 0 0 1
outer loop
vertex 164.78540064578226 -48.07886380844354 3.5
vertex 158.5 -48.01626748576243 3.5
vertex 158.5 -48.07886380844354 3.5
endloop
endfacet
facet normal 0 0 1
outer loop
vertex 209.78540064578223 -48.07886380844354 3.5
vertex 209.57904822439846 -48.01626748576243 3.5
vertex 165.42095177560145 -48.01626748576243 3.5
endloop
endfacet
facet normal 0 0 1
outer loop
vertex 209.78540064578223 -48.07886380844354 3.5
vertex 165.42095177560145 -48.01626748576243 3.5
vertex 165.21459935421797 -48.07886380844354 3.5
endloop
endfacet
facet normal 0 0 1
outer loop
vertex 215.4213318603632 -48.07886380844354 3.5
vertex 215.4153259890926 -48.01626748576243 3.5
vertex 210.42095177560157 -48.01626748576243 3.5
endloop
endfacet
facet normal 0 0 1
outer loop
vertex 215.4213318603632 -48.07886380844354 3.5
vertex 210.42095177560157 -48.01626748576243 3.5
vertex 210.2145993542179 -48.07886380844354 3.5
endloop
endfacet
facet normal 0 0 1
outer loop
vertex 164.5790482243984 -48.01626748576243 3.5
vertex 164.38887274367843 -47.914616573532754 3.5
vertex 158.5 -47.914616573532754 3.5
endloop
endfacet
facet normal 0 0 1
outer loop
vertex 164.5790482243984 -48.01626748576243 3.5
vertex 158.5 -47.914616573532754 3.5
vertex 158.5 -48.01626748576243 3.5
endloop
endfacet
facet normal 0 0 1
outer loop
vertex 209.57904822439846 -48.01626748576243 3.5
vertex 209.38887274367838 -47.914616573532754 3.5
vertex 165.61112725632168 -47.914616573532754 3.5
endloop
endfacet
facet normal 0 0 1
outer loop
vertex 209.57904822439846 -48.01626748576243 3.5
vertex 165.61112725632168 -47.914616573532754 3.5
vertex 165.42095177560145 -48.01626748576243 3.5
endloop
endfacet
facet normal 0 0 1
outer loop
vertex 215.4153259890926 -48.01626748576243 3.5
vertex 215.4055729833689 -47.914616573532754 3.5
vertex 210.61112725632162 -47.914616573532754 3.5
endloop
endfacet
facet normal 0 0 1
outer loop
vertex 215.4153259890926 -48.01626748576243 3.5
vertex 210.61112725632162 -47.914616573532754 3.5
vertex 210.42095177560157 -48.01626748576243 3.5
endloop
endfacet
facet normal 0 0 1
outer loop
vertex 164.38887274367843 -47.914616573532754 3.5
vertex 164.22218254069475 -47.7778174593053 3.5
vertex 158.5 -47.7778174593053 3.5
endloop
endfacet
facet normal 0 0 1
outer loop
vertex 164.38887274367843 -47.914616573532754 3.5
vertex 158.5 -47.7778174593053 3.5
vertex 158.5 -47.914616573532754 3.5
endloop
endfacet
facet normal 0 0 1
outer loop
vertex 209.38887274367838 -47.914616573532754 3.5
vertex 209.22218254069492 -47.7778174593053 3.5
vertex 165.77781745930503 -47.7778174593053 3.5
endloop
endfacet
facet normal 0 0 1
outer loop
vertex 209.38887274367838 -47.914616573532754 3.5
vertex 165.77781745930503 -47.7778174593053 3.5
vertex 165.61112725632168 -47.914616573532754 3.5
endloop
endfacet
facet normal 0 0 1
outer loop
vertex 215.4055729833689 -47.914616573532754 3.5
vertex 215.39244764573255 -47.7778174593053 3.5
vertex 210.77781745930506 -47.7778174593053 3.5
endloop
endfacet
facet normal 0 0 1
outer loop
vertex 215.4055729833689 -47.914616573532754 3.5
vertex 210.77781745930506 -47.7778174593053 3.5
vertex 210.61112725632162 -47.914616573532754 3.5
endloop
endfacet
facet normal 0 0 1
outer loop
vertex 164.22218254069475 -47.7778174593053 3.5
vertex 164.08538342646725 -47.61112725632148 3.5
vertex 158.5 -47.61112725632148 3.5
endloop
endfacet
facet normal 0 0 1
outer loop
vertex 164.22218254069475 -47.7778174593053 3.5
vertex 158.5 -47.61112725632148 3.5
vertex 158.5 -47.7778174593053 3.5
endloop
endfacet
facet normal 0 0 1
outer loop
vertex 209.22218254069492 -47.7778174593053 3.5
vertex 209.08538342646716 -47.61112725632148 3.5
vertex 165.91461657353295 -47.61112725632148 3.5
endloop
endfacet
facet normal 0 0 1
outer loop
vertex 209.22218254069492 -47.7778174593053 3.5
vertex 165.91461657353295 -47.61112725632148 3.5
vertex 165.77781745930503 -47.7778174593053 3.5
endloop
endfacet
facet normal 0 0 1
outer loop
vertex 215.39244764573255 -47.7778174593053 3.5
vertex 215.3764543755481 -47.61112725632148 3.5
vertex 210.91461657353284 -47.61112725632148 3.5
endloop
endfacet
facet normal 0 0 1
outer loop
vertex 215.39244764573255 -47.7778174593053 3.5
vertex 210.91461657353284 -47.61112725632148 3.5
vertex 210.77781745930506 -47.7778174593053 3.5
endloop
endfacet
facet normal 0 0 1
outer loop
vertex 164.08538342646725 -47.61112725632148 3.5
vertex 163.98373251423757 -47.42095177560165 3.5
vertex 158.5 -47.42095177560165 3.5
endloop
endfacet
facet normal 0 0 1
outer loop
vertex 164.08538342646725 -47.61112725632148 3.5
vertex 158.5 -47.42095177560165 3.5
vertex 158.5 -47.61112725632148 3.5
endloop
endfacet
facet normal 0 0 1
outer loop
vertex 209.08538342646716 -47.61112725632148 3.5
vertex 208.9837325142376 -47.42095177560165 3.5
vertex 166.01626748576243 -47.42095177560165 3.5
endloop
endfacet
facet normal 0 0 1
outer loop
vertex 209.08538342646716 -47.61112725632148 3.5
vertex 166.01626748576243 -47.42095177560165 3.5
vertex 165.91461657353295 -47.61112725632148 3.5
endloop
endfacet
facet normal 0 0 1
outer loop
vertex 215.3764543755481 -47.61112725632148 3.5
vertex 215.35820778521963 -47.42095177560165 3.5
vertex 211.0162674857624 -47.42095177560165 3.5
endloop
endfacet
facet normal 0 0 1
outer loop
vertex 215.3764543755481 -47.61112725632148 3.5
vertex 211.0162674857624 -47.42095177560165 3.5
vertex 210.91461657353284 -47.61112725632148 3.5
endloop
endfacet
facet normal 0 0 1
outer loop
vertex 163.98373251423757 -47.42095177560165 3.5
vertex 163.92113619155643 -47.21459935421751 3.5
vertex 158.5 -47.21459935421751 3.5
endloop
endfacet
facet normal 0 0 1
outer loop
vertex 163.98373251423757 -47.42095177560165 3.5
vertex 158.5 -47.21459935421751 3.5
vertex 158.5 -47.42095177560165 3.5
endloop
endfacet
facet normal 0 0 1
outer loop
vertex 208.9837325142376 -47.42095177560165 3.5
vertex 208.9211361915564 -47.21459935421751 3.5
vertex 166.07886380844351 -47.21459935421751 3.5
endloop
endfacet
facet normal 0 0 1
outer loop
vertex 208.9837325142376 -47.42095177560165 3.5
vertex 166.07886380844351 -47.21459935421751 3.5
vertex 166.01626748576243 -47.42095177560165 3.5
endloop
endfacet
facet normal 0 0 1
outer loop
vertex 215.35820778521963 -47.42095177560165 3.5
vertex 215.33840908098065 -47.21459935421751 3.5
vertex 211.07886380844351 -47.21459935421751 3.5
endloop
endfacet
facet normal 0 0 1
outer loop
vertex 215.35820778521963 -47.42095177560165 3.5
vertex 211.07886380844351 -47.21459935421751 3.5
vertex 211.0162674857624 -47.42095177560165 3.5
endloop
endfacet
facet normal 0 0 1
outer loop
vertex 163.92113619155643 -47.21459935421751 3.5
vertex 163.9 -47.000000000000114 3.5
vertex 158.5 -47.000000000000114 3.5
endloop
endfacet
facet normal 0 0 1
outer loop
vertex 163.92113619155643 -47.21459935421751 3.5
vertex 158.5 -47.000000000000114 3.5
vertex 158.5 -47.21459935421751 3.5
endloop
endfacet
facet normal 0 0 1
outer loop
vertex 208.9211361915564 -47.21459935421751 3.5
vertex 208.89999999999998 -47.000000000000114 3.5
vertex 166.09999994212689 -47.000000000000114 3.5
endloop
endfacet
facet normal 0 0 1
outer loop
vertex 208.9211361915564 -47.21459935421751 3.5
vertex 166.09999994212689 -47.000000000000114 3.5
vertex 166.07886380844351 -47.21459935421751 3.5
endloop
endfacet
facet normal 0 0 1
outer loop
vertex 215.33840908098065 -47.21459935421751 3.5
vertex 215.31781911593188 -47.000000000000114 3.5
vertex 211.09999999999997 -47.000000000000114 3.5
endloop
endfacet
facet normal 0 0 1
outer loop
vertex 215.33840908098065 -47.21459935421751 3.5
vertex 211.09999999999997 -47.000000000000114 3.5
vertex 211.07886380844351 -47.21459935421751 3.5
endloop
endfacet
facet normal 0 0 1
outer loop
vertex 163.9 -47.000000000000114 3.5
vertex 163.92113619155646 -46.78540064578212 3.5
vertex 158.5 -46.78540064578212 3.5
endloop
endfacet
facet normal 0 0 1
outer loop
vertex 163.9 -47.000000000000114 3.5
vertex 158.5 -46.78540064578212 3.5
vertex 158.5 -47.000000000000114 3.5
endloop
endfacet
facet normal 0 0 1
outer loop
vertex 208.89999999999998 -47.000000000000114 3.5
vertex 208.92113619155646 -46.78540064578212 3.5
vertex 166.07886381418405 -46.78540064578212 3.5
endloop
endfacet
facet normal 0 0 1
outer loop
vertex 208.89999999999998 -47.000000000000114 3.5
vertex 166.07886381418405 -46.78540064578212 3.5
vertex 166.09999994212689 -47.000000000000114 3.5
endloop
endfacet
facet normal 0 0 1
outer loop
vertex 215.31781911593188 -47.000000000000114 3.5
vertex 215.29722915088306 -46.78540064578212 3.5
vertex 211.0788638084435 -46.78540064578212 3.5
endloop
endfacet
facet normal 0 0 1
outer loop
vertex 215.31781911593188 -47.000000000000114 3.5
vertex 211.0788638084435 -46.78540064578212 3.5
vertex 211.09999999999997 -47.000000000000114 3.5
endloop
endfacet
facet normal 0 0 1
outer loop
vertex 163.92113619155646 -46.78540064578212 3.5
vertex 163.98373251423757 -46.57904822439848 3.5
vertex 158.5 -46.57904822439848 3.5
endloop
endfacet
facet normal 0 0 1
outer loop
vertex 163.92113619155646 -46.78540064578212 3.5
vertex 158.5 -46.57904822439848 3.5
vertex 158.5 -46.78540064578212 3.5
endloop
endfacet
facet normal 0 0 1
outer loop
vertex 208.92113619155646 -46.78540064578212 3.5
vertex 208.98373251423757 -46.57904822439848 3.5
vertex 166.01626750418924 -46.57904822439848 3.5
endloop
endfacet
facet normal 0 0 1
outer loop
vertex 208.92113619155646 -46.78540064578212 3.5
vertex 166.01626750418924 -46.57904822439848 3.5
vertex 166.07886381418405 -46.78540064578212 3.5
endloop
endfacet
facet normal 0 0 1
outer loop
vertex 215.29722915088306 -46.78540064578212 3.5
vertex 215.2774304466441 -46.57904822439848 3.5
vertex 211.01626748659706 -46.57904822439848 3.5
endloop
endfacet
facet normal 0 0 1
outer loop
vertex 215.29722915088306 -46.78540064578212 3.5
vertex 211.01626748659706 -46.57904822439848 3.5
vertex 211.0788638084435 -46.78540064578212 3.5
endloop
endfacet
facet normal 0 0 1
outer loop
vertex 163.98373251423757 -46.57904822439848 3.5
vertex 164.08538342646725 -46.388872743678235 3.5
vertex 158.5 -46.388872743678235 3.5
endloop
endfacet
facet normal 0 0 1
outer loop
vertex 163.98373251423757 -46.57904822439848 3.5
vertex 158.5 -46.388872743678235 3.5
vertex 158.5 -46.57904822439848 3.5
endloop
endfacet
facet normal 0 0 1
outer loop
vertex 208.98373251423757 -46.57904822439848 3.5
vertex 209.08538342646725 -46.388872743678235 3.5
vertex 165.91461660604628 -46.388872743678235 3.5
endloop
endfacet
facet normal 0 0 1
outer loop
vertex 208.98373251423757 -46.57904822439848 3.5
vertex 165.91461660604628 -46.388872743678235 3.5
vertex 166.01626750418924 -46.57904822439848 3.5
endloop
endfacet
facet normal 0 0 1
outer loop
vertex 215.2774304466441 -46.57904822439848 3.5
vertex 215.26034550000003 -46.40098000000009 3.5
vertex 215.25817229508402 -46.388872743678235 3.5
endloop
endfacet
facet normal 0 0 1
outer loop
vertex 215.2774304466441 -46.57904822439848 3.5
vertex 215.25817229508402 -46.388872743678235 3.5
vertex 210.91461657353267 -46.388872743678235 3.5
endloop
endfacet
facet normal 0 0 1
outer loop
vertex 215.2774304466441 -46.57904822439848 3.5
vertex 210.91461657353267 -46.388872743678235 3.5
vertex 211.01626748659706 -46.57904822439848 3.5
endloop
endfacet
facet normal 0 0 1
outer loop
vertex 164.08538342646725 -46.388872743678235 3.5
vertex 164.2221825406947 -46.2221825406948 3.5
vertex 158.5 -46.2221825406948 3.5
endloop
endfacet
facet normal 0 0 1
outer loop
vertex 164.08538342646725 -46.388872743678235 3.5
vertex 158.5 -46.2221825406948 3.5
vertex 158.5 -46.388872743678235 3.5
endloop
endfacet
facet normal 0 0 1
outer loop
vertex 209.08538342646725 -46.388872743678235 3.5
vertex 209.2221825406947 -46.2221825406948 3.5
vertex 165.77781750689917 -46.2221825406948 3.5
endloop
endfacet
facet normal 0 0 1
outer loop
vertex 209.08538342646725 -46.388872743678235 3.5
vertex 165.77781750689917 -46.2221825406948 3.5
vertex 165.91461660604628 -46.388872743678235 3.5
endloop
endfacet
facet normal 0 0 1
outer loop
vertex 215.25817229508402 -46.388872743678235 3.5
vertex 215.22825205890987 -46.2221825406948 3.5
vertex 210.77781745930523 -46.2221825406948 3.5
endloop
endfacet
facet normal 0 0 1
outer loop
vertex 215.25817229508402 -46.388872743678235 3.5
vertex 210.77781745930523 -46.2221825406948 3.5
vertex 210.91461657353267 -46.388872743678235 3.5
endloop
endfacet
facet normal 0 0 1
outer loop
vertex 164.2221825406947 -46.2221825406948 3.5
vertex 164.38887274367843 -46.08538342646723 3.5
vertex 158.5 -46.08538342646723 3.5
endloop
endfacet
facet normal 0 0 1
outer loop
vertex 164.2221825406947 -46.2221825406948 3.5
vertex 158.5 -46.08538342646723 3.5
vertex 158.5 -46.2221825406948 3.5
endloop
endfacet
facet normal 0 0 1
outer loop
vertex 209.2221825406947 -46.2221825406948 3.5
vertex 209.3888727436787 -46.08538342646723 3.5
vertex 165.6111273194116 -46.08538342646723 3.5
endloop
endfacet
facet normal 0 0 1
outer loop
vertex 209.2221825406947 -46.2221825406948 3.5
vertex 165.6111273194116 -46.08538342646723 3.5
vertex 165.77781750689917 -46.2221825406948 3.5
endloop
endfacet
facet normal 0 0 1
outer loop
vertex 215.22825205890987 -46.2221825406948 3.5
vertex 215.2036971556651 -46.08538342646723 3.5
vertex 210.6111272596722 -46.08538342646723 3.5
endloop
endfacet
facet normal 0 0 1
outer loop
vertex 215.22825205890987 -46.2221825406948 3.5
vertex 210.6111272596722 -46.08538342646723 3.5
vertex 210.77781745930523 -46.2221825406948 3.5
endloop
endfacet
facet normal 0 0 1
outer loop
vertex 164.38887274367843 -46.08538342646723 3.5
vertex 164.57904822439852 -45.98373251423757 3.5
vertex 158.5 -45.98373251423757 3.5
endloop
endfacet
facet normal 0 0 1
outer loop
vertex 164.38887274367843 -46.08538342646723 3.5
vertex 158.5 -45.98373251423757 3.5
vertex 158.5 -46.08538342646723 3.5
endloop
endfacet
facet normal 0 0 1
outer loop
vertex 209.3888727436787 -46.08538342646723 3.5
vertex 209.57904822439835 -45.98373251423757 3.5
vertex 165.42095185408715 -45.98373251423757 3.5
endloop
endfacet
facet normal 0 0 1
outer loop
vertex 209.3888727436787 -46.08538342646723 3.5
vertex 165.42095185408715 -45.98373251423757 3.5
vertex 165.6111273194116 -46.08538342646723 3.5
endloop
endfacet
facet normal 0 0 1
outer loop
vertex 215.2036971556651 -46.08538342646723 3.5
vertex 215.18545121651093 -45.98373251423757 3.5
vertex 210.42095178503695 -45.98373251423757 3.5
endloop
endfacet
facet normal 0 0 1
outer loop
vertex 215.2036971556651 -46.08538342646723 3.5
vertex 210.42095178503695 -45.98373251423757 3.5
vertex 210.6111272596722 -46.08538342646723 3.5
endloop
endfacet
facet normal 0 0 1
outer loop
vertex 164.57904822439852 -45.98373251423757 3.5
vertex 164.78540064578226 -45.92113619155646 3.5
vertex 158.5 -45.92113619155646 3.5
endloop
endfacet
facet normal 0 0 1
outer loop
vertex 164.57904822439852 -45.98373251423757 3.5
vertex 158.5 -45.92113619155646 3.5
vertex 158.5 -45.98373251423757 3.5
endloop
endfacet
facet normal 0 0 1
outer loop
vertex 209.57904822439835 -45.98373251423757 3.5
vertex 209.7854006457822 -45.92113619155646 3.5
vertex 165.21459935421777 -45.92113619155646 3.5
endloop
endfacet
facet normal 0 0 1
outer loop
vertex 209.57904822439835 -45.98373251423757 3.5
vertex 165.21459935421777 -45.92113619155646 3.5
vertex 165.42095185408715 -45.98373251423757 3.5
endloop
endfacet
facet normal 0 0 1
outer loop
vertex 215.18545121651093 -45.98373251423757 3.5
vertex 215.17421542265663 -45.92113619155646 3.5
vertex 210.21459935421774 -45.92113619155646 3.5
endloop
endfacet
facet normal 0 0 1
outer loop
vertex 215.18545121651093 -45.98373251423757 3.5
vertex 210.21459935421774 -45.92113619155646 3.5
vertex 210.42095178503695 -45.98373251423757 3.5
endloop
endfacet
facet normal 0 0 1
outer loop
vertex 164.78540064578226 -45.92113619155646 3.5
vertex 164.99999999999997 -45.900000000000006 3.5
vertex 158.5 -45.900000000000006 3.5
endloop
endfacet
facet normal 0 0 1
outer loop
vertex 164.78540064578226 -45.92113619155646 3.5
vertex 158.5 -45.900000000000006 3.5
vertex 158.5 -45.92113619155646 3.5
endloop
endfacet
facet normal 0 0 1
outer loop
vertex 209.7854006457822 -45.92113619155646 3.5
vertex 209.99999999999994 -45.900000000000006 3.5
vertex 164.99999999999997 -45.900000000000006 3.5
endloop
endfacet
facet normal 0 0 1
outer loop
vertex 209.7854006457822 -45.92113619155646 3.5
vertex 164.99999999999997 -45.900000000000006 3.5
vertex 165.21459935421777 -45.92113619155646 3.5
endloop
endfacet
facet normal 0 0 1
outer loop
vertex 215.17421542265663 -45.92113619155646 3.5
vertex 215.17357036322508 -45.91754246699641 3.5
vertex 215.1673351375735 -45.900000000000006 3.5
endloop
endfacet
facet normal 0 0 1
outer loop
vertex 215.17421542265663 -45.92113619155646 3.5
vertex 215.1673351375735 -45.900000000000006 3.5
vertex 209.99999999999994 -45.900000000000006 3.5
endloop
endfacet
facet normal 0 0 1
outer loop
vertex 215.17421542265663 -45.92113619155646 3.5
vertex 209.99999999999994 -45.900000000000006 3.5
vertex 210.21459935421774 -45.92113619155646 3.5
endloop
endfacet
facet normal 0 0 1
outer loop
vertex 98 -58.900000000000006 3.5
vertex 105.5 -58.900000000000006 3.5
vertex 105.5 -45.75 3.5
endloop
endfacet
facet normal 0 0 1
outer loop
vertex 98 -58.900000000000006 3.5
vertex 105.5 -45.75 3.5
vertex 103.10473018457178 -45.75 3.5
endloop
endfacet
facet normal 0 0 1
outer loop
vertex 98 -58.900000000000006 3.5
vertex 103.10473018457178 -45.75 3.5
vertex 91.02095080251016 -58.900000000000006 3.5
endloop
endfacet
facet normal 0 0 1
outer loop
vertex 164.99999999999997 -45.900000000000006 3.5
vertex 209.99999999999994 -45.900000000000006 3.5
vertex 215.1673351375735 -45.900000000000006 3.5
endloop
endfacet
facet normal 0 0 1
outer loop
vertex 164.99999999999997 -45.900000000000006 3.5
vertex 215.1673351375735 -45.900000000000006 3.5
vertex 215.11401972601095 -45.75 3.5
endloop
endfacet
facet normal 0 0 1
outer loop
vertex 164.99999999999997 -45.900000000000006 3.5
vertex 215.11401972601095 -45.75 3.5
vertex 158.5 -45.75 3.5
endloop
endfacet
facet normal 0 0 1
outer loop
vertex 164.99999999999997 -45.900000000000006 3.5
vertex 158.5 -45.75 3.5
vertex 158.5 -45.900000000000006 3.5
endloop
endfacet
facet normal 0 0 1
outer loop
vertex 105.5 -45.75 3.5
vertex 158.5 -45.75 3.5
vertex 215.11401972601095 -45.75 3.5
endloop
endfacet
facet normal 0 0 1
outer loop
vertex 105.5 -45.75 3.5
vertex 215.11401972601095 -45.75 3.5
vertex 215.0090748675559 -45.45474336956431 3.5
endloop
endfacet
facet normal 0 0 1
outer loop
vertex 105.5 -45.75 3.5
vertex 215.0090748675559 -45.45474336956431 3.5
vertex 214.77126825576767 -45.02498787155565 3.5
endloop
endfacet
facet normal 0 0 1
outer loop
vertex 105.5 -45.75 3.5
vertex 214.77126825576767 -45.02498787155565 3.5
vertex 214.46652484881332 -44.63979541498705 3.5
endloop
endfacet
facet normal 0 0 1
outer loop
vertex 105.5 -45.75 3.5
vertex 214.46652484881332 -44.63979541498705 3.5
vertex 214.10301318443882 -44.30949094553108 3.5
endloop
endfacet
facet normal 0 0 1
outer loop
vertex 105.5 -45.75 3.5
vertex 214.10301318443882 -44.30949094553108 3.5
vertex 213.69047706245502 -44.042928156046685 3.5
endloop
endfacet
facet normal 0 0 1
outer loop
vertex 105.5 -45.75 3.5
vertex 213.69047706245502 -44.042928156046685 3.5
vertex 213.23997436568013 -43.84725216651911 3.5
endloop
endfacet
facet normal 0 0 1
outer loop
vertex 105.5 -45.75 3.5
vertex 213.23997436568013 -43.84725216651911 3.5
vertex 212.7635806573547 -43.727708001679844 3.5
endloop
endfacet
facet normal 0 0 1
outer loop
vertex 105.5 -45.75 3.5
vertex 212.7635806573547 -43.727708001679844 3.5
vertex 212.274073666498 -43.68750104039657 3.5
endloop
endfacet
facet normal 0 0 1
outer loop
vertex 105.5 -45.75 3.5
vertex 212.274073666498 -43.68750104039657 3.5
vertex 158.5 -43.68750104039657 3.5
endloop
endfacet
facet normal 0 0 1
outer loop
vertex 105.5 -45.75 3.5
vertex 158.5 -43.68750104039657 3.5
vertex 106.31751735000003 -43.68750104039657 3.5
endloop
endfacet
facet normal 0 0 1
outer loop
vertex 105.5 -45.75 3.5
vertex 106.31751735000003 -43.68750104039657 3.5
vertex 105.90501578911314 -43.71599679493363 3.5
endloop
endfacet
facet normal 0 0 1
outer loop
vertex 105.5 -45.75 3.5
vertex 105.90501578911314 -43.71599679493363 3.5
vertex 105.50035033596669 -43.80094006572392 3.5
endloop
endfacet
facet normal 0 0 1
outer loop
vertex 105.5 -45.75 3.5
vertex 105.50035033596669 -43.80094006572392 3.5
vertex 105.1112082622743 -43.94071822820038 3.5
endloop
endfacet
facet normal 0 0 1
outer loop
vertex 105.5 -45.75 3.5
vertex 105.1112082622743 -43.94071822820038 3.5
vertex 104.74498194816802 -44.1326759711514 3.5
endloop
endfacet
facet normal 0 0 1
outer loop
vertex 105.5 -45.75 3.5
vertex 104.74498194816802 -44.1326759711514 3.5
vertex 104.40862845203591 -44.3731667482358 3.5
endloop
endfacet
facet normal 0 0 1
outer loop
vertex 105.5 -45.75 3.5
vertex 104.40862845203591 -44.3731667482358 3.5
vertex 104.1085346999998 -44.65762410000022 3.5
endloop
endfacet
facet normal 0 0 1
outer loop
vertex 105.5 -45.75 3.5
vertex 104.1085346999998 -44.65762410000022 3.5
vertex 103.10473018457178 -45.75 3.5
endloop
endfacet
facet normal 0 0 1
outer loop
vertex 212.274073666498 -43.68750104039657 3.5
vertex 212.27406100000002 -43.6875 3.5
vertex 161.12500475001906 -43.6875 3.5
endloop
endfacet
facet normal 0 0 1
outer loop
vertex 212.274073666498 -43.68750104039657 3.5
vertex 161.12500475001906 -43.6875 3.5
vertex 158.5 -43.68750104039657 3.5
endloop
endfacet
facet normal -0.9969287519853627 -0.07831387785640233 0
outer loop
vertex 88.01856845784485 -185.66889949116202 3.5
vertex 87.98169825000001 -185.19954500000017 3.5
vertex 87.98169825000001 -185.19954500000028 0
endloop
endfacet
facet normal -0.9969287519853627 -0.07831387785640233 0
outer loop
vertex 88.01856845784485 -185.66889949116202 3.5
vertex 87.98169825000001 -185.19954500000028 0
vertex 88.01856845784484 -185.6688994911619 0
endloop
endfacet
facet normal -0.9724003374399952 -0.23331863137474304 0
outer loop
vertex 88.12841497123847 -186.12670599405982 3.5
vertex 88.01856845784485 -185.66889949116202 3.5
vertex 88.01856845784484 -185.6688994911619 0
endloop
endfacet
facet normal -0.9724003374399952 -0.23331863137474304 0
outer loop
vertex 88.12841497123847 -186.12670599405982 3.5
vertex 88.01856845784484 -185.6688994911619 0
vertex 88.12841497123851 -186.12670599405993 0
endloop
endfacet
facet normal -0.9239235338725734 -0.3825771864034967 0
outer loop
vertex 88.30853247742644 -186.56168959669938 3.5
vertex 88.12841497123847 -186.12670599405982 3.5
vertex 88.12841497123851 -186.12670599405993 0
endloop
endfacet
facet normal -0.9239235338725734 -0.3825771864034967 0
outer loop
vertex 88.30853247742644 -186.56168959669938 3.5
vertex 88.12841497123851 -186.12670599405993 0
vertex 88.30853247742645 -186.5616895966994 0
endloop
endfacet
facet normal -0.8526922336602203 -0.5224135858259663 0
outer loop
vertex 88.5544850214404 -186.9631374721372 3.5
vertex 88.30853247742644 -186.56168959669938 3.5
vertex 88.30853247742645 -186.5616895966994 0
endloop
endfacet
facet normal -0.8526922336602203 -0.5224135858259663 0
outer loop
vertex 88.5544850214404 -186.9631374721372 3.5
vertex 88.30853247742645 -186.5616895966994 0
vertex 88.55448502144041 -186.96313747213722 0
endloop
endfacet
facet normal -0.7604607295796435 -0.6493839224735983 0
outer loop
vertex 88.86021525531562 -187.32116271523483 3.5
vertex 88.5544850214404 -186.9631374721372 3.5
vertex 88.55448502144041 -186.96313747213722 0
endloop
endfacet
facet normal -0.7604607295796435 -0.6493839224735983 0
outer loop
vertex 88.86021525531562 -187.32116271523483 3.5
vertex 88.55448502144041 -186.96313747213722 0
vertex 88.86021525531557 -187.32116271523478 0
endloop
endfacet
facet normal -0.6495005098798293 -0.7603611560737711 0
outer loop
vertex 89.21819361916316 -187.62694783851165 3.5
vertex 88.86021525531562 -187.32116271523483 3.5
vertex 88.86021525531557 -187.32116271523478 0
endloop
endfacet
facet normal -0.6495005098798293 -0.7603611560737711 0
outer loop
vertex 89.21819361916316 -187.62694783851165 3.5
vertex 88.86021525531557 -187.32116271523478 0
vertex 89.21819361916319 -187.62694783851165 0
endloop
endfacet
facet normal -0.5225443158042266 -0.8526121263626812 0
outer loop
vertex 89.61960378005026 -187.87296193025634 3.5
vertex 89.21819361916316 -187.62694783851165 3.5
vertex 89.21819361916319 -187.62694783851165 0
endloop
endfacet
facet normal -0.5225443158042266 -0.8526121263626812 0
outer loop
vertex 89.61960378005026 -187.87296193025634 3.5
vertex 89.21819361916319 -187.62694783851165 0
vertex 89.6196037800502 -187.87296193025628 0
endloop
endfacet
facet normal -0.38271883932074635 -0.9238648656751597 0
outer loop
vertex 90.0545597616767 -188.05314612669943 3.5
vertex 89.61960378005026 -187.87296193025634 3.5
vertex 89.6196037800502 -187.87296193025628 0
endloop
endfacet
facet normal -0.38271883932074635 -0.9238648656751597 0
outer loop
vertex 90.0545597616767 -188.05314612669943 3.5
vertex 89.6196037800502 -187.87296193025628 0
vertex 90.05455976167684 -188.05314612669946 0
endloop
endfacet
facet normal -0.2334677185862971 -0.9723645532299652 0
outer loop
vertex 90.512349417353 -188.16306283041732 3.5
vertex 90.0545597616767 -188.05314612669943 3.5
vertex 90.05455976167684 -188.05314612669946 0
endloop
endfacet
facet normal -0.2334677185862971 -0.9723645532299652 0
outer loop
vertex 90.512349417353 -188.16306283041732 3.5
vertex 90.05455976167684 -188.05314612669946 0
vertex 90.5123494173532 -188.16306283041735 0
endloop
endfacet
facet normal -0.07845646351961476 -0.996917540888912 0
outer loop
vertex 90.98169650000008 -188.2 3.5
vertex 90.512349417353 -188.16306283041732 3.5
vertex 90.5123494173532 -188.16306283041735 0
endloop
endfacet
facet normal -0.07845646351961476 -0.996917540888912 0
outer loop
vertex 90.98169650000008 -188.2 3.5
vertex 90.5123494173532 -188.16306283041735 0
vertex 90.98169650000003 -188.20000002386385 0
endloop
endfacet
facet normal -5.424112714536023e-9 -1 0
outer loop
vertex 238.47012044999963 -188.2 3.5
vertex 90.98169650000008 -188.2 3.5
vertex 90.98169650000003 -188.20000002386385 0
endloop
endfacet
facet normal -5.424112714536023e-9 -1 0
outer loop
vertex 238.47012044999963 -188.2 3.5
vertex 90.98169650000003 -188.20000002386385 0
vertex 238.4701204499999 -188.20000002386385 0
endloop
endfacet
facet normal 0.08671506852135726 -0.9962331538808253 0
outer loop
vertex 238.98844243573802 -188.15488452743435 3.5
vertex 238.47012044999963 -188.2 3.5
vertex 238.4701204499999 -188.20000002386385 0
endloop
endfacet
facet normal 0.08671506852135726 -0.9962331538808253 0
outer loop
vertex 238.98844243573802 -188.15488452743435 3.5
vertex 238.4701204499999 -188.20000002386385 0
vertex 238.98844243573797 -188.15488452743438 0
endloop
endfacet
facet normal 0.25753420695519935 -0.9662691820853837 0
outer loop
vertex 239.49117471207762 -188.02089416481255 3.5
vertex 238.98844243573802 -188.15488452743435 3.5
vertex 238.98844243573797 -188.15488452743438 0
endloop
endfacet
facet normal 0.25753420695519935 -0.9662691820853837 0
outer loop
vertex 239.49117471207762 -188.02089416481255 3.5
vertex 238.98844243573797 -188.15488452743438 0
vertex 239.4911747120779 -188.0208941648125 0
endloop
endfacet
facet normal 0.4206074844981349 -0.9072427150350402 0
outer loop
vertex 239.96319659146556 -187.80205974263723 3.5
vertex 239.49117471207762 -188.02089416481255 3.5
vertex 239.4911747120779 -188.0208941648125 0
endloop
endfacet
facet normal 0.4206074844981349 -0.9072427150350402 0
outer loop
vertex 239.96319659146556 -187.80205974263723 3.5
vertex 239.4911747120779 -188.0208941648125 0
vertex 239.96319659146533 -187.8020597426374 0
endloop
endfacet
facet normal 0.5710301433014693 -0.8209290928217268 0
outer loop
vertex 240.3903110634984 -187.5049631476893 3.5
vertex 239.96319659146556 -187.80205974263723 3.5
vertex 239.96319659146533 -187.8020597426374 0
endloop
endfacet
facet normal 0.5710301433014693 -0.8209290928217268 0
outer loop
vertex 240.3903110634984 -187.5049631476893 3.5
vertex 239.96319659146533 -187.8020597426374 0
vertex 240.39031106349842 -187.5049631476893 0
endloop
endfacet
facet normal 0.7042779183997435 -0.7099243717851389 0
outer loop
vertex 240.75967179865745 -187.1385401595021 3.5
vertex 240.3903110634984 -187.5049631476893 3.5
vertex 240.39031106349842 -187.5049631476893 0
endloop
endfacet
facet normal 0.7042779183997435 -0.7099243717851389 0
outer loop
vertex 240.75967179865745 -187.1385401595021 3.5
vertex 240.39031106349842 -187.5049631476893 0
vertex 240.75967179865728 -187.1385401595023 0
endloop
endfacet
facet normal 0.8163431141080076 -0.577567242880377 0
outer loop
vertex 241.06016952758804 -186.71381168876297 3.5
vertex 240.75967179865745 -187.1385401595021 3.5
vertex 240.75967179865728 -187.1385401595023 0
endloop
endfacet
facet normal 0.8163431141080076 -0.577567242880377 0
outer loop
vertex 241.06016952758804 -186.71381168876297 3.5
vertex 240.75967179865728 -187.1385401595023 0
vertex 241.06016952758822 -186.71381168876266 0
endloop
endfacet
facet normal 0.9038551435558094 -0.42783861381098764 0
outer loop
vertex 241.28276617479088 -186.24355230118596 3.5
vertex 241.06016952758804 -186.71381168876297 3.5
vertex 241.06016952758822 -186.71381168876266 0
endloop
endfacet
facet normal 0.9038551435558094 -0.42783861381098764 0
outer loop
vertex 241.28276617479088 -186.24355230118596 3.5
vertex 241.06016952758822 -186.71381168876266 0
vertex 241.28276617479068 -186.24355230118638 0
endloop
endfacet
facet normal 0.9641819058877941 -0.2652418751980564 0
outer loop
vertex 241.42076669697573 -185.74190599667853 3.5
vertex 241.28276617479088 -186.24355230118596 3.5
vertex 241.28276617479068 -186.24355230118638 0
endloop
endfacet
facet normal 0.9641819058877941 -0.2652418751980564 0
outer loop
vertex 241.42076669697573 -185.74190599667853 3.5
vertex 241.28276617479068 -186.24355230118638 0
vertex 241.42076669697576 -185.74190599667816 0
endloop
endfacet
facet normal 0.9955088567155528 -0.09466845409582447 0
outer loop
vertex 241.47002089999998 -185.22396160000045 3.5
vertex 241.42076669697573 -185.74190599667853 3.5
vertex 241.42076669697576 -185.74190599667816 0
endloop
endfacet
facet normal 0.9955088567155528 -0.09466845409582447 0
outer loop
vertex 241.47002089999998 -185.22396160000045 3.5
vertex 241.42076669697576 -185.74190599667816 0
vertex 241.4700209 -185.2239616 0
endloop
endfacet
facet normal 0 0 1
outer loop
vertex 241.9180144 -129.13652659999963 3.5
vertex 241.9023313273007 -131.1 3.5
vertex 241.7905075471617 -145.1 3.5
endloop
endfacet
facet normal 0 0 1
outer loop
vertex 241.9180144 -129.13652659999963 3.5
vertex 241.7905075471617 -145.1 3.5
vertex 241.75017111218298 -150.15 3.5
endloop
endfacet
facet normal 0 0 1
outer loop
vertex 241.9180144 -129.13652659999963 3.5
vertex 241.75017111218298 -150.15 3.5
vertex 241.638347332044 -164.15 3.5
endloop
endfacet
facet normal 0 0 1
outer loop
vertex 241.9180144 -129.13652659999963 3.5
vertex 241.638347332044 -164.15 3.5
vertex 241.6004071209254 -168.9 3.5
endloop
endfacet
facet normal 0 0 1
outer loop
vertex 241.9180144 -129.13652659999963 3.5
vertex 241.6004071209254 -168.9 3.5
vertex 241.600238297437 -168.92113619155643 3.5
endloop
endfacet
facet normal 0 0 1
outer loop
vertex 241.9180144 -129.13652659999963 3.5
vertex 241.600238297437 -168.92113619155643 3.5
vertex 241.59973831476378 -168.98373251423763 3.5
endloop
endfacet
facet normal 0 0 1
outer loop
vertex 241.9180144 -129.13652659999963 3.5
vertex 241.59973831476378 -168.98373251423763 3.5
vertex 241.5989263869595 -169.08538342646716 3.5
endloop
endfacet
facet normal 0 0 1
outer loop
vertex 241.9180144 -129.13652659999963 3.5
vertex 241.5989263869595 -169.08538342646716 3.5
vertex 241.5978337159543 -169.2221825406948 3.5
endloop
endfacet
facet normal 0 0 1
outer loop
vertex 241.9180144 -129.13652659999963 3.5
vertex 241.5978337159543 -169.2221825406948 3.5
vertex 241.59650229248217 -169.38887274367843 3.5
endloop
endfacet
facet normal 0 0 1
outer loop
vertex 241.9180144 -129.13652659999963 3.5
vertex 241.59650229248217 -169.38887274367843 3.5
vertex 241.59498328240048 -169.57904822439846 3.5
endloop
endfacet
facet normal 0 0 1
outer loop
vertex 241.9180144 -129.13652659999963 3.5
vertex 241.59498328240048 -169.57904822439846 3.5
vertex 241.59333506041474 -169.78540064578212 3.5
endloop
endfacet
facet normal 0 0 1
outer loop
vertex 241.9180144 -129.13652659999963 3.5
vertex 241.59333506041474 -169.78540064578212 3.5
vertex 241.59162096677161 -170.0000000000001 3.5
endloop
endfacet
facet normal 0 0 1
outer loop
vertex 241.9180144 -129.13652659999963 3.5
vertex 241.59162096677161 -170.0000000000001 3.5
vertex 241.58990687312846 -170.21459935421763 3.5
endloop
endfacet
facet normal 0 0 1
outer loop
vertex 241.9180144 -129.13652659999963 3.5
vertex 241.58990687312846 -170.21459935421763 3.5
vertex 241.58825865114275 -170.42095177560157 3.5
endloop
endfacet
facet normal 0 0 1
outer loop
vertex 241.9180144 -129.13652659999963 3.5
vertex 241.58825865114275 -170.42095177560157 3.5
vertex 241.58673964106106 -170.61112725632168 3.5
endloop
endfacet
facet normal 0 0 1
outer loop
vertex 241.9180144 -129.13652659999963 3.5
vertex 241.58673964106106 -170.61112725632168 3.5
vertex 241.58540821758893 -170.77781745930517 3.5
endloop
endfacet
facet normal 0 0 1
outer loop
vertex 241.9180144 -129.13652659999963 3.5
vertex 241.58540821758893 -170.77781745930517 3.5
vertex 241.58431554658375 -170.91461657353275 3.5
endloop
endfacet
facet normal 0 0 1
outer loop
vertex 241.9180144 -129.13652659999963 3.5
vertex 241.58431554658375 -170.91461657353275 3.5
vertex 241.58350361877945 -171.01626748576248 3.5
endloop
endfacet
facet normal 0 0 1
outer loop
vertex 241.9180144 -129.13652659999963 3.5
vertex 241.58350361877945 -171.01626748576248 3.5
vertex 241.58300363610624 -171.07886380844354 3.5
endloop
endfacet
facet normal 0 0 1
outer loop
vertex 241.9180144 -129.13652659999963 3.5
vertex 241.58300363610624 -171.07886380844354 3.5
vertex 241.58283481261785 -171.1 3.5
endloop
endfacet
facet normal 0 0 1
outer loop
vertex 241.9180144 -129.13652659999963 3.5
vertex 241.58283481261785 -171.1 3.5
vertex 241.4861871169263 -183.2 3.5
endloop
endfacet
facet normal 0 0 1
outer loop
vertex 241.9180144 -129.13652659999963 3.5
vertex 241.4861871169263 -183.2 3.5
vertex 241.47002089999998 -185.22396160000045 3.5
endloop
endfacet
facet normal 0 0 1
outer loop
vertex 241.9180144 -129.13652659999963 3.5
vertex 241.47002089999998 -185.22396160000045 3.5
vertex 241.4700209 -185.2239616 0
endloop
endfacet
facet normal 0 0 1
outer loop
vertex 241.9180144 -129.13652659999963 3.5
vertex 241.4700209 -185.2239616 0
vertex 241.48618711692632 -183.2 0
endloop
endfacet
facet normal 0 0 1
outer loop
vertex 241.9180144 -129.13652659999963 3.5
vertex 241.48618711692632 -183.2 0
vertex 241.58283481261788 -171.1 0
endloop
endfacet
facet normal 0 0 1
outer loop
vertex 241.9180144 -129.13652659999963 3.5
vertex 241.58283481261788 -171.1 0
vertex 241.58300363610627 -171.07886380844357 0
endloop
endfacet
facet normal 0 0 1
outer loop
vertex 241.9180144 -129.13652659999963 3.5
vertex 241.58300363610627 -171.07886380844357 0
vertex 241.58350361877947 -171.01626748576248 0
endloop
endfacet
facet normal 0 0 1
outer loop
vertex 241.9180144 -129.13652659999963 3.5
vertex 241.58350361877947 -171.01626748576248 0
vertex 241.58431554658378 -170.91461657353275 0
endloop
endfacet
facet normal 0 0 1
outer loop
vertex 241.9180144 -129.13652659999963 3.5
vertex 241.58431554658378 -170.91461657353275 0
vertex 241.58540821758896 -170.7778174593051 0
endloop
endfacet
facet normal 0 0 1
outer loop
vertex 241.9180144 -129.13652659999963 3.5
vertex 241.58540821758896 -170.7778174593051 0
vertex 241.5867396410611 -170.61112725632174 0
endloop
endfacet
facet normal 0 0 1
outer loop
vertex 241.9180144 -129.13652659999963 3.5
vertex 241.5867396410611 -170.61112725632174 0
vertex 241.58825865114278 -170.42095177560157 0
endloop
endfacet
facet normal 0 0 1
outer loop
vertex 241.9180144 -129.13652659999963 3.5
vertex 241.58825865114278 -170.42095177560157 0
vertex 241.58990687312848 -170.21459935421765 0
endloop
endfacet
facet normal 0 0 1
outer loop
vertex 241.9180144 -129.13652659999963 3.5
vertex 241.58990687312848 -170.21459935421765 0
vertex 241.59162096677164 -169.99999999999997 0
endloop
endfacet
facet normal 0 0 1
outer loop
vertex 241.9180144 -129.13652659999963 3.5
vertex 241.59162096677164 -169.99999999999997 0
vertex 241.59333506041477 -169.78540064578223 0
endloop
endfacet
facet normal 0 0 1
outer loop
vertex 241.9180144 -129.13652659999963 3.5
vertex 241.59333506041477 -169.78540064578223 0
vertex 241.5949832824005 -169.57904822439838 0
endloop
endfacet
facet normal 0 0 1
outer loop
vertex 241.9180144 -129.13652659999963 3.5
vertex 241.5949832824005 -169.57904822439838 0
vertex 241.5965022924822 -169.38887274367832 0
endloop
endfacet
facet normal 0 0 1
outer loop
vertex 241.9180144 -129.13652659999963 3.5
vertex 241.5965022924822 -169.38887274367832 0
vertex 241.59783371595432 -169.22218254069486 0
endloop
endfacet
facet normal 0 0 1
outer loop
vertex 241.9180144 -129.13652659999963 3.5
vertex 241.59783371595432 -169.22218254069486 0
vertex 241.59892638695953 -169.08538342646716 0
endloop
endfacet
facet normal 0 0 1
outer loop
vertex 241.9180144 -129.13652659999963 3.5
vertex 241.59892638695953 -169.08538342646716 0
vertex 241.5997383147638 -168.9837325142376 0
endloop
endfacet
facet normal 0 0 1
outer loop
vertex 241.9180144 -129.13652659999963 3.5
vertex 241.5997383147638 -168.9837325142376 0
vertex 241.60023829743702 -168.92113619155643 0
endloop
endfacet
facet normal 0 0 1
outer loop
vertex 241.9180144 -129.13652659999963 3.5
vertex 241.60023829743702 -168.92113619155643 0
vertex 241.60040712092544 -168.89999999999998 0
endloop
endfacet
facet normal 0 0 1
outer loop
vertex 241.9180144 -129.13652659999963 3.5
vertex 241.60040712092544 -168.89999999999998 0
vertex 241.638347332044 -164.15 0
endloop
endfacet
facet normal 0 0 1
outer loop
vertex 241.9180144 -129.13652659999963 3.5
vertex 241.638347332044 -164.15 0
vertex 241.75017111218298 -150.15 0
endloop
endfacet
facet normal 0 0 1
outer loop
vertex 241.9180144 -129.13652659999963 3.5
vertex 241.75017111218298 -150.15 0
vertex 241.7905075471617 -145.1 0
endloop
endfacet
facet normal 0 0 1
outer loop
vertex 241.9180144 -129.13652659999963 3.5
vertex 241.7905075471617 -145.1 0
vertex 241.9023313273007 -131.1 0
endloop
endfacet
facet normal 0 0 1
outer loop
vertex 241.9180144 -129.13652659999963 3.5
vertex 241.9023313273007 -131.1 0
vertex 241.9180144 -129.1365265999998 0
endloop
endfacet
facet normal 0.9985585336173073 0.05367359630258759 0
outer loop
vertex 241.8981633995768 -128.76721305965654 3.5
vertex 241.9180144 -129.13652659999963 3.5
vertex 241.9180144 -129.1365265999998 0
endloop
endfacet
facet normal 0.9985585336173073 0.05367359630258759 0
outer loop
vertex 241.8981633995768 -128.76721305965654 3.5
vertex 241.9180144 -129.1365265999998 0
vertex 241.8981633995768 -128.76721305965663 0
endloop
endfacet
facet normal 0.9843658176114133 0.17613613234715356 0
outer loop
vertex 241.8330200389929 -128.40314864795067 3.5
vertex 241.8981633995768 -128.76721305965654 3.5
vertex 241.8981633995768 -128.76721305965663 0
endloop
endfacet
facet normal 0.9843658176114133 0.17613613234715356 0
outer loop
vertex 241.8330200389929 -128.40314864795067 3.5
vertex 241.8981633995768 -128.76721305965663 0
vertex 241.83302003899288 -128.40314864795067 0
endloop
endfacet
facet normal 0.9552163796586918 0.2959082087941163 0
outer loop
vertex 241.72357880000033 -128.04986320000086 3.5
vertex 241.8330200389929 -128.40314864795067 3.5
vertex 241.83302003899288 -128.40314864795067 0
endloop
endfacet
facet normal 0.9552163796586918 0.2959082087941163 0
outer loop
vertex 241.72357880000033 -128.04986320000086 3.5
vertex 241.83302003899288 -128.40314864795067 0
vertex 241.7235788000001 -128.04986320000026 0
endloop
endfacet
facet normal 0 0 -1
outer loop
vertex 216.9174208000002 -62.56347550000061 3.5
vertex 218.31387145836894 -66.25 3.5
vertex 219.42659261591416 -69.1875 3.5
endloop
endfacet
facet normal 0 0 -1
outer loop
vertex 216.9174208000002 -62.56347550000061 3.5
vertex 219.42659261591416 -69.1875 3.5
vertex 224.72977430293827 -83.1875 3.5
endloop
endfacet
facet normal 0 0 -1
outer loop
vertex 216.9174208000002 -62.56347550000061 3.5
vertex 224.72977430293827 -83.1875 3.5
vertex 226.1739443159225 -87 3.5
endloop
endfacet
facet normal 0 0 -1
outer loop
vertex 216.9174208000002 -62.56347550000061 3.5
vertex 226.1739443159225 -87 3.5
vertex 226.18195067763648 -87.02113619155644 3.5
endloop
endfacet
facet normal 0 0 -1
outer loop
vertex 216.9174208000002 -62.56347550000061 3.5
vertex 226.18195067763648 -87.02113619155644 3.5
vertex 226.20566208278774 -87.08373251423758 3.5
endloop
endfacet
facet normal 0 0 -1
outer loop
vertex 216.9174208000002 -62.56347550000061 3.5
vertex 226.20566208278774 -87.08373251423758 3.5
vertex 226.24416731537386 -87.18538342646718 3.5
endloop
endfacet
facet normal 0 0 -1
outer loop
vertex 216.9174208000002 -62.56347550000061 3.5
vertex 226.24416731537386 -87.18538342646718 3.5
vertex 226.2959866409005 -87.32218254069483 3.5
endloop
endfacet
facet normal 0 0 -1
outer loop
vertex 216.9174208000002 -62.56347550000061 3.5
vertex 226.2959866409005 -87.32218254069483 3.5
vertex 226.35912867174827 -87.48887274367839 3.5
endloop
endfacet
facet normal 0 0 -1
outer loop
vertex 216.9174208000002 -62.56347550000061 3.5
vertex 226.35912867174827 -87.48887274367839 3.5
vertex 226.43116689508224 -87.67904822439841 3.5
endloop
endfacet
facet normal 0 0 -1
outer loop
vertex 216.9174208000002 -62.56347550000061 3.5
vertex 226.43116689508224 -87.67904822439841 3.5
vertex 226.5093329223791 -87.88540064578227 3.5
endloop
endfacet
facet normal 0 0 -1
outer loop
vertex 216.9174208000002 -62.56347550000061 3.5
vertex 226.5093329223791 -87.88540064578227 3.5
vertex 226.59062287704586 -88.10000000000004 3.5
endloop
endfacet
facet normal 0 0 -1
outer loop
vertex 216.9174208000002 -62.56347550000061 3.5
vertex 226.59062287704586 -88.10000000000004 3.5
vertex 226.67191283171258 -88.31459935421765 3.5
endloop
endfacet
facet normal 0 0 -1
outer loop
vertex 216.9174208000002 -62.56347550000061 3.5
vertex 226.67191283171258 -88.31459935421765 3.5
vertex 226.75007885900945 -88.52095177560157 3.5
endloop
endfacet
facet normal 0 0 -1
outer loop
vertex 216.9174208000002 -62.56347550000061 3.5
vertex 226.75007885900945 -88.52095177560157 3.5
vertex 226.8221170823434 -88.71112725632153 3.5
endloop
endfacet
facet normal 0 0 -1
outer loop
vertex 216.9174208000002 -62.56347550000061 3.5
vertex 226.8221170823434 -88.71112725632153 3.5
vertex 226.8852591131912 -88.87781745930522 3.5
endloop
endfacet
facet normal 0 0 -1
outer loop
vertex 216.9174208000002 -62.56347550000061 3.5
vertex 226.8852591131912 -88.87781745930522 3.5
vertex 226.93707843871783 -89.01461657353282 3.5
endloop
endfacet
facet normal 0 0 -1
outer loop
vertex 216.9174208000002 -62.56347550000061 3.5
vertex 226.93707843871783 -89.01461657353282 3.5
vertex 226.97558367130392 -89.11626748576238 3.5
endloop
endfacet
facet normal 0 0 -1
outer loop
vertex 216.9174208000002 -62.56347550000061 3.5
vertex 226.97558367130392 -89.11626748576238 3.5
vertex 226.99929507645518 -89.17886380844355 3.5
endloop
endfacet
facet normal 0 0 -1
outer loop
vertex 216.9174208000002 -62.56347550000061 3.5
vertex 226.99929507645518 -89.17886380844355 3.5
vertex 227.00730143816915 -89.19999999999999 3.5
endloop
endfacet
facet normal 0 0 -1
outer loop
vertex 216.9174208000002 -62.56347550000061 3.5
vertex 227.00730143816915 -89.19999999999999 3.5
vertex 228.44673646750428 -93 3.5
endloop
endfacet
facet normal 0 0 -1
outer loop
vertex 216.9174208000002 -62.56347550000061 3.5
vertex 228.44673646750428 -93 3.5
vertex 233.7499181545284 -107 3.5
endloop
endfacet
facet normal 0 0 -1
outer loop
vertex 216.9174208000002 -62.56347550000061 3.5
vertex 233.7499181545284 -107 3.5
vertex 235.66285154877636 -112.05 3.5
endloop
endfacet
facet normal 0 0 -1
outer loop
vertex 216.9174208000002 -62.56347550000061 3.5
vertex 235.66285154877636 -112.05 3.5
vertex 240.96603323580047 -126.05 3.5
endloop
endfacet
facet normal 0 0 -1
outer loop
vertex 216.9174208000002 -62.56347550000061 3.5
vertex 240.96603323580047 -126.05 3.5
vertex 241.72357880000033 -128.04986320000086 3.5
endloop
endfacet
facet normal 0 0 -1
outer loop
vertex 216.9174208000002 -62.56347550000061 3.5
vertex 241.72357880000033 -128.04986320000086 3.5
vertex 241.7235788000001 -128.04986320000026 0
endloop
endfacet
facet normal 0 0 -1
outer loop
vertex 216.9174208000002 -62.56347550000061 3.5
vertex 241.7235788000001 -128.04986320000026 0
vertex 240.96603323580047 -126.05 0
endloop
endfacet
facet normal 0 0 -1
outer loop
vertex 216.9174208000002 -62.56347550000061 3.5
vertex 240.96603323580047 -126.05 0
vertex 235.66285154877636 -112.05 0
endloop
endfacet
facet normal 0 0 -1
outer loop
vertex 216.9174208000002 -62.56347550000061 3.5
vertex 235.66285154877636 -112.05 0
vertex 233.7499181545284 -107 0
endloop
endfacet
facet normal 0 0 -1
outer loop
vertex 216.9174208000002 -62.56347550000061 3.5
vertex 233.7499181545284 -107 0
vertex 228.44673646750428 -93 0
endloop
endfacet
facet normal 0 0 -1
outer loop
vertex 216.9174208000002 -62.56347550000061 3.5
vertex 228.44673646750428 -93 0
vertex 227.00730143816915 -89.19999999999999 0
endloop
endfacet
facet normal 0 0 -1
outer loop
vertex 216.9174208000002 -62.56347550000061 3.5
vertex 227.00730143816915 -89.19999999999999 0
vertex 226.99929507645518 -89.17886380844355 0
endloop
endfacet
facet normal 0 0 -1
outer loop
vertex 216.9174208000002 -62.56347550000061 3.5
vertex 226.99929507645518 -89.17886380844355 0
vertex 226.97558367130392 -89.11626748576239 0
endloop
endfacet
facet normal 0 0 -1
outer loop
vertex 216.9174208000002 -62.56347550000061 3.5
vertex 226.97558367130392 -89.11626748576239 0
vertex 226.93707843871783 -89.01461657353283 0
endloop
endfacet
facet normal 0 0 -1
outer loop
vertex 216.9174208000002 -62.56347550000061 3.5
vertex 226.93707843871783 -89.01461657353283 0
vertex 226.88525911319118 -88.87781745930516 0
endloop
endfacet
facet normal 0 0 -1
outer loop
vertex 216.9174208000002 -62.56347550000061 3.5
vertex 226.88525911319118 -88.87781745930516 0
vertex 226.82211708234342 -88.71112725632165 0
endloop
endfacet
facet normal 0 0 -1
outer loop
vertex 216.9174208000002 -62.56347550000061 3.5
vertex 226.82211708234342 -88.71112725632165 0
vertex 226.75007885900945 -88.52095177560159 0
endloop
endfacet
facet normal 0 0 -1
outer loop
vertex 216.9174208000002 -62.56347550000061 3.5
vertex 226.75007885900945 -88.52095177560159 0
vertex 226.67191283171255 -88.31459935421759 0
endloop
endfacet
facet normal 0 0 -1
outer loop
vertex 216.9174208000002 -62.56347550000061 3.5
vertex 226.67191283171255 -88.31459935421759 0
vertex 226.59062287704586 -88.10000000000004 0
endloop
endfacet
facet normal 0 0 -1
outer loop
vertex 216.9174208000002 -62.56347550000061 3.5
vertex 226.59062287704586 -88.10000000000004 0
vertex 226.5093329223791 -87.88540064578225 0
endloop
endfacet
facet normal 0 0 -1
outer loop
vertex 216.9174208000002 -62.56347550000061 3.5
vertex 226.5093329223791 -87.88540064578225 0
vertex 226.4311668950822 -87.67904822439836 0
endloop
endfacet
facet normal 0 0 -1
outer loop
vertex 216.9174208000002 -62.56347550000061 3.5
vertex 226.4311668950822 -87.67904822439836 0
vertex 226.3591286717483 -87.48887274367848 0
endloop
endfacet
facet normal 0 0 -1
outer loop
vertex 216.9174208000002 -62.56347550000061 3.5
vertex 226.3591286717483 -87.48887274367848 0
vertex 226.2959866409005 -87.32218254069484 0
endloop
endfacet
facet normal 0 0 -1
outer loop
vertex 216.9174208000002 -62.56347550000061 3.5
vertex 226.2959866409005 -87.32218254069484 0
vertex 226.24416731537383 -87.18538342646713 0
endloop
endfacet
facet normal 0 0 -1
outer loop
vertex 216.9174208000002 -62.56347550000061 3.5
vertex 226.24416731537383 -87.18538342646713 0
vertex 226.20566208278777 -87.08373251423761 0
endloop
endfacet
facet normal 0 0 -1
outer loop
vertex 216.9174208000002 -62.56347550000061 3.5
vertex 226.20566208278777 -87.08373251423761 0
vertex 226.18195067763648 -87.02113619155644 0
endloop
endfacet
facet normal 0 0 -1
outer loop
vertex 216.9174208000002 -62.56347550000061 3.5
vertex 226.18195067763648 -87.02113619155644 0
vertex 226.1739443159225 -87 0
endloop
endfacet
facet normal 0 0 -1
outer loop
vertex 216.9174208000002 -62.56347550000061 3.5
vertex 226.1739443159225 -87 0
vertex 224.72977430293827 -83.1875 0
endloop
endfacet
facet normal 0 0 -1
outer loop
vertex 216.9174208000002 -62.56347550000061 3.5
vertex 224.72977430293827 -83.1875 0
vertex 219.42659261591416 -69.1875 0
endloop
endfacet
facet normal 0 0 -1
outer loop
vertex 216.9174208000002 -62.56347550000061 3.5
vertex 219.42659261591416 -69.1875 0
vertex 218.31387145836894 -66.25 0
endloop
endfacet
facet normal 0 0 -1
outer loop
vertex 216.9174208000002 -62.56347550000061 3.5
vertex 218.31387145836894 -66.25 0
vertex 216.91742080000012 -62.56347550000041 0
endloop
endfacet
facet normal 0 0 -1
outer loop
vertex 216.834218049164 -62.310449807347716 3.5
vertex 216.8965480729843 -62.5 3.5
vertex 216.9174208000002 -62.56347550000061 3.5
endloop
endfacet
facet normal 0 0 -1
outer loop
vertex 216.834218049164 -62.310449807347716 3.5
vertex 216.9174208000002 -62.56347550000061 3.5
vertex 216.91742080000012 -62.56347550000041 0
endloop
endfacet
facet normal 0 0 -1
outer loop
vertex 216.834218049164 -62.310449807347716 3.5
vertex 216.91742080000012 -62.56347550000041 0
vertex 216.89654807298427 -62.5 0
endloop
endfacet
facet normal 0 0 -1
outer loop
vertex 216.834218049164 -62.310449807347716 3.5
vertex 216.89654807298427 -62.5 0
vertex 216.83421804916412 -62.310449807348164 0
endloop
endfacet
facet normal 0.9739213005631425 0.2268860954518746 0
outer loop
vertex 216.77378592550437 -62.05104152429195 3.5
vertex 216.834218049164 -62.310449807347716 3.5
vertex 216.83421804916412 -62.310449807348164 0
endloop
endfacet
facet normal 0.9739213005631425 0.2268860954518746 0
outer loop
vertex 216.77378592550437 -62.05104152429195 3.5
vertex 216.83421804916412 -62.310449807348164 0
vertex 216.77378592550437 -62.051041524291975 0
endloop
endfacet
facet normal 0.9902076413688556 0.13960238885752585 0
outer loop
vertex 216.73660160000006 -61.7872910000005 3.5
vertex 216.77378592550437 -62.05104152429195 3.5
vertex 216.77378592550437 -62.051041524291975 0
endloop
endfacet
facet normal 0.9902076413688556 0.13960238885752585 0
outer loop
vertex 216.73660160000006 -61.7872910000005 3.5
vertex 216.77378592550437 -62.051041524291975 0
vertex 216.73660160000003 -61.78729100000032 0
endloop
endfacet
facet normal 0 0 1
outer loop
vertex 215.26034550000003 -46.40098000000009 3.5
vertex 215.2774304466441 -46.57904822439848 3.5
vertex 215.29722915088306 -46.78540064578212 3.5
endloop
endfacet
facet normal 0 0 1
outer loop
vertex 215.26034550000003 -46.40098000000009 3.5
vertex 215.29722915088306 -46.78540064578212 3.5
vertex 215.31781911593188 -47.000000000000114 3.5
endloop
endfacet
facet normal 0 0 1
outer loop
vertex 215.26034550000003 -46.40098000000009 3.5
vertex 215.31781911593188 -47.000000000000114 3.5
vertex 215.33840908098065 -47.21459935421751 3.5
endloop
endfacet
facet normal 0 0 1
outer loop
vertex 215.26034550000003 -46.40098000000009 3.5
vertex 215.33840908098065 -47.21459935421751 3.5
vertex 215.35820778521963 -47.42095177560165 3.5
endloop
endfacet
facet normal 0 0 1
outer loop
vertex 215.26034550000003 -46.40098000000009 3.5
vertex 215.35820778521963 -47.42095177560165 3.5
vertex 215.3764543755481 -47.61112725632148 3.5
endloop
endfacet
facet normal 0 0 1
outer loop
vertex 215.26034550000003 -46.40098000000009 3.5
vertex 215.3764543755481 -47.61112725632148 3.5
vertex 215.39244764573255 -47.7778174593053 3.5
endloop
endfacet
facet normal 0 0 1
outer loop
vertex 215.26034550000003 -46.40098000000009 3.5
vertex 215.39244764573255 -47.7778174593053 3.5
vertex 215.4055729833689 -47.914616573532754 3.5
endloop
endfacet
facet normal 0 0 1
outer loop
vertex 215.26034550000003 -46.40098000000009 3.5
vertex 215.4055729833689 -47.914616573532754 3.5
vertex 215.4153259890926 -48.01626748576243 3.5
endloop
endfacet
facet normal 0 0 1
outer loop
vertex 215.26034550000003 -46.40098000000009 3.5
vertex 215.4153259890926 -48.01626748576243 3.5
vertex 215.4213318603632 -48.07886380844354 3.5
endloop
endfacet
facet normal 0 0 1
outer loop
vertex 215.26034550000003 -46.40098000000009 3.5
vertex 215.4213318603632 -48.07886380844354 3.5
vertex 215.42335979491594 -48.10000000000001 3.5
endloop
endfacet
facet normal 0 0 1
outer loop
vertex 215.26034550000003 -46.40098000000009 3.5
vertex 215.42335979491594 -48.10000000000001 3.5
vertex 215.9414685826559 -53.5 3.5
endloop
endfacet
facet normal 0 0 1
outer loop
vertex 215.26034550000003 -46.40098000000009 3.5
vertex 215.9414685826559 -53.5 3.5
vertex 216.73660160000006 -61.7872910000005 3.5
endloop
endfacet
facet normal 0 0 1
outer loop
vertex 215.26034550000003 -46.40098000000009 3.5
vertex 216.73660160000006 -61.7872910000005 3.5
vertex 216.73660160000003 -61.78729100000032 0
endloop
endfacet
facet normal 0 0 1
outer loop
vertex 215.26034550000003 -46.40098000000009 3.5
vertex 216.73660160000003 -61.78729100000032 0
vertex 215.94146858265586 -53.5 0
endloop
endfacet
facet normal 0 0 1
outer loop
vertex 215.26034550000003 -46.40098000000009 3.5
vertex 215.94146858265586 -53.5 0
vertex 215.4233597949159 -48.099999999999994 0
endloop
endfacet
facet normal 0 0 1
outer loop
vertex 215.26034550000003 -46.40098000000009 3.5
vertex 215.4233597949159 -48.099999999999994 0
vertex 215.42133186036318 -48.07886380844356 0
endloop
endfacet
facet normal 0 0 1
outer loop
vertex 215.26034550000003 -46.40098000000009 3.5
vertex 215.42133186036318 -48.07886380844356 0
vertex 215.41532598909257 -48.01626748576241 0
endloop
endfacet
facet normal 0 0 1
outer loop
vertex 215.26034550000003 -46.40098000000009 3.5
vertex 215.41532598909257 -48.01626748576241 0
vertex 215.40557298336887 -47.91461657353281 0
endloop
endfacet
facet normal 0 0 1
outer loop
vertex 215.26034550000003 -46.40098000000009 3.5
vertex 215.40557298336887 -47.91461657353281 0
vertex 215.39244764573252 -47.777817459305254 0
endloop
endfacet
facet normal 0 0 1
outer loop
vertex 215.26034550000003 -46.40098000000009 3.5
vertex 215.39244764573252 -47.777817459305254 0
vertex 215.37645437554806 -47.611127256321424 0
endloop
endfacet
facet normal 0 0 1
outer loop
vertex 215.26034550000003 -46.40098000000009 3.5
vertex 215.37645437554806 -47.611127256321424 0
vertex 215.3582077852196 -47.420951775601566 0
endloop
endfacet
facet normal 0 0 1
outer loop
vertex 215.26034550000003 -46.40098000000009 3.5
vertex 215.3582077852196 -47.420951775601566 0
vertex 215.33840908098063 -47.214599354217626 0
endloop
endfacet
facet normal 0 0 1
outer loop
vertex 215.26034550000003 -46.40098000000009 3.5
vertex 215.33840908098063 -47.214599354217626 0
vertex 215.31781911593185 -47.00000000000003 0
endloop
endfacet
facet normal 0 0 1
outer loop
vertex 215.26034550000003 -46.40098000000009 3.5
vertex 215.31781911593185 -47.00000000000003 0
vertex 215.29722915088303 -46.78540064578223 0
endloop
endfacet
facet normal 0 0 1
outer loop
vertex 215.26034550000003 -46.40098000000009 3.5
vertex 215.29722915088303 -46.78540064578223 0
vertex 215.27743044664408 -46.579048224398306 0
endloop
endfacet
facet normal 0 0 1
outer loop
vertex 215.26034550000003 -46.40098000000009 3.5
vertex 215.27743044664408 -46.579048224398306 0
vertex 215.2603455 -46.40098000000006 0
endloop
endfacet
facet normal 0 0 1
outer loop
vertex 215.17357036322508 -45.91754246699641 3.5
vertex 215.17421542265663 -45.92113619155646 3.5
vertex 215.18545121651093 -45.98373251423757 3.5
endloop
endfacet
facet normal 0 0 1
outer loop
vertex 215.17357036322508 -45.91754246699641 3.5
vertex 215.18545121651093 -45.98373251423757 3.5
vertex 215.2036971556651 -46.08538342646723 3.5
endloop
endfacet
facet normal 0 0 1
outer loop
vertex 215.17357036322508 -45.91754246699641 3.5
vertex 215.2036971556651 -46.08538342646723 3.5
vertex 215.22825205890987 -46.2221825406948 3.5
endloop
endfacet
facet normal 0 0 1
outer loop
vertex 215.17357036322508 -45.91754246699641 3.5
vertex 215.22825205890987 -46.2221825406948 3.5
vertex 215.25817229508402 -46.388872743678235 3.5
endloop
endfacet
facet normal 0 0 1
outer loop
vertex 215.17357036322508 -45.91754246699641 3.5
vertex 215.25817229508402 -46.388872743678235 3.5
vertex 215.26034550000003 -46.40098000000009 3.5
endloop
endfacet
facet normal 0 0 1
outer loop
vertex 215.17357036322508 -45.91754246699641 3.5
vertex 215.26034550000003 -46.40098000000009 3.5
vertex 215.2603455 -46.40098000000006 0
endloop
endfacet
facet normal 0 0 1
outer loop
vertex 215.17357036322508 -45.91754246699641 3.5
vertex 215.2603455 -46.40098000000006 0
vertex 215.25817229508405 -46.38887274367846 0
endloop
endfacet
facet normal 0 0 1
outer loop
vertex 215.17357036322508 -45.91754246699641 3.5
vertex 215.25817229508405 -46.38887274367846 0
vertex 215.22825205890982 -46.22218254069472 0
endloop
endfacet
facet normal 0 0 1
outer loop
vertex 215.17357036322508 -45.91754246699641 3.5
vertex 215.22825205890982 -46.22218254069472 0
vertex 215.20369715566508 -46.085383426467246 0
endloop
endfacet
facet normal 0 0 1
outer loop
vertex 215.17357036322508 -45.91754246699641 3.5
vertex 215.20369715566508 -46.085383426467246 0
vertex 215.18545121651093 -45.98373251423759 0
endloop
endfacet
facet normal 0 0 1
outer loop
vertex 215.17357036322508 -45.91754246699641 3.5
vertex 215.18545121651093 -45.98373251423759 0
vertex 215.1742154226566 -45.92113619155646 0
endloop
endfacet
facet normal 0 0 1
outer loop
vertex 215.17357036322508 -45.91754246699641 3.5
vertex 215.1742154226566 -45.92113619155646 0
vertex 215.17357036322502 -45.917542466996224 0
endloop
endfacet
facet normal 0 0 -1
outer loop
vertex 215.0090748675559 -45.45474336956431 3.5
vertex 215.11401972601095 -45.75 3.5
vertex 215.1673351375735 -45.900000000000006 3.5
endloop
endfacet
facet normal 0 0 -1
outer loop
vertex 215.0090748675559 -45.45474336956431 3.5
vertex 215.1673351375735 -45.900000000000006 3.5
vertex 215.17357036322508 -45.91754246699641 3.5
endloop
endfacet
facet normal 0 0 -1
outer loop
vertex 215.0090748675559 -45.45474336956431 3.5
vertex 215.17357036322508 -45.91754246699641 3.5
vertex 215.17357036322502 -45.917542466996224 0
endloop
endfacet
facet normal 0 0 -1
outer loop
vertex 215.0090748675559 -45.45474336956431 3.5
vertex 215.17357036322502 -45.917542466996224 0
vertex 215.1673351375735 -45.900000000000006 0
endloop
endfacet
facet normal 0 0 -1
outer loop
vertex 215.0090748675559 -45.45474336956431 3.5
vertex 215.1673351375735 -45.900000000000006 0
vertex 215.11401972601095 -45.75 0
endloop
endfacet
facet normal 0 0 -1
outer loop
vertex 215.0090748675559 -45.45474336956431 3.5
vertex 215.11401972601095 -45.75 0
vertex 215.0090748675559 -45.45474336956437 0
endloop
endfacet
facet normal 0.8749740762718994 0.4841697696595032 0
outer loop
vertex 214.77126825576767 -45.02498787155565 3.5
vertex 215.0090748675559 -45.45474336956431 3.5
vertex 215.0090748675559 -45.45474336956437 0
endloop
endfacet
facet normal 0.8749740762718994 0.4841697696595032 0
outer loop
vertex 214.77126825576767 -45.02498787155565 3.5
vertex 215.0090748675559 -45.45474336956437 0
vertex 214.77126825576758 -45.02498787155555 0
endloop
endfacet
facet normal 0.7842445656525519 0.62045182024428 0
outer loop
vertex 214.46652484881332 -44.63979541498705 3.5
vertex 214.77126825576767 -45.02498787155565 3.5
vertex 214.77126825576758 -45.02498787155555 0
endloop
endfacet
facet normal 0.7842445656525519 0.62045182024428 0
outer loop
vertex 214.46652484881332 -44.63979541498705 3.5
vertex 214.77126825576758 -45.02498787155555 0
vertex 214.4665248488135 -44.639795414987205 0
endloop
endfacet
facet normal 0.6724936606741493 0.7401028822758916 0
outer loop
vertex 214.10301318443882 -44.30949094553108 3.5
vertex 214.46652484881332 -44.63979541498705 3.5
vertex 214.4665248488135 -44.639795414987205 0
endloop
endfacet
facet normal 0.6724936606741493 0.7401028822758916 0
outer loop
vertex 214.10301318443882 -44.30949094553108 3.5
vertex 214.4665248488135 -44.639795414987205 0
vertex 214.1030131844388 -44.309490945531095 0
endloop
endfacet
facet normal 0.5427168042716652 0.8399157519425094 0
outer loop
vertex 213.69047706245502 -44.042928156046685 3.5
vertex 214.10301318443882 -44.30949094553108 3.5
vertex 214.1030131844388 -44.309490945531095 0
endloop
endfacet
facet normal 0.5427168042716652 0.8399157519425094 0
outer loop
vertex 213.69047706245502 -44.042928156046685 3.5
vertex 214.1030131844388 -44.309490945531095 0
vertex 213.69047706245493 -44.042928156046656 0
endloop
endfacet
facet normal 0.3983926185441926 0.9172149810646911 0
outer loop
vertex 213.23997436568013 -43.84725216651911 3.5
vertex 213.69047706245502 -44.042928156046685 3.5
vertex 213.69047706245493 -44.042928156046656 0
endloop
endfacet
facet normal 0.3983926185441926 0.9172149810646911 0
outer loop
vertex 213.23997436568013 -43.84725216651911 3.5
vertex 213.69047706245493 -44.042928156046656 0
vertex 213.23997436568015 -43.84725216651913 0
endloop
endfacet
facet normal 0.24338966153671038 0.969928591524678 0
outer loop
vertex 212.7635806573547 -43.727708001679844 3.5
vertex 213.23997436568013 -43.84725216651911 3.5
vertex 213.23997436568015 -43.84725216651913 0
endloop
endfacet
facet normal 0.24338966153671038 0.969928591524678 0
outer loop
vertex 212.7635806573547 -43.727708001679844 3.5
vertex 213.23997436568015 -43.84725216651913 0
vertex 212.76358065735474 -43.727708001679844 0
endloop
endfacet
facet normal 0 0 -1
outer loop
vertex 212.27406100000002 -43.6875 3.5
vertex 212.274073666498 -43.68750104039657 3.5
vertex 212.7635806573547 -43.727708001679844 3.5
endloop
endfacet
facet normal 0 0 -1
outer loop
vertex 212.27406100000002 -43.6875 3.5
vertex 212.7635806573547 -43.727708001679844 3.5
vertex 212.76358065735474 -43.727708001679844 0
endloop
endfacet
facet normal 0 0 -1
outer loop
vertex 212.27406100000002 -43.6875 3.5
vertex 212.76358065735474 -43.727708001679844 0
vertex 212.27408595809928 -43.687502050000006 0
endloop
endfacet
facet normal 0 0 -1
outer loop
vertex 212.27406100000002 -43.6875 3.5
vertex 212.27408595809928 -43.687502050000006 0
vertex 212.27406099999993 -43.6875 0
endloop
endfacet
facet normal 0 0 1
outer loop
vertex 106.31751735000003 -43.68750104039657 3.5
vertex 158.5 -43.68750104039657 3.5
vertex 161.12500475001906 -43.6875 3.5
endloop
endfacet
facet normal 0 0 1
outer loop
vertex 106.31751735000003 -43.68750104039657 3.5
vertex 161.12500475001906 -43.6875 3.5
vertex 212.27406100000002 -43.6875 3.5
endloop
endfacet
facet normal 0 0 1
outer loop
vertex 106.31751735000003 -43.68750104039657 3.5
vertex 212.27406100000002 -43.6875 3.5
vertex 212.27406099999993 -43.6875 0
endloop
endfacet
facet normal 0 0 1
outer loop
vertex 106.31751735000003 -43.68750104039657 3.5
vertex 212.27406099999993 -43.6875 0
vertex 161.12500475001906 -43.6875 0
endloop
endfacet
facet normal 0 0 1
outer loop
vertex 106.31751735000003 -43.68750104039657 3.5
vertex 161.12500475001906 -43.6875 0
vertex 158.5 -43.687502050000006 0
endloop
endfacet
facet normal 0 0 1
outer loop
vertex 106.31751735000003 -43.68750104039657 3.5
vertex 158.5 -43.687502050000006 0
vertex 106.31751734999997 -43.687502050000006 0
endloop
endfacet
facet normal -0.06891368413269564 0.9976226261163382 0
outer loop
vertex 105.90501578911314 -43.71599679493363 3.5
vertex 106.31751735000003 -43.68750104039657 3.5
vertex 106.31751734999997 -43.687502050000006 0
endloop
endfacet
facet normal -0.06891368413269564 0.9976226261163382 0
outer loop
vertex 105.90501578911314 -43.71599679493363 3.5
vertex 106.31751734999997 -43.687502050000006 0
vertex 105.90501578911326 -43.715996794933616 0
endloop
endfacet
facet normal -0.20543274719874205 0.9786712350827411 0
outer loop
vertex 105.50035033596669 -43.80094006572392 3.5
vertex 105.90501578911314 -43.71599679493363 3.5
vertex 105.90501578911326 -43.715996794933616 0
endloop
endfacet
facet normal -0.20543274719874205 0.9786712350827411 0
outer loop
vertex 105.50035033596669 -43.80094006572392 3.5
vertex 105.90501578911326 -43.715996794933616 0
vertex 105.50035033596657 -43.80094006572395 0
endloop
endfacet
facet normal -0.33804928452559524 0.941128408471306 0
outer loop
vertex 105.1112082622743 -43.94071822820038 3.5
vertex 105.50035033596669 -43.80094006572392 3.5
vertex 105.50035033596657 -43.80094006572395 0
endloop
endfacet
facet normal -0.33804928452559524 0.941128408471306 0
outer loop
vertex 105.1112082622743 -43.94071822820038 3.5
vertex 105.50035033596657 -43.80094006572395 0
vertex 105.11120826227432 -43.94071822820038 0
endloop
endfacet
facet normal -0.46424403150028615 0.8857073327100556 0
outer loop
vertex 104.74498194816802 -44.1326759711514 3.5
vertex 105.1112082622743 -43.94071822820038 3.5
vertex 105.11120826227432 -43.94071822820038 0
endloop
endfacet
facet normal -0.46424403150028615 0.8857073327100556 0
outer loop
vertex 104.74498194816802 -44.1326759711514 3.5
vertex 105.11120826227432 -43.94071822820038 0
vertex 104.74498194816798 -44.13267597115143 0
endloop
endfacet
facet normal -0.5816197157554105 0.8134608203500617 0
outer loop
vertex 104.40862845203591 -44.3731667482358 3.5
vertex 104.74498194816802 -44.1326759711514 3.5
vertex 104.74498194816798 -44.13267597115143 0
endloop
endfacet
facet normal -0.5816197157554105 0.8134608203500617 0
outer loop
vertex 104.40862845203591 -44.3731667482358 3.5
vertex 104.74498194816798 -44.13267597115143 0
vertex 104.40862845203591 -44.37316674823579 0
endloop
endfacet
facet normal -0.6879460087837519 0.7257618679694504 0
outer loop
vertex 104.1085346999998 -44.65762410000022 3.5
vertex 104.40862845203591 -44.3731667482358 3.5
vertex 104.40862845203591 -44.37316674823579 0
endloop
endfacet
facet normal -0.6879460087837519 0.7257618679694504 0
outer loop
vertex 104.1085346999998 -44.65762410000022 3.5
vertex 104.40862845203591 -44.37316674823579 0
vertex 104.10853469999984 -44.65762410000016 0
endloop
endfacet
facet normal 0 0 -1
outer loop
vertex 88.7908430500002 -61.32688284999977 3.5
vertex 88.99932991729835 -61.099999999999994 3.5
vertex 89.01875235651852 -61.07886380844354 3.5
endloop
endfacet
facet normal 0 0 -1
outer loop
vertex 88.7908430500002 -61.32688284999977 3.5
vertex 89.01875235651852 -61.07886380844354 3.5
vertex 89.07627328073198 -61.01626748576242 3.5
endloop
endfacet
facet normal 0 0 -1
outer loop
vertex 88.7908430500002 -61.32688284999977 3.5
vertex 89.07627328073198 -61.01626748576242 3.5
vertex 89.16968219307934 -60.91461657353281 3.5
endloop
endfacet
facet normal 0 0 -1
outer loop
vertex 88.7908430500002 -61.32688284999977 3.5
vertex 89.16968219307934 -60.91461657353281 3.5
vertex 89.29538944144346 -60.777817459305176 3.5
endloop
endfacet
facet normal 0 0 -1
outer loop
vertex 88.7908430500002 -61.32688284999977 3.5
vertex 89.29538944144346 -60.777817459305176 3.5
vertex 89.4485641667671 -60.6111272563215 3.5
endloop
endfacet
facet normal 0 0 -1
outer loop
vertex 88.7908430500002 -61.32688284999977 3.5
vertex 89.4485641667671 -60.6111272563215 3.5
vertex 89.62331995025735 -60.420951775601594 3.5
endloop
endfacet
facet normal 0 0 -1
outer loop
vertex 88.7908430500002 -61.32688284999977 3.5
vertex 89.62331995025735 -60.420951775601594 3.5
vertex 89.81294102515902 -60.21459935421772 3.5
endloop
endfacet
facet normal 0 0 -1
outer loop
vertex 88.7908430500002 -61.32688284999977 3.5
vertex 89.81294102515902 -60.21459935421772 3.5
vertex 90.01014035990423 -60.00000000000003 3.5
endloop
endfacet
facet normal 0 0 -1
outer loop
vertex 88.7908430500002 -61.32688284999977 3.5
vertex 90.01014035990423 -60.00000000000003 3.5
vertex 90.20733969464946 -59.785400645782296 3.5
endloop
endfacet
facet normal 0 0 -1
outer loop
vertex 88.7908430500002 -61.32688284999977 3.5
vertex 90.20733969464946 -59.785400645782296 3.5
vertex 90.39696076955114 -59.57904822439841 3.5
endloop
endfacet
facet normal 0 0 -1
outer loop
vertex 88.7908430500002 -61.32688284999977 3.5
vertex 90.39696076955114 -59.57904822439841 3.5
vertex 90.57171655304143 -59.388872743678476 3.5
endloop
endfacet
facet normal 0 0 -1
outer loop
vertex 88.7908430500002 -61.32688284999977 3.5
vertex 90.57171655304143 -59.388872743678476 3.5
vertex 90.72489127836506 -59.22218254069479 3.5
endloop
endfacet
facet normal 0 0 -1
outer loop
vertex 88.7908430500002 -61.32688284999977 3.5
vertex 90.72489127836506 -59.22218254069479 3.5
vertex 90.85059852672914 -59.0853834264672 3.5
endloop
endfacet
facet normal 0 0 -1
outer loop
vertex 88.7908430500002 -61.32688284999977 3.5
vertex 90.85059852672914 -59.0853834264672 3.5
vertex 90.94400743907651 -58.98373251423759 3.5
endloop
endfacet
facet normal 0 0 -1
outer loop
vertex 88.7908430500002 -61.32688284999977 3.5
vertex 90.94400743907651 -58.98373251423759 3.5
vertex 91.00152836328999 -58.92113619155646 3.5
endloop
endfacet
facet normal 0 0 -1
outer loop
vertex 88.7908430500002 -61.32688284999977 3.5
vertex 91.00152836328999 -58.92113619155646 3.5
vertex 91.02095080251016 -58.900000000000006 3.5
endloop
endfacet
facet normal 0 0 -1
outer loop
vertex 88.7908430500002 -61.32688284999977 3.5
vertex 91.02095080251016 -58.900000000000006 3.5
vertex 103.10473018457178 -45.75 3.5
endloop
endfacet
facet normal 0 0 -1
outer loop
vertex 88.7908430500002 -61.32688284999977 3.5
vertex 103.10473018457178 -45.75 3.5
vertex 104.1085346999998 -44.65762410000022 3.5
endloop
endfacet
facet normal 0 0 -1
outer loop
vertex 88.7908430500002 -61.32688284999977 3.5
vertex 104.1085346999998 -44.65762410000022 3.5
vertex 104.10853469999984 -44.65762410000016 0
endloop
endfacet
facet normal 0 0 -1
outer loop
vertex 88.7908430500002 -61.32688284999977 3.5
vertex 104.10853469999984 -44.65762410000016 0
vertex 103.10473018457178 -45.75 0
endloop
endfacet
facet normal 0 0 -1
outer loop
vertex 88.7908430500002 -61.32688284999977 3.5
vertex 103.10473018457178 -45.75 0
vertex 91.02095080251017 -58.900000000000006 0
endloop
endfacet
facet normal 0 0 -1
outer loop
vertex 88.7908430500002 -61.32688284999977 3.5
vertex 91.02095080251017 -58.900000000000006 0
vertex 91.00152836329002 -58.92113619155645 0
endloop
endfacet
facet normal 0 0 -1
outer loop
vertex 88.7908430500002 -61.32688284999977 3.5
vertex 91.00152836329002 -58.92113619155645 0
vertex 90.94400743907654 -58.98373251423759 0
endloop
endfacet
facet normal 0 0 -1
outer loop
vertex 88.7908430500002 -61.32688284999977 3.5
vertex 90.94400743907654 -58.98373251423759 0
vertex 90.85059852672914 -59.085383426467224 0
endloop
endfacet
facet normal 0 0 -1
outer loop
vertex 88.7908430500002 -61.32688284999977 3.5
vertex 90.85059852672914 -59.085383426467224 0
vertex 90.72489127836506 -59.22218254069482 0
endloop
endfacet
facet normal 0 0 -1
outer loop
vertex 88.7908430500002 -61.32688284999977 3.5
vertex 90.72489127836506 -59.22218254069482 0
vertex 90.57171655304147 -59.38887274367845 0
endloop
endfacet
facet normal 0 0 -1
outer loop
vertex 88.7908430500002 -61.32688284999977 3.5
vertex 90.57171655304147 -59.38887274367845 0
vertex 90.39696076955119 -59.579048224398385 0
endloop
endfacet
facet normal 0 0 -1
outer loop
vertex 88.7908430500002 -61.32688284999977 3.5
vertex 90.39696076955119 -59.579048224398385 0
vertex 90.20733969464948 -59.7854006457823 0
endloop
endfacet
facet normal 0 0 -1
outer loop
vertex 88.7908430500002 -61.32688284999977 3.5
vertex 90.20733969464948 -59.7854006457823 0
vertex 90.01014035990424 -60.00000000000003 0
endloop
endfacet
facet normal 0 0 -1
outer loop
vertex 88.7908430500002 -61.32688284999977 3.5
vertex 90.01014035990424 -60.00000000000003 0
vertex 89.81294102515899 -60.21459935421776 0
endloop
endfacet
facet normal 0 0 -1
outer loop
vertex 88.7908430500002 -61.32688284999977 3.5
vertex 89.81294102515899 -60.21459935421776 0
vertex 89.62331995025741 -60.420951775601544 0
endloop
endfacet
facet normal 0 0 -1
outer loop
vertex 88.7908430500002 -61.32688284999977 3.5
vertex 89.62331995025741 -60.420951775601544 0
vertex 89.44856416676707 -60.61112725632154 0
endloop
endfacet
facet normal 0 0 -1
outer loop
vertex 88.7908430500002 -61.32688284999977 3.5
vertex 89.44856416676707 -60.61112725632154 0
vertex 89.29538944144346 -60.7778174593052 0
endloop
endfacet
facet normal 0 0 -1
outer loop
vertex 88.7908430500002 -61.32688284999977 3.5
vertex 89.29538944144346 -60.7778174593052 0
vertex 89.16968219307935 -60.91461657353281 0
endloop
endfacet
facet normal 0 0 -1
outer loop
vertex 88.7908430500002 -61.32688284999977 3.5
vertex 89.16968219307935 -60.91461657353281 0
vertex 89.07627328073197 -61.016267485762434 0
endloop
endfacet
facet normal 0 0 -1
outer loop
vertex 88.7908430500002 -61.32688284999977 3.5
vertex 89.07627328073197 -61.016267485762434 0
vertex 89.01875235651852 -61.07886380844354 0
endloop
endfacet
facet normal 0 0 -1
outer loop
vertex 88.7908430500002 -61.32688284999977 3.5
vertex 89.01875235651852 -61.07886380844354 0
vertex 88.99932991729835 -61.1 0
endloop
endfacet
facet normal 0 0 -1
outer loop
vertex 88.7908430500002 -61.32688284999977 3.5
vertex 88.99932991729835 -61.1 0
vertex 88.79084305000015 -61.32688284999984 0
endloop
endfacet
facet normal -0.7845233590693278 0.6200992655007572 0
outer loop
vertex 88.51465034332584 -61.676310178889835 3.5
vertex 88.7908430500002 -61.32688284999977 3.5
vertex 88.79084305000015 -61.32688284999984 0
endloop
endfacet
facet normal -0.7845233590693278 0.6200992655007572 0
outer loop
vertex 88.51465034332584 -61.676310178889835 3.5
vertex 88.79084305000015 -61.32688284999984 0
vertex 88.51465034332585 -61.67631017888982 0
endloop
endfacet
facet normal -0.8676871786800365 0.49711061138772566 0
outer loop
vertex 88.29323688113662 -62.062778739262 3.5
vertex 88.51465034332584 -61.676310178889835 3.5
vertex 88.51465034332585 -61.67631017888982 0
endloop
endfacet
facet normal -0.8676871786800365 0.49711061138772566 0
outer loop
vertex 88.29323688113662 -62.062778739262 3.5
vertex 88.51465034332585 -61.67631017888982 0
vertex 88.29323688113662 -62.062778739262015 0
endloop
endfacet
facet normal -0.9317250644511004 0.36316443145439326 0
outer loop
vertex 88.1314831541585 -62.477769824953796 3.5
vertex 88.29323688113662 -62.062778739262 3.5
vertex 88.29323688113662 -62.062778739262015 0
endloop
endfacet
facet normal -0.9317250644511004 0.36316443145439326 0
outer loop
vertex 88.1314831541585 -62.477769824953796 3.5
vertex 88.29323688113662 -62.062778739262015 0
vertex 88.13148315415846 -62.477769824953896 0
endloop
endfacet
facet normal -0.9752254657724271 0.22121322498655582 0
outer loop
vertex 88.03295460758487 -62.912136024036094 3.5
vertex 88.1314831541585 -62.477769824953796 3.5
vertex 88.13148315415846 -62.477769824953896 0
endloop
endfacet
facet normal -0.9752254657724271 0.22121322498655582 0
outer loop
vertex 88.03295460758487 -62.912136024036094 3.5
vertex 88.13148315415846 -62.477769824953896 0
vertex 88.03295460758488 -62.912136024035924 0
endloop
endfacet
facet normal -0.9972300714381177 0.07437865701615465 0
outer loop
vertex 87.99982610000002 -63.35630569999972 3.5
vertex 88.03295460758487 -62.912136024036094 3.5
vertex 88.03295460758488 -62.912136024035924 0
endloop
endfacet
facet normal -0.9972300714381177 0.07437865701615465 0
outer loop
vertex 87.99982610000002 -63.35630569999972 3.5
vertex 88.03295460758488 -62.912136024035924 0
vertex 87.9998261 -63.35630569999992 0
endloop
endfacet
facet normal 0 0 1
outer loop
vertex 87.98169825000001 -185.19954500000017 3.5
vertex 87.9819957425161 -183.2 3.5
vertex 87.98407866399339 -169.2 3.5
endloop
endfacet
facet normal 0 0 1
outer loop
vertex 87.98169825000001 -185.19954500000017 3.5
vertex 87.98407866399339 -169.2 3.5
vertex 87.9840957166593 -169.08538342646716 3.5
endloop
endfacet
facet normal 0 0 1
outer loop
vertex 87.98169825000001 -185.19954500000017 3.5
vertex 87.9840957166593 -169.08538342646716 3.5
vertex 87.98411084029274 -168.98373251423763 3.5
endloop
endfacet
facet normal 0 0 1
outer loop
vertex 87.98169825000001 -185.19954500000017 3.5
vertex 87.98411084029274 -168.98373251423763 3.5
vertex 87.98412015338023 -168.92113619155643 3.5
endloop
endfacet
facet normal 0 0 1
outer loop
vertex 87.98169825000001 -185.19954500000017 3.5
vertex 87.98412015338023 -168.92113619155643 3.5
vertex 87.98412329802504 -168.9 3.5
endloop
endfacet
facet normal 0 0 1
outer loop
vertex 87.98169825000001 -185.19954500000017 3.5
vertex 87.98412329802504 -168.9 3.5
vertex 87.98483000352627 -164.15 3.5
endloop
endfacet
facet normal 0 0 1
outer loop
vertex 87.98169825000001 -185.19954500000017 3.5
vertex 87.98483000352627 -164.15 3.5
vertex 87.98691292500355 -150.15 3.5
endloop
endfacet
facet normal 0 0 1
outer loop
vertex 87.98169825000001 -185.19954500000017 3.5
vertex 87.98691292500355 -150.15 3.5
vertex 87.98766426453643 -145.1 3.5
endloop
endfacet
facet normal 0 0 1
outer loop
vertex 87.98169825000001 -185.19954500000017 3.5
vertex 87.98766426453643 -145.1 3.5
vertex 87.98861645721175 -138.69999999999996 3.5
endloop
endfacet
facet normal 0 0 1
outer loop
vertex 87.98169825000001 -185.19954500000017 3.5
vertex 87.98861645721175 -138.69999999999996 3.5
vertex 87.98861960185657 -138.6788638084435 3.5
endloop
endfacet
facet normal 0 0 1
outer loop
vertex 87.98169825000001 -185.19954500000017 3.5
vertex 87.98861960185657 -138.6788638084435 3.5
vertex 87.98862891494406 -138.61626748576236 3.5
endloop
endfacet
facet normal 0 0 1
outer loop
vertex 87.98169825000001 -185.19954500000017 3.5
vertex 87.98862891494406 -138.61626748576236 3.5
vertex 87.9886440385775 -138.51461657353275 3.5
endloop
endfacet
facet normal 0 0 1
outer loop
vertex 87.98169825000001 -185.19954500000017 3.5
vertex 87.9886440385775 -138.51461657353275 3.5
vertex 87.98866439156416 -138.37781745930525 3.5
endloop
endfacet
facet normal 0 0 1
outer loop
vertex 87.98169825000001 -185.19954500000017 3.5
vertex 87.98866439156416 -138.37781745930525 3.5
vertex 87.98868919175014 -138.2111272563216 3.5
endloop
endfacet
facet normal 0 0 1
outer loop
vertex 87.98169825000001 -185.19954500000017 3.5
vertex 87.98868919175014 -138.2111272563216 3.5
vertex 87.98871748607823 -138.02095177560147 3.5
endloop
endfacet
facet normal 0 0 1
outer loop
vertex 87.98169825000001 -185.19954500000017 3.5
vertex 87.98871748607823 -138.02095177560147 3.5
vertex 87.98874818721326 -137.81459935421785 3.5
endloop
endfacet
facet normal 0 0 1
outer loop
vertex 87.98169825000001 -185.19954500000017 3.5
vertex 87.98874818721326 -137.81459935421785 3.5
vertex 87.98878011532783 -137.6 3.5
endloop
endfacet
facet normal 0 0 1
outer loop
vertex 87.98169825000001 -185.19954500000017 3.5
vertex 87.98878011532783 -137.6 3.5
vertex 87.9888120434424 -137.38540064578225 3.5
endloop
endfacet
facet normal 0 0 1
outer loop
vertex 87.98169825000001 -185.19954500000017 3.5
vertex 87.9888120434424 -137.38540064578225 3.5
vertex 87.98884274457743 -137.17904822439834 3.5
endloop
endfacet
facet normal 0 0 1
outer loop
vertex 87.98169825000001 -185.19954500000017 3.5
vertex 87.98884274457743 -137.17904822439834 3.5
vertex 87.98887103890551 -136.98887274367848 3.5
endloop
endfacet
facet normal 0 0 1
outer loop
vertex 87.98169825000001 -185.19954500000017 3.5
vertex 87.98887103890551 -136.98887274367848 3.5
vertex 87.9888958390915 -136.82218254069477 3.5
endloop
endfacet
facet normal 0 0 1
outer loop
vertex 87.98169825000001 -185.19954500000017 3.5
vertex 87.9888958390915 -136.82218254069477 3.5
vertex 87.98891619207815 -136.6853834264672 3.5
endloop
endfacet
facet normal 0 0 1
outer loop
vertex 87.98169825000001 -185.19954500000017 3.5
vertex 87.98891619207815 -136.6853834264672 3.5
vertex 87.9889313157116 -136.5837325142376 3.5
endloop
endfacet
facet normal 0 0 1
outer loop
vertex 87.98169825000001 -185.19954500000017 3.5
vertex 87.9889313157116 -136.5837325142376 3.5
vertex 87.98894062879909 -136.52113619155642 3.5
endloop
endfacet
facet normal 0 0 1
outer loop
vertex 87.98169825000001 -185.19954500000017 3.5
vertex 87.98894062879909 -136.52113619155642 3.5
vertex 87.9889437734439 -136.5 3.5
endloop
endfacet
facet normal 0 0 1
outer loop
vertex 87.98169825000001 -185.19954500000017 3.5
vertex 87.9889437734439 -136.5 3.5
vertex 87.98974718601372 -131.1 3.5
endloop
endfacet
facet normal 0 0 1
outer loop
vertex 87.98169825000001 -185.19954500000017 3.5
vertex 87.98974718601372 -131.1 3.5
vertex 87.9904985255466 -126.05 3.5
endloop
endfacet
facet normal 0 0 1
outer loop
vertex 87.98169825000001 -185.19954500000017 3.5
vertex 87.9904985255466 -126.05 3.5
vertex 87.99258144702388 -112.05 3.5
endloop
endfacet
facet normal 0 0 1
outer loop
vertex 87.98169825000001 -185.19954500000017 3.5
vertex 87.99258144702388 -112.05 3.5
vertex 87.99333278655676 -107 3.5
endloop
endfacet
facet normal 0 0 1
outer loop
vertex 87.98169825000001 -185.19954500000017 3.5
vertex 87.99333278655676 -107 3.5
vertex 87.99541570803405 -93 3.5
endloop
endfacet
facet normal 0 0 1
outer loop
vertex 87.98169825000001 -185.19954500000017 3.5
vertex 87.99541570803405 -93 3.5
vertex 87.99598107243503 -89.19999999999999 3.5
endloop
endfacet
facet normal 0 0 1
outer loop
vertex 87.98169825000001 -185.19954500000017 3.5
vertex 87.99598107243503 -89.19999999999999 3.5
vertex 87.99598421707984 -89.17886380844355 3.5
endloop
endfacet
facet normal 0 0 1
outer loop
vertex 87.98169825000001 -185.19954500000017 3.5
vertex 87.99598421707984 -89.17886380844355 3.5
vertex 87.99599353016733 -89.11626748576238 3.5
endloop
endfacet
facet normal 0 0 1
outer loop
vertex 87.98169825000001 -185.19954500000017 3.5
vertex 87.99599353016733 -89.11626748576238 3.5
vertex 87.99600865380077 -89.01461657353282 3.5
endloop
endfacet
facet normal 0 0 1
outer loop
vertex 87.98169825000001 -185.19954500000017 3.5
vertex 87.99600865380077 -89.01461657353282 3.5
vertex 87.99602900678742 -88.87781745930522 3.5
endloop
endfacet
facet normal 0 0 1
outer loop
vertex 87.98169825000001 -185.19954500000017 3.5
vertex 87.99602900678742 -88.87781745930522 3.5
vertex 87.99605380697342 -88.71112725632153 3.5
endloop
endfacet
facet normal 0 0 1
outer loop
vertex 87.98169825000001 -185.19954500000017 3.5
vertex 87.99605380697342 -88.71112725632153 3.5
vertex 87.9960821013015 -88.52095177560157 3.5
endloop
endfacet
facet normal 0 0 1
outer loop
vertex 87.98169825000001 -185.19954500000017 3.5
vertex 87.9960821013015 -88.52095177560157 3.5
vertex 87.99611280243653 -88.31459935421765 3.5
endloop
endfacet
facet normal 0 0 1
outer loop
vertex 87.98169825000001 -185.19954500000017 3.5
vertex 87.99611280243653 -88.31459935421765 3.5
vertex 87.9961447305511 -88.10000000000004 3.5
endloop
endfacet
facet normal 0 0 1
outer loop
vertex 87.98169825000001 -185.19954500000017 3.5
vertex 87.9961447305511 -88.10000000000004 3.5
vertex 87.99617665866566 -87.88540064578227 3.5
endloop
endfacet
facet normal 0 0 1
outer loop
vertex 87.98169825000001 -185.19954500000017 3.5
vertex 87.99617665866566 -87.88540064578227 3.5
vertex 87.99620735980069 -87.67904822439841 3.5
endloop
endfacet
facet normal 0 0 1
outer loop
vertex 87.98169825000001 -185.19954500000017 3.5
vertex 87.99620735980069 -87.67904822439841 3.5
vertex 87.99623565412878 -87.48887274367839 3.5
endloop
endfacet
facet normal 0 0 1
outer loop
vertex 87.98169825000001 -185.19954500000017 3.5
vertex 87.99623565412878 -87.48887274367839 3.5
vertex 87.99626045431476 -87.32218254069483 3.5
endloop
endfacet
facet normal 0 0 1
outer loop
vertex 87.98169825000001 -185.19954500000017 3.5
vertex 87.99626045431476 -87.32218254069483 3.5
vertex 87.99628080730142 -87.18538342646718 3.5
endloop
endfacet
facet normal 0 0 1
outer loop
vertex 87.98169825000001 -185.19954500000017 3.5
vertex 87.99628080730142 -87.18538342646718 3.5
vertex 87.99629593093486 -87.08373251423758 3.5
endloop
endfacet
facet normal 0 0 1
outer loop
vertex 87.98169825000001 -185.19954500000017 3.5
vertex 87.99629593093486 -87.08373251423758 3.5
vertex 87.99630524402237 -87.02113619155644 3.5
endloop
endfacet
facet normal 0 0 1
outer loop
vertex 87.98169825000001 -185.19954500000017 3.5
vertex 87.99630524402237 -87.02113619155644 3.5
vertex 87.99630838866717 -87 3.5
endloop
endfacet
facet normal 0 0 1
outer loop
vertex 87.98169825000001 -185.19954500000017 3.5
vertex 87.99630838866717 -87 3.5
vertex 87.99687561281947 -83.1875 3.5
endloop
endfacet
facet normal 0 0 1
outer loop
vertex 87.98169825000001 -185.19954500000017 3.5
vertex 87.99687561281947 -83.1875 3.5
vertex 87.99895853429676 -69.1875 3.5
endloop
endfacet
facet normal 0 0 1
outer loop
vertex 87.98169825000001 -185.19954500000017 3.5
vertex 87.99895853429676 -69.1875 3.5
vertex 87.99939557585672 -66.25 3.5
endloop
endfacet
facet normal 0 0 1
outer loop
vertex 87.98169825000001 -185.19954500000017 3.5
vertex 87.99939557585672 -66.25 3.5
vertex 87.99982610000002 -63.35630569999972 3.5
endloop
endfacet
facet normal 0 0 1
outer loop
vertex 87.98169825000001 -185.19954500000017 3.5
vertex 87.99982610000002 -63.35630569999972 3.5
vertex 87.9998261 -63.35630569999992 0
endloop
endfacet
facet normal 0 0 1
outer loop
vertex 87.98169825000001 -185.19954500000017 3.5
vertex 87.9998261 -63.35630569999992 0
vertex 87.99939557585671 -66.25 0
endloop
endfacet
facet normal 0 0 1
outer loop
vertex 87.98169825000001 -185.19954500000017 3.5
vertex 87.99939557585671 -66.25 0
vertex 87.99895853429675 -69.1875 0
endloop
endfacet
facet normal 0 0 1
outer loop
vertex 87.98169825000001 -185.19954500000017 3.5
vertex 87.99895853429675 -69.1875 0
vertex 87.99687561281945 -83.1875 0
endloop
endfacet
facet normal 0 0 1
outer loop
vertex 87.98169825000001 -185.19954500000017 3.5
vertex 87.99687561281945 -83.1875 0
vertex 87.99630838866716 -87 0
endloop
endfacet
facet normal 0 0 1
outer loop
vertex 87.98169825000001 -185.19954500000017 3.5
vertex 87.99630838866716 -87 0
vertex 87.99630524402235 -87.02113619155644 0
endloop
endfacet
facet normal 0 0 1
outer loop
vertex 87.98169825000001 -185.19954500000017 3.5
vertex 87.99630524402235 -87.02113619155644 0
vertex 87.99629593093485 -87.08373251423761 0
endloop
endfacet
facet normal 0 0 1
outer loop
vertex 87.98169825000001 -185.19954500000017 3.5
vertex 87.99629593093485 -87.08373251423761 0
vertex 87.9962808073014 -87.18538342646713 0
endloop
endfacet
facet normal 0 0 1
outer loop
vertex 87.98169825000001 -185.19954500000017 3.5
vertex 87.9962808073014 -87.18538342646713 0
vertex 87.99626045431475 -87.32218254069484 0
endloop
endfacet
facet normal 0 0 1
outer loop
vertex 87.98169825000001 -185.19954500000017 3.5
vertex 87.99626045431475 -87.32218254069484 0
vertex 87.99623565412877 -87.48887274367848 0
endloop
endfacet
facet normal 0 0 1
outer loop
vertex 87.98169825000001 -185.19954500000017 3.5
vertex 87.99623565412877 -87.48887274367848 0
vertex 87.99620735980068 -87.67904822439836 0
endloop
endfacet
facet normal 0 0 1
outer loop
vertex 87.98169825000001 -185.19954500000017 3.5
vertex 87.99620735980068 -87.67904822439836 0
vertex 87.99617665866565 -87.88540064578225 0
endloop
endfacet
facet normal 0 0 1
outer loop
vertex 87.98169825000001 -185.19954500000017 3.5
vertex 87.99617665866565 -87.88540064578225 0
vertex 87.99614473055108 -88.10000000000004 0
endloop
endfacet
facet normal 0 0 1
outer loop
vertex 87.98169825000001 -185.19954500000017 3.5
vertex 87.99614473055108 -88.10000000000004 0
vertex 87.99611280243651 -88.31459935421759 0
endloop
endfacet
facet normal 0 0 1
outer loop
vertex 87.98169825000001 -185.19954500000017 3.5
vertex 87.99611280243651 -88.31459935421759 0
vertex 87.99608210130148 -88.52095177560159 0
endloop
endfacet
facet normal 0 0 1
outer loop
vertex 87.98169825000001 -185.19954500000017 3.5
vertex 87.99608210130148 -88.52095177560159 0
vertex 87.9960538069734 -88.71112725632165 0
endloop
endfacet
facet normal 0 0 1
outer loop
vertex 87.98169825000001 -185.19954500000017 3.5
vertex 87.9960538069734 -88.71112725632165 0
vertex 87.99602900678741 -88.87781745930516 0
endloop
endfacet
facet normal 0 0 1
outer loop
vertex 87.98169825000001 -185.19954500000017 3.5
vertex 87.99602900678741 -88.87781745930516 0
vertex 87.99600865380076 -89.01461657353283 0
endloop
endfacet
facet normal 0 0 1
outer loop
vertex 87.98169825000001 -185.19954500000017 3.5
vertex 87.99600865380076 -89.01461657353283 0
vertex 87.99599353016731 -89.11626748576239 0
endloop
endfacet
facet normal 0 0 1
outer loop
vertex 87.98169825000001 -185.19954500000017 3.5
vertex 87.99599353016731 -89.11626748576239 0
vertex 87.99598421707982 -89.17886380844355 0
endloop
endfacet
facet normal 0 0 1
outer loop
vertex 87.98169825000001 -185.19954500000017 3.5
vertex 87.99598421707982 -89.17886380844355 0
vertex 87.99598107243501 -89.19999999999999 0
endloop
endfacet
facet normal 0 0 1
outer loop
vertex 87.98169825000001 -185.19954500000017 3.5
vertex 87.99598107243501 -89.19999999999999 0
vertex 87.99541570803403 -93 0
endloop
endfacet
facet normal 0 0 1
outer loop
vertex 87.98169825000001 -185.19954500000017 3.5
vertex 87.99541570803403 -93 0
vertex 87.99333278655675 -107 0
endloop
endfacet
facet normal 0 0 1
outer loop
vertex 87.98169825000001 -185.19954500000017 3.5
vertex 87.99333278655675 -107 0
vertex 87.99258144702387 -112.05 0
endloop
endfacet
facet normal 0 0 1
outer loop
vertex 87.98169825000001 -185.19954500000017 3.5
vertex 87.99258144702387 -112.05 0
vertex 87.99049852554658 -126.05 0
endloop
endfacet
facet normal 0 0 1
outer loop
vertex 87.98169825000001 -185.19954500000017 3.5
vertex 87.99049852554658 -126.05 0
vertex 87.9897471860137 -131.1 0
endloop
endfacet
facet normal 0 0 1
outer loop
vertex 87.98169825000001 -185.19954500000017 3.5
vertex 87.9897471860137 -131.1 0
vertex 87.98894377344389 -136.5 0
endloop
endfacet
facet normal 0 0 1
outer loop
vertex 87.98169825000001 -185.19954500000017 3.5
vertex 87.98894377344389 -136.5 0
vertex 87.98894062879907 -136.52113619155642 0
endloop
endfacet
facet normal 0 0 1
outer loop
vertex 87.98169825000001 -185.19954500000017 3.5
vertex 87.98894062879907 -136.52113619155642 0
vertex 87.98893131571158 -136.5837325142376 0
endloop
endfacet
facet normal 0 0 1
outer loop
vertex 87.98169825000001 -185.19954500000017 3.5
vertex 87.98893131571158 -136.5837325142376 0
vertex 87.98891619207814 -136.68538342646718 0
endloop
endfacet
facet normal 0 0 1
outer loop
vertex 87.98169825000001 -185.19954500000017 3.5
vertex 87.98891619207814 -136.68538342646718 0
vertex 87.98889583909148 -136.82218254069477 0
endloop
endfacet
facet normal 0 0 1
outer loop
vertex 87.98169825000001 -185.19954500000017 3.5
vertex 87.98889583909148 -136.82218254069477 0
vertex 87.9888710389055 -136.98887274367848 0
endloop
endfacet
facet normal 0 0 1
outer loop
vertex 87.98169825000001 -185.19954500000017 3.5
vertex 87.9888710389055 -136.98887274367848 0
vertex 87.98884274457741 -137.17904822439837 0
endloop
endfacet
facet normal 0 0 1
outer loop
vertex 87.98169825000001 -185.19954500000017 3.5
vertex 87.98884274457741 -137.17904822439837 0
vertex 87.98881204344238 -137.38540064578225 0
endloop
endfacet
facet normal 0 0 1
outer loop
vertex 87.98169825000001 -185.19954500000017 3.5
vertex 87.98881204344238 -137.38540064578225 0
vertex 87.98878011532781 -137.59999999999997 0
endloop
endfacet
facet normal 0 0 1
outer loop
vertex 87.98169825000001 -185.19954500000017 3.5
vertex 87.98878011532781 -137.59999999999997 0
vertex 87.98874818721325 -137.8145993542178 0
endloop
endfacet
facet normal 0 0 1
outer loop
vertex 87.98169825000001 -185.19954500000017 3.5
vertex 87.98874818721325 -137.8145993542178 0
vertex 87.98871748607822 -138.02095177560147 0
endloop
endfacet
facet normal 0 0 1
outer loop
vertex 87.98169825000001 -185.19954500000017 3.5
vertex 87.98871748607822 -138.02095177560147 0
vertex 87.98868919175013 -138.21112725632156 0
endloop
endfacet
facet normal 0 0 1
outer loop
vertex 87.98169825000001 -185.19954500000017 3.5
vertex 87.98868919175013 -138.21112725632156 0
vertex 87.98866439156414 -138.37781745930522 0
endloop
endfacet
facet normal 0 0 1
outer loop
vertex 87.98169825000001 -185.19954500000017 3.5
vertex 87.98866439156414 -138.37781745930522 0
vertex 87.98864403857749 -138.51461657353278 0
endloop
endfacet
facet normal 0 0 1
outer loop
vertex 87.98169825000001 -185.19954500000017 3.5
vertex 87.98864403857749 -138.51461657353278 0
vertex 87.98862891494404 -138.61626748576236 0
endloop
endfacet
facet normal 0 0 1
outer loop
vertex 87.98169825000001 -185.19954500000017 3.5
vertex 87.98862891494404 -138.61626748576236 0
vertex 87.98861960185656 -138.67886380844354 0
endloop
endfacet
facet normal 0 0 1
outer loop
vertex 87.98169825000001 -185.19954500000017 3.5
vertex 87.98861960185656 -138.67886380844354 0
vertex 87.98861645721173 -138.7 0
endloop
endfacet
facet normal 0 0 1
outer loop
vertex 87.98169825000001 -185.19954500000017 3.5
vertex 87.98861645721173 -138.7 0
vertex 87.98766426453642 -145.1 0
endloop
endfacet
facet normal 0 0 1
outer loop
vertex 87.98169825000001 -185.19954500000017 3.5
vertex 87.98766426453642 -145.1 0
vertex 87.98691292500354 -150.15 0
endloop
endfacet
facet normal 0 0 1
outer loop
vertex 87.98169825000001 -185.19954500000017 3.5
vertex 87.98691292500354 -150.15 0
vertex 87.98483000352626 -164.15 0
endloop
endfacet
facet normal 0 0 1
outer loop
vertex 87.98169825000001 -185.19954500000017 3.5
vertex 87.98483000352626 -164.15 0
vertex 87.98412329802504 -168.89999999999998 0
endloop
endfacet
facet normal 0 0 1
outer loop
vertex 87.98169825000001 -185.19954500000017 3.5
vertex 87.98412329802504 -168.89999999999998 0
vertex 87.98412015338023 -168.92113619155643 0
endloop
endfacet
facet normal 0 0 1
outer loop
vertex 87.98169825000001 -185.19954500000017 3.5
vertex 87.98412015338023 -168.92113619155643 0
vertex 87.98411084029273 -168.9837325142376 0
endloop
endfacet
facet normal 0 0 1
outer loop
vertex 87.98169825000001 -185.19954500000017 3.5
vertex 87.98411084029273 -168.9837325142376 0
vertex 87.98409571665928 -169.08538342646716 0
endloop
endfacet
facet normal 0 0 1
outer loop
vertex 87.98169825000001 -185.19954500000017 3.5
vertex 87.98409571665928 -169.08538342646716 0
vertex 87.98407866399337 -169.2 0
endloop
endfacet
facet normal 0 0 1
outer loop
vertex 87.98169825000001 -185.19954500000017 3.5
vertex 87.98407866399337 -169.2 0
vertex 87.9819957425161 -183.2 0
endloop
endfacet
facet normal 0 0 1
outer loop
vertex 87.98169825000001 -185.19954500000017 3.5
vertex 87.9819957425161 -183.2 0
vertex 87.98169825000001 -185.19954500000028 0
endloop
endfacet
facet normal 0 1 0
outer loop
vertex 158.5 -66.25 3.5
vertex 158.5 -66.25 0
vertex 105.5 -66.25 0
endloop
endfacet
facet normal 0 1 0
outer loop
vertex 158.5 -66.25 3.5
vertex 105.5 -66.25 0
vertex 105.5 -66.25 3.5
endloop
endfacet
facet normal -1 0 0
outer loop
vertex 158.5 -62.56347550000061 3.5
vertex 158.5 -62.5 3.5
vertex 158.5 -53.5 3.5
endloop
endfacet
facet normal -1 0 0
outer loop
vertex 158.5 -62.56347550000061 3.5
vertex 158.5 -53.5 3.5
vertex 158.5 -48.10000000000001 3.5
endloop
endfacet
facet normal -1 0 0
outer loop
vertex 158.5 -62.56347550000061 3.5
vertex 158.5 -48.10000000000001 3.5
vertex 158.5 -48.07886380844354 3.5
endloop
endfacet
facet normal -1 0 0
outer loop
vertex 158.5 -62.56347550000061 3.5
vertex 158.5 -48.07886380844354 3.5
vertex 158.5 -48.01626748576243 3.5
endloop
endfacet
facet normal -1 0 0
outer loop
vertex 158.5 -62.56347550000061 3.5
vertex 158.5 -48.01626748576243 3.5
vertex 158.5 -47.914616573532754 3.5
endloop
endfacet
facet normal -1 0 0
outer loop
vertex 158.5 -62.56347550000061 3.5
vertex 158.5 -47.914616573532754 3.5
vertex 158.5 -47.7778174593053 3.5
endloop
endfacet
facet normal -1 0 0
outer loop
vertex 158.5 -62.56347550000061 3.5
vertex 158.5 -47.7778174593053 3.5
vertex 158.5 -47.61112725632148 3.5
endloop
endfacet
facet normal -1 0 0
outer loop
vertex 158.5 -62.56347550000061 3.5
vertex 158.5 -47.61112725632148 3.5
vertex 158.5 -47.42095177560165 3.5
endloop
endfacet
facet normal -1 0 0
outer loop
vertex 158.5 -62.56347550000061 3.5
vertex 158.5 -47.42095177560165 3.5
vertex 158.5 -47.21459935421751 3.5
endloop
endfacet
facet normal -1 0 0
outer loop
vertex 158.5 -62.56347550000061 3.5
vertex 158.5 -47.21459935421751 3.5
vertex 158.5 -47.000000000000114 3.5
endloop
endfacet
facet normal -1 0 0
outer loop
vertex 158.5 -62.56347550000061 3.5
vertex 158.5 -47.000000000000114 3.5
vertex 158.5 -46.78540064578212 3.5
endloop
endfacet
facet normal -1 0 0
outer loop
vertex 158.5 -62.56347550000061 3.5
vertex 158.5 -46.78540064578212 3.5
vertex 158.5 -46.57904822439848 3.5
endloop
endfacet
facet normal -1 0 0
outer loop
vertex 158.5 -62.56347550000061 3.5
vertex 158.5 -46.57904822439848 3.5
vertex 158.5 -46.388872743678235 3.5
endloop
endfacet
facet normal -1 0 0
outer loop
vertex 158.5 -62.56347550000061 3.5
vertex 158.5 -46.388872743678235 3.5
vertex 158.5 -46.2221825406948 3.5
endloop
endfacet
facet normal -1 0 0
outer loop
vertex 158.5 -62.56347550000061 3.5
vertex 158.5 -46.2221825406948 3.5
vertex 158.5 -46.08538342646723 3.5
endloop
endfacet
facet normal -1 0 0
outer loop
vertex 158.5 -62.56347550000061 3.5
vertex 158.5 -46.08538342646723 3.5
vertex 158.5 -45.98373251423757 3.5
endloop
endfacet
facet normal -1 0 0
outer loop
vertex 158.5 -62.56347550000061 3.5
vertex 158.5 -45.98373251423757 3.5
vertex 158.5 -45.92113619155646 3.5
endloop
endfacet
facet normal -1 0 0
outer loop
vertex 158.5 -62.56347550000061 3.5
vertex 158.5 -45.92113619155646 3.5
vertex 158.5 -45.900000000000006 3.5
endloop
endfacet
facet normal -1 0 0
outer loop
vertex 158.5 -62.56347550000061 3.5
vertex 158.5 -45.900000000000006 3.5
vertex 158.5 -45.75 3.5
endloop
endfacet
facet normal -1 0 0
outer loop
vertex 158.5 -62.56347550000061 3.5
vertex 158.5 -45.75 3.5
vertex 158.5 -45.75 0
endloop
endfacet
facet normal -1 0 0
outer loop
vertex 158.5 -62.56347550000061 3.5
vertex 158.5 -45.75 0
vertex 158.5 -45.900000000000006 0
endloop
endfacet
facet normal -1 0 0
outer loop
vertex 158.5 -62.56347550000061 3.5
vertex 158.5 -45.900000000000006 0
vertex 158.5 -45.92113619155646 0
endloop
endfacet
facet normal -1 0 0
outer loop
vertex 158.5 -62.56347550000061 3.5
vertex 158.5 -45.92113619155646 0
vertex 158.5 -45.98373251423759 0
endloop
endfacet
facet normal -1 0 0
outer loop
vertex 158.5 -62.56347550000061 3.5
vertex 158.5 -45.98373251423759 0
vertex 158.5 -46.085383426467246 0
endloop
endfacet
facet normal -1 0 0
outer loop
vertex 158.5 -62.56347550000061 3.5
vertex 158.5 -46.085383426467246 0
vertex 158.5 -46.22218254069472 0
endloop
endfacet
facet normal -1 0 0
outer loop
vertex 158.5 -62.56347550000061 3.5
vertex 158.5 -46.22218254069472 0
vertex 158.5 -46.38887274367846 0
endloop
endfacet
facet normal -1 0 0
outer loop
vertex 158.5 -62.56347550000061 3.5
vertex 158.5 -46.38887274367846 0
vertex 158.5 -46.579048224398306 0
endloop
endfacet
facet normal -1 0 0
outer loop
vertex 158.5 -62.56347550000061 3.5
vertex 158.5 -46.579048224398306 0
vertex 158.5 -46.78540064578223 0
endloop
endfacet
facet normal -1 0 0
outer loop
vertex 158.5 -62.56347550000061 3.5
vertex 158.5 -46.78540064578223 0
vertex 158.5 -47.00000000000003 0
endloop
endfacet
facet normal -1 0 0
outer loop
vertex 158.5 -62.56347550000061 3.5
vertex 158.5 -47.00000000000003 0
vertex 158.5 -47.214599354217626 0
endloop
endfacet
facet normal -1 0 0
outer loop
vertex 158.5 -62.56347550000061 3.5
vertex 158.5 -47.214599354217626 0
vertex 158.5 -47.420951775601566 0
endloop
endfacet
facet normal -1 0 0
outer loop
vertex 158.5 -62.56347550000061 3.5
vertex 158.5 -47.420951775601566 0
vertex 158.5 -47.611127256321424 0
endloop
endfacet
facet normal -1 0 0
outer loop
vertex 158.5 -62.56347550000061 3.5
vertex 158.5 -47.611127256321424 0
vertex 158.5 -47.777817459305254 0
endloop
endfacet
facet normal -1 0 0
outer loop
vertex 158.5 -62.56347550000061 3.5
vertex 158.5 -47.777817459305254 0
vertex 158.5 -47.91461657353281 0
endloop
endfacet
facet normal -1 0 0
outer loop
vertex 158.5 -62.56347550000061 3.5
vertex 158.5 -47.91461657353281 0
vertex 158.5 -48.01626748576241 0
endloop
endfacet
facet normal -1 0 0
outer loop
vertex 158.5 -62.56347550000061 3.5
vertex 158.5 -48.01626748576241 0
vertex 158.5 -48.07886380844356 0
endloop
endfacet
facet normal -1 0 0
outer loop
vertex 158.5 -62.56347550000061 3.5
vertex 158.5 -48.07886380844356 0
vertex 158.5 -48.099999999999994 0
endloop
endfacet
facet normal -1 0 0
outer loop
vertex 158.5 -62.56347550000061 3.5
vertex 158.5 -48.099999999999994 0
vertex 158.5 -53.5 0
endloop
endfacet
facet normal -1 0 0
outer loop
vertex 158.5 -62.56347550000061 3.5
vertex 158.5 -53.5 0
vertex 158.5 -62.5 0
endloop
endfacet
facet normal -1 0 0
outer loop
vertex 158.5 -62.56347550000061 3.5
vertex 158.5 -62.5 0
vertex 158.5 -62.56347550000041 0
endloop
endfacet
facet normal -1 0 0
outer loop
vertex 158.5 -62.56347550000061 3.5
vertex 158.5 -62.56347550000041 0
vertex 158.5 -66.25 0
endloop
endfacet
facet normal -1 0 0
outer loop
vertex 158.5 -62.56347550000061 3.5
vertex 158.5 -66.25 0
vertex 158.5 -66.25 3.5
endloop
endfacet
facet normal 0 -1 0
outer loop
vertex 158.5 -45.75 0
vertex 158.5 -45.75 3.5
vertex 105.5 -45.75 3.5
endloop
endfacet
facet normal 0 -1 0
outer loop
vertex 158.5 -45.75 0
vertex 105.5 -45.75 3.5
vertex 105.5 -45.75 0
endloop
endfacet
facet normal 1 0 0
outer loop
vertex 105.5 -61.1 0
vertex 105.5 -61.07886380844354 0
vertex 105.5 -61.016267485762434 0
endloop
endfacet
facet normal 1 0 0
outer loop
vertex 105.5 -61.1 0
vertex 105.5 -61.016267485762434 0
vertex 105.5 -60.91461657353281 0
endloop
endfacet
facet normal 1 0 0
outer loop
vertex 105.5 -61.1 0
vertex 105.5 -60.91461657353281 0
vertex 105.5 -60.7778174593052 0
endloop
endfacet
facet normal 1 0 0
outer loop
vertex 105.5 -61.1 0
vertex 105.5 -60.7778174593052 0
vertex 105.5 -60.61112725632154 0
endloop
endfacet
facet normal 1 0 0
outer loop
vertex 105.5 -61.1 0
vertex 105.5 -60.61112725632154 0
vertex 105.5 -60.420951775601544 0
endloop
endfacet
facet normal 1 0 0
outer loop
vertex 105.5 -61.1 0
vertex 105.5 -60.420951775601544 0
vertex 105.5 -60.21459935421776 0
endloop
endfacet
facet normal 1 0 0
outer loop
vertex 105.5 -61.1 0
vertex 105.5 -60.21459935421776 0
vertex 105.5 -60.00000000000003 0
endloop
endfacet
facet normal 1 0 0
outer loop
vertex 105.5 -61.1 0
vertex 105.5 -60.00000000000003 0
vertex 105.5 -59.7854006457823 0
endloop
endfacet
facet normal 1 0 0
outer loop
vertex 105.5 -61.1 0
vertex 105.5 -59.7854006457823 0
vertex 105.5 -59.579048224398385 0
endloop
endfacet
facet normal 1 0 0
outer loop
vertex 105.5 -61.1 0
vertex 105.5 -59.579048224398385 0
vertex 105.5 -59.38887274367845 0
endloop
endfacet
facet normal 1 0 0
outer loop
vertex 105.5 -61.1 0
vertex 105.5 -59.38887274367845 0
vertex 105.5 -59.22218254069482 0
endloop
endfacet
facet normal 1 0 0
outer loop
vertex 105.5 -61.1 0
vertex 105.5 -59.22218254069482 0
vertex 105.5 -59.085383426467224 0
endloop
endfacet
facet normal 1 0 0
outer loop
vertex 105.5 -61.1 0
vertex 105.5 -59.085383426467224 0
vertex 105.5 -58.98373251423759 0
endloop
endfacet
facet normal 1 0 0
outer loop
vertex 105.5 -61.1 0
vertex 105.5 -58.98373251423759 0
vertex 105.5 -58.92113619155645 0
endloop
endfacet
facet normal 1 0 0
outer loop
vertex 105.5 -61.1 0
vertex 105.5 -58.92113619155645 0
vertex 105.5 -58.900000000000006 0
endloop
endfacet
facet normal 1 0 0
outer loop
vertex 105.5 -61.1 0
vertex 105.5 -58.900000000000006 0
vertex 105.5 -45.75 0
endloop
endfacet
facet normal 1 0 0
outer loop
vertex 105.5 -61.1 0
vertex 105.5 -45.75 0
vertex 105.5 -45.75 3.5
endloop
endfacet
facet normal 1 0 0
outer loop
vertex 105.5 -61.1 0
vertex 105.5 -45.75 3.5
vertex 105.5 -58.900000000000006 3.5
endloop
endfacet
facet normal 1 0 0
outer loop
vertex 105.5 -61.1 0
vertex 105.5 -58.900000000000006 3.5
vertex 105.5 -58.92113619155646 3.5
endloop
endfacet
facet normal 1 0 0
outer loop
vertex 105.5 -61.1 0
vertex 105.5 -58.92113619155646 3.5
vertex 105.5 -58.98373251423759 3.5
endloop
endfacet
facet normal 1 0 0
outer loop
vertex 105.5 -61.1 0
vertex 105.5 -58.98373251423759 3.5
vertex 105.5 -59.0853834264672 3.5
endloop
endfacet
facet normal 1 0 0
outer loop
vertex 105.5 -61.1 0
vertex 105.5 -59.0853834264672 3.5
vertex 105.5 -59.22218254069479 3.5
endloop
endfacet
facet normal 1 0 0
outer loop
vertex 105.5 -61.1 0
vertex 105.5 -59.22218254069479 3.5
vertex 105.5 -59.388872743678476 3.5
endloop
endfacet
facet normal 1 0 0
outer loop
vertex 105.5 -61.1 0
vertex 105.5 -59.388872743678476 3.5
vertex 105.5 -59.57904822439841 3.5
endloop
endfacet
facet normal 1 0 0
outer loop
vertex 105.5 -61.1 0
vertex 105.5 -59.57904822439841 3.5
vertex 105.5 -59.785400645782296 3.5
endloop
endfacet
facet normal 1 0 0
outer loop
vertex 105.5 -61.1 0
vertex 105.5 -59.785400645782296 3.5
vertex 105.5 -60.00000000000003 3.5
endloop
endfacet
facet normal 1 0 0
outer loop
vertex 105.5 -61.1 0
vertex 105.5 -60.00000000000003 3.5
vertex 105.5 -60.21459935421772 3.5
endloop
endfacet
facet normal 1 0 0
outer loop
vertex 105.5 -61.1 0
vertex 105.5 -60.21459935421772 3.5
vertex 105.5 -60.420951775601594 3.5
endloop
endfacet
facet normal 1 0 0
outer loop
vertex 105.5 -61.1 0
vertex 105.5 -60.420951775601594 3.5
vertex 105.5 -60.6111272563215 3.5
endloop
endfacet
facet normal 1 0 0
outer loop
vertex 105.5 -61.1 0
vertex 105.5 -60.6111272563215 3.5
vertex 105.5 -60.777817459305176 3.5
endloop
endfacet
facet normal 1 0 0
outer loop
vertex 105.5 -61.1 0
vertex 105.5 -60.777817459305176 3.5
vertex 105.5 -60.91461657353281 3.5
endloop
endfacet
facet normal 1 0 0
outer loop
vertex 105.5 -61.1 0
vertex 105.5 -60.91461657353281 3.5
vertex 105.5 -61.01626748576242 3.5
endloop
endfacet
facet normal 1 0 0
outer loop
vertex 105.5 -61.1 0
vertex 105.5 -61.01626748576242 3.5
vertex 105.5 -61.07886380844354 3.5
endloop
endfacet
facet normal 1 0 0
outer loop
vertex 105.5 -61.1 0
vertex 105.5 -61.07886380844354 3.5
vertex 105.5 -61.099999999999994 3.5
endloop
endfacet
facet normal 1 0 0
outer loop
vertex 105.5 -61.1 0
vertex 105.5 -61.099999999999994 3.5
vertex 105.5 -66.25 3.5
endloop
endfacet
facet normal 1 0 0
outer loop
vertex 105.5 -61.1 0
vertex 105.5 -66.25 3.5
vertex 105.5 -66.25 0
endloop
endfacet
facet normal 0 1 0
outer loop
vertex 203.5 -62.5 3.5
vertex 203.5 -62.5 0
vertex 170.5 -62.5 0
endloop
endfacet
facet normal 0 1 0
outer loop
vertex 203.5 -62.5 3.5
vertex 170.5 -62.5 0
vertex 170.5 -62.5 3.5
endloop
endfacet
facet normal -1 0 0
outer loop
vertex 203.5 -62.310449807347716 3.5
vertex 203.5 -62.05104152429195 3.5
vertex 203.5 -61.7872910000005 3.5
endloop
endfacet
facet normal -1 0 0
outer loop
vertex 203.5 -62.310449807347716 3.5
vertex 203.5 -61.7872910000005 3.5
vertex 203.5 -53.5 3.5
endloop
endfacet
facet normal -1 0 0
outer loop
vertex 203.5 -62.310449807347716 3.5
vertex 203.5 -53.5 3.5
vertex 203.5 -53.5 0
endloop
endfacet
facet normal -1 0 0
outer loop
vertex 203.5 -62.310449807347716 3.5
vertex 203.5 -53.5 0
vertex 203.5 -61.78729100000032 0
endloop
endfacet
facet normal -1 0 0
outer loop
vertex 203.5 -62.310449807347716 3.5
vertex 203.5 -61.78729100000032 0
vertex 203.5 -62.051041524291975 0
endloop
endfacet
facet normal -1 0 0
outer loop
vertex 203.5 -62.310449807347716 3.5
vertex 203.5 -62.051041524291975 0
vertex 203.5 -62.310449807348164 0
endloop
endfacet
facet normal -1 0 0
outer loop
vertex 203.5 -62.310449807347716 3.5
vertex 203.5 -62.310449807348164 0
vertex 203.5 -62.5 0
endloop
endfacet
facet normal -1 0 0
outer loop
vertex 203.5 -62.310449807347716 3.5
vertex 203.5 -62.5 0
vertex 203.5 -62.5 3.5
endloop
endfacet
facet normal 0 -1 0
outer loop
vertex 203.5 -53.5 0
vertex 203.5 -53.5 3.5
vertex 170.5 -53.5 3.5
endloop
endfacet
facet normal 0 -1 0
outer loop
vertex 203.5 -53.5 0
vertex 170.5 -53.5 3.5
vertex 170.5 -53.5 0
endloop
endfacet
facet normal 1 0 0
outer loop
vertex 170.5 -53.5 0
vertex 170.5 -53.5 3.5
vertex 170.5 -62.5 3.5
endloop
endfacet
facet normal 1 0 0
outer loop
vertex 170.5 -53.5 0
vertex 170.5 -62.5 3.5
vertex 170.5 -62.5 0
endloop
endfacet
facet normal 0 1 0
outer loop
vertex 98 -107 3.5
vertex 98 -107 0
vertex 93 -107 0
endloop
endfacet
facet normal 0 1 0
outer loop
vertex 98 -107 3.5
vertex 93 -107 0
vertex 93 -107 3.5
endloop
endfacet
facet normal 0 1 0
outer loop
vertex 107 -107 3.5
vertex 107 -107 0
vertex 102 -107 0
endloop
endfacet
facet normal 0 1 0
outer loop
vertex 107 -107 3.5
vertex 102 -107 0
vertex 102 -107 3.5
endloop
endfacet
facet normal 0 1 0
outer loop
vertex 117.05 -107 3.5
vertex 117.05 -107 0
vertex 112.05 -107 0
endloop
endfacet
facet normal 0 1 0
outer loop
vertex 117.05 -107 3.5
vertex 112.05 -107 0
vertex 112.05 -107 3.5
endloop
endfacet
facet normal 0 1 0
outer loop
vertex 126.05 -107 3.5
vertex 126.05 -107 0
vertex 121.05 -107 0
endloop
endfacet
facet normal 0 1 0
outer loop
vertex 126.05 -107 3.5
vertex 121.05 -107 0
vertex 121.05 -107 3.5
endloop
endfacet
facet normal 0 1 0
outer loop
vertex 136.1 -107 3.5
vertex 136.1 -107 0
vertex 131.1 -107 0
endloop
endfacet
facet normal 0 1 0
outer loop
vertex 136.1 -107 3.5
vertex 131.1 -107 0
vertex 131.1 -107 3.5
endloop
endfacet
facet normal 0 1 0
outer loop
vertex 145.1 -107 3.5
vertex 145.1 -107 0
vertex 140.1 -107 0
endloop
endfacet
facet normal 0 1 0
outer loop
vertex 145.1 -107 3.5
vertex 140.1 -107 0
vertex 140.1 -107 3.5
endloop
endfacet
facet normal 0 1 0
outer loop
vertex 155.15 -107 3.5
vertex 155.15 -107 0
vertex 150.15 -107 0
endloop
endfacet
facet normal 0 1 0
outer loop
vertex 155.15 -107 3.5
vertex 150.15 -107 0
vertex 150.15 -107 3.5
endloop
endfacet
facet normal 0 1 0
outer loop
vertex 164.15 -107 3.5
vertex 164.15 -107 0
vertex 159.15 -107 0
endloop
endfacet
facet normal 0 1 0
outer loop
vertex 164.15 -107 3.5
vertex 159.15 -107 0
vertex 159.15 -107 3.5
endloop
endfacet
facet normal 0 1 0
outer loop
vertex 174.2 -107 3.5
vertex 174.2 -107 0
vertex 169.2 -107 0
endloop
endfacet
facet normal 0 1 0
outer loop
vertex 174.2 -107 3.5
vertex 169.2 -107 0
vertex 169.2 -107 3.5
endloop
endfacet
facet normal 0 1 0
outer loop
vertex 183.2 -107 3.5
vertex 183.2 -107 0
vertex 178.2 -107 0
endloop
endfacet
facet normal 0 1 0
outer loop
vertex 183.2 -107 3.5
vertex 178.2 -107 0
vertex 178.2 -107 3.5
endloop
endfacet
facet normal 0 1 0
outer loop
vertex 193.25 -107 3.5
vertex 193.25 -107 0
vertex 188.25 -107 0
endloop
endfacet
facet normal 0 1 0
outer loop
vertex 193.25 -107 3.5
vertex 188.25 -107 0
vertex 188.25 -107 3.5
endloop
endfacet
facet normal 0 1 0
outer loop
vertex 202.25 -107 3.5
vertex 202.25 -107 0
vertex 197.25 -107 0
endloop
endfacet
facet normal 0 1 0
outer loop
vertex 202.25 -107 3.5
vertex 197.25 -107 0
vertex 197.25 -107 3.5
endloop
endfacet
facet normal 0 1 0
outer loop
vertex 212.3 -107 3.5
vertex 212.3 -107 0
vertex 207.3 -107 0
endloop
endfacet
facet normal 0 1 0
outer loop
vertex 212.3 -107 3.5
vertex 207.3 -107 0
vertex 207.3 -107 3.5
endloop
endfacet
facet normal 0 1 0
outer loop
vertex 221.3 -107 3.5
vertex 221.3 -107 0
vertex 216.3 -107 0
endloop
endfacet
facet normal 0 1 0
outer loop
vertex 221.3 -107 3.5
vertex 216.3 -107 0
vertex 216.3 -107 3.5
endloop
endfacet
facet normal -1 0 0
outer loop
vertex 117.05 -106.75 3.5
vertex 117.05 -106.75 0
vertex 117.05 -107 0
endloop
endfacet
facet normal -1 0 0
outer loop
vertex 117.05 -106.75 3.5
vertex 117.05 -107 0
vertex 117.05 -107 3.5
endloop
endfacet
facet normal -1 0 0
outer loop
vertex 117.05 -93 3.5
vertex 117.05 -93 0
vertex 117.05 -93.25 0
endloop
endfacet
facet normal -1 0 0
outer loop
vertex 117.05 -93 3.5
vertex 117.05 -93.25 0
vertex 117.05 -93.25 3.5
endloop
endfacet
facet normal 0 1 0
outer loop
vertex 102 -106.75 3.5
vertex 102 -106.75 0
vertex 98 -106.75 0
endloop
endfacet
facet normal 0 1 0
outer loop
vertex 102 -106.75 3.5
vertex 98 -106.75 0
vertex 98 -106.75 3.5
endloop
endfacet
facet normal 0 1 0
outer loop
vertex 121.05 -106.75 3.5
vertex 121.05 -106.75 0
vertex 117.05 -106.75 0
endloop
endfacet
facet normal 0 1 0
outer loop
vertex 121.05 -106.75 3.5
vertex 117.05 -106.75 0
vertex 117.05 -106.75 3.5
endloop
endfacet
facet normal 0 1 0
outer loop
vertex 140.1 -106.75 3.5
vertex 140.1 -106.75 0
vertex 136.1 -106.75 0
endloop
endfacet
facet normal 0 1 0
outer loop
vertex 140.1 -106.75 3.5
vertex 136.1 -106.75 0
vertex 136.1 -106.75 3.5
endloop
endfacet
facet normal 0 1 0
outer loop
vertex 159.15 -106.75 3.5
vertex 159.15 -106.75 0
vertex 155.15 -106.75 0
endloop
endfacet
facet normal 0 1 0
outer loop
vertex 159.15 -106.75 3.5
vertex 155.15 -106.75 0
vertex 155.15 -106.75 3.5
endloop
endfacet
facet normal 0 1 0
outer loop
vertex 178.2 -106.75 3.5
vertex 178.2 -106.75 0
vertex 174.2 -106.75 0
endloop
endfacet
facet normal 0 1 0
outer loop
vertex 178.2 -106.75 3.5
vertex 174.2 -106.75 0
vertex 174.2 -106.75 3.5
endloop
endfacet
facet normal 0 1 0
outer loop
vertex 197.25 -106.75 3.5
vertex 197.25 -106.75 0
vertex 193.25 -106.75 0
endloop
endfacet
facet normal 0 1 0
outer loop
vertex 197.25 -106.75 3.5
vertex 193.25 -106.75 0
vertex 193.25 -106.75 3.5
endloop
endfacet
facet normal 0 1 0
outer loop
vertex 216.3 -106.75 3.5
vertex 216.3 -106.75 0
vertex 212.3 -106.75 0
endloop
endfacet
facet normal 0 1 0
outer loop
vertex 216.3 -106.75 3.5
vertex 212.3 -106.75 0
vertex 212.3 -106.75 3.5
endloop
endfacet
facet normal 1 0 0
outer loop
vertex 121.05 -106.75 0
vertex 121.05 -106.75 3.5
vertex 121.05 -107 3.5
endloop
endfacet
facet normal 1 0 0
outer loop
vertex 121.05 -106.75 0
vertex 121.05 -107 3.5
vertex 121.05 -107 0
endloop
endfacet
facet normal 1 0 0
outer loop
vertex 121.05 -93 0
vertex 121.05 -93 3.5
vertex 121.05 -93.25 3.5
endloop
endfacet
facet normal 1 0 0
outer loop
vertex 121.05 -93 0
vertex 121.05 -93.25 3.5
vertex 121.05 -93.25 0
endloop
endfacet
facet normal -1 0 0
outer loop
vertex 126.05 -93 3.5
vertex 126.05 -93 0
vertex 126.05 -107 0
endloop
endfacet
facet normal -1 0 0
outer loop
vertex 126.05 -93 3.5
vertex 126.05 -107 0
vertex 126.05 -107 3.5
endloop
endfacet
facet normal 0 -1 0
outer loop
vertex 98 -93 0
vertex 98 -93 3.5
vertex 93 -93 3.5
endloop
endfacet
facet normal 0 -1 0
outer loop
vertex 98 -93 0
vertex 93 -93 3.5
vertex 93 -93 0
endloop
endfacet
facet normal 0 -1 0
outer loop
vertex 107 -93 0
vertex 107 -93 3.5
vertex 102 -93 3.5
endloop
endfacet
facet normal 0 -1 0
outer loop
vertex 107 -93 0
vertex 102 -93 3.5
vertex 102 -93 0
endloop
endfacet
facet normal 0 -1 0
outer loop
vertex 117.05 -93 0
vertex 117.05 -93 3.5
vertex 112.05 -93 3.5
endloop
endfacet
facet normal 0 -1 0
outer loop
vertex 117.05 -93 0
vertex 112.05 -93 3.5
vertex 112.05 -93 0
endloop
endfacet
facet normal 0 -1 0
outer loop
vertex 126.05 -93 0
vertex 126.05 -93 3.5
vertex 121.05 -93 3.5
endloop
endfacet
facet normal 0 -1 0
outer loop
vertex 126.05 -93 0
vertex 121.05 -93 3.5
vertex 121.05 -93 0
endloop
endfacet
facet normal 0 -1 0
outer loop
vertex 136.1 -93 0
vertex 136.1 -93 3.5
vertex 131.1 -93 3.5
endloop
endfacet
facet normal 0 -1 0
outer loop
vertex 136.1 -93 0
vertex 131.1 -93 3.5
vertex 131.1 -93 0
endloop
endfacet
facet normal 0 -1 0
outer loop
vertex 145.1 -93 0
vertex 145.1 -93 3.5
vertex 140.1 -93 3.5
endloop
endfacet
facet normal 0 -1 0
outer loop
vertex 145.1 -93 0
vertex 140.1 -93 3.5
vertex 140.1 -93 0
endloop
endfacet
facet normal 0 -1 0
outer loop
vertex 155.15 -93 0
vertex 155.15 -93 3.5
vertex 150.15 -93 3.5
endloop
endfacet
facet normal 0 -1 0
outer loop
vertex 155.15 -93 0
vertex 150.15 -93 3.5
vertex 150.15 -93 0
endloop
endfacet
facet normal 0 -1 0
outer loop
vertex 164.15 -93 0
vertex 164.15 -93 3.5
vertex 159.15 -93 3.5
endloop
endfacet
facet normal 0 -1 0
outer loop
vertex 164.15 -93 0
vertex 159.15 -93 3.5
vertex 159.15 -93 0
endloop
endfacet
facet normal 0 -1 0
outer loop
vertex 174.2 -93 0
vertex 174.2 -93 3.5
vertex 169.2 -93 3.5
endloop
endfacet
facet normal 0 -1 0
outer loop
vertex 174.2 -93 0
vertex 169.2 -93 3.5
vertex 169.2 -93 0
endloop
endfacet
facet normal 0 -1 0
outer loop
vertex 183.2 -93 0
vertex 183.2 -93 3.5
vertex 178.2 -93 3.5
endloop
endfacet
facet normal 0 -1 0
outer loop
vertex 183.2 -93 0
vertex 178.2 -93 3.5
vertex 178.2 -93 0
endloop
endfacet
facet normal 0 -1 0
outer loop
vertex 193.25 -93 0
vertex 193.25 -93 3.5
vertex 188.25 -93 3.5
endloop
endfacet
facet normal 0 -1 0
outer loop
vertex 193.25 -93 0
vertex 188.25 -93 3.5
vertex 188.25 -93 0
endloop
endfacet
facet normal 0 -1 0
outer loop
vertex 202.25 -93 0
vertex 202.25 -93 3.5
vertex 197.25 -93 3.5
endloop
endfacet
facet normal 0 -1 0
outer loop
vertex 202.25 -93 0
vertex 197.25 -93 3.5
vertex 197.25 -93 0
endloop
endfacet
facet normal 0 -1 0
outer loop
vertex 212.3 -93 0
vertex 212.3 -93 3.5
vertex 207.3 -93 3.5
endloop
endfacet
facet normal 0 -1 0
outer loop
vertex 212.3 -93 0
vertex 207.3 -93 3.5
vertex 207.3 -93 0
endloop
endfacet
facet normal 0 -1 0
outer loop
vertex 221.3 -93 0
vertex 221.3 -93 3.5
vertex 216.3 -93 3.5
endloop
endfacet
facet normal 0 -1 0
outer loop
vertex 221.3 -93 0
vertex 216.3 -93 3.5
vertex 216.3 -93 0
endloop
endfacet
facet normal 0 -1 0
outer loop
vertex 102 -93.25 0
vertex 102 -93.25 3.5
vertex 98 -93.25 3.5
endloop
endfacet
facet normal 0 -1 0
outer loop
vertex 102 -93.25 0
vertex 98 -93.25 3.5
vertex 98 -93.25 0
endloop
endfacet
facet normal 0 -1 0
outer loop
vertex 121.05 -93.25 0
vertex 121.05 -93.25 3.5
vertex 117.05 -93.25 3.5
endloop
endfacet
facet normal 0 -1 0
outer loop
vertex 121.05 -93.25 0
vertex 117.05 -93.25 3.5
vertex 117.05 -93.25 0
endloop
endfacet
facet normal 0 -1 0
outer loop
vertex 140.1 -93.25 0
vertex 140.1 -93.25 3.5
vertex 136.1 -93.25 3.5
endloop
endfacet
facet normal 0 -1 0
outer loop
vertex 140.1 -93.25 0
vertex 136.1 -93.25 3.5
vertex 136.1 -93.25 0
endloop
endfacet
facet normal 0 -1 0
outer loop
vertex 159.15 -93.25 0
vertex 159.15 -93.25 3.5
vertex 155.15 -93.25 3.5
endloop
endfacet
facet normal 0 -1 0
outer loop
vertex 159.15 -93.25 0
vertex 155.15 -93.25 3.5
vertex 155.15 -93.25 0
endloop
endfacet
facet normal 0 -1 0
outer loop
vertex 178.2 -93.25 0
vertex 178.2 -93.25 3.5
vertex 174.2 -93.25 3.5
endloop
endfacet
facet normal 0 -1 0
outer loop
vertex 178.2 -93.25 0
vertex 174.2 -93.25 3.5
vertex 174.2 -93.25 0
endloop
endfacet
facet normal 0 -1 0
outer loop
vertex 197.25 -93.25 0
vertex 197.25 -93.25 3.5
vertex 193.25 -93.25 3.5
endloop
endfacet
facet normal 0 -1 0
outer loop
vertex 197.25 -93.25 0
vertex 193.25 -93.25 3.5
vertex 193.25 -93.25 0
endloop
endfacet
facet normal 0 -1 0
outer loop
vertex 216.3 -93.25 0
vertex 216.3 -93.25 3.5
vertex 212.3 -93.25 3.5
endloop
endfacet
facet normal 0 -1 0
outer loop
vertex 216.3 -93.25 0
vertex 212.3 -93.25 3.5
vertex 212.3 -93.25 0
endloop
endfacet
facet normal 1 0 0
outer loop
vertex 112.05 -93 0
vertex 112.05 -93 3.5
vertex 112.05 -107 3.5
endloop
endfacet
facet normal 1 0 0
outer loop
vertex 112.05 -93 0
vertex 112.05 -107 3.5
vertex 112.05 -107 0
endloop
endfacet
facet normal 0 1 0
outer loop
vertex 102.76249999999999 -126.05 3.5
vertex 102.7625 -126.05 0
vertex 97.7625 -126.05 0
endloop
endfacet
facet normal 0 1 0
outer loop
vertex 102.76249999999999 -126.05 3.5
vertex 97.7625 -126.05 0
vertex 97.7625 -126.05 3.5
endloop
endfacet
facet normal 0 1 0
outer loop
vertex 111.76249999999999 -126.05 3.5
vertex 111.7625 -126.05 0
vertex 106.7625 -126.05 0
endloop
endfacet
facet normal 0 1 0
outer loop
vertex 111.76249999999999 -126.05 3.5
vertex 106.7625 -126.05 0
vertex 106.76249999999999 -126.05 3.5
endloop
endfacet
facet normal 0 1 0
outer loop
vertex 126.575 -126.05 3.5
vertex 126.575 -126.05 0
vertex 121.575 -126.05 0
endloop
endfacet
facet normal 0 1 0
outer loop
vertex 126.575 -126.05 3.5
vertex 121.575 -126.05 0
vertex 121.575 -126.05 3.5
endloop
endfacet
facet normal 0 1 0
outer loop
vertex 135.575 -126.05 3.5
vertex 135.575 -126.05 0
vertex 130.575 -126.05 0
endloop
endfacet
facet normal 0 1 0
outer loop
vertex 135.575 -126.05 3.5
vertex 130.575 -126.05 0
vertex 130.575 -126.05 3.5
endloop
endfacet
facet normal 0 1 0
outer loop
vertex 145.625 -126.05 3.5
vertex 145.625 -126.05 0
vertex 140.625 -126.05 0
endloop
endfacet
facet normal 0 1 0
outer loop
vertex 145.625 -126.05 3.5
vertex 140.625 -126.05 0
vertex 140.625 -126.05 3.5
endloop
endfacet
facet normal 0 1 0
outer loop
vertex 154.625 -126.05 3.5
vertex 154.625 -126.05 0
vertex 149.625 -126.05 0
endloop
endfacet
facet normal 0 1 0
outer loop
vertex 154.625 -126.05 3.5
vertex 149.625 -126.05 0
vertex 149.625 -126.05 3.5
endloop
endfacet
facet normal 0 1 0
outer loop
vertex 164.675 -126.05 3.5
vertex 164.675 -126.05 0
vertex 159.675 -126.05 0
endloop
endfacet
facet normal 0 1 0
outer loop
vertex 164.675 -126.05 3.5
vertex 159.675 -126.05 0
vertex 159.675 -126.05 3.5
endloop
endfacet
facet normal 0 1 0
outer loop
vertex 173.675 -126.05 3.5
vertex 173.675 -126.05 0
vertex 168.675 -126.05 0
endloop
endfacet
facet normal 0 1 0
outer loop
vertex 173.675 -126.05 3.5
vertex 168.675 -126.05 0
vertex 168.675 -126.05 3.5
endloop
endfacet
facet normal 0 1 0
outer loop
vertex 183.725 -126.05 3.5
vertex 183.725 -126.05 0
vertex 178.725 -126.05 0
endloop
endfacet
facet normal 0 1 0
outer loop
vertex 183.725 -126.05 3.5
vertex 178.725 -126.05 0
vertex 178.725 -126.05 3.5
endloop
endfacet
facet normal 0 1 0
outer loop
vertex 192.725 -126.05 3.5
vertex 192.725 -126.05 0
vertex 187.725 -126.05 0
endloop
endfacet
facet normal 0 1 0
outer loop
vertex 192.725 -126.05 3.5
vertex 187.725 -126.05 0
vertex 187.725 -126.05 3.5
endloop
endfacet
facet normal 0 1 0
outer loop
vertex 202.775 -126.05 3.5
vertex 202.775 -126.05 0
vertex 197.775 -126.05 0
endloop
endfacet
facet normal 0 1 0
outer loop
vertex 202.775 -126.05 3.5
vertex 197.775 -126.05 0
vertex 197.775 -126.05 3.5
endloop
endfacet
facet normal 0 1 0
outer loop
vertex 211.775 -126.05 3.5
vertex 211.775 -126.05 0
vertex 206.775 -126.05 0
endloop
endfacet
facet normal 0 1 0
outer loop
vertex 211.775 -126.05 3.5
vertex 206.775 -126.05 0
vertex 206.775 -126.05 3.5
endloop
endfacet
facet normal 0 1 0
outer loop
vertex 221.825 -126.05 3.5
vertex 221.825 -126.05 0
vertex 216.825 -126.05 0
endloop
endfacet
facet normal 0 1 0
outer loop
vertex 221.825 -126.05 3.5
vertex 216.825 -126.05 0
vertex 216.825 -126.05 3.5
endloop
endfacet
facet normal 0 1 0
outer loop
vertex 230.825 -126.05 3.5
vertex 230.825 -126.05 0
vertex 225.825 -126.05 0
endloop
endfacet
facet normal 0 1 0
outer loop
vertex 230.825 -126.05 3.5
vertex 225.825 -126.05 0
vertex 225.825 -126.05 3.5
endloop
endfacet
facet normal -1 0 0
outer loop
vertex 102.76249999999999 -125.8 3.5
vertex 102.7625 -125.8 0
vertex 102.7625 -126.05 0
endloop
endfacet
facet normal -1 0 0
outer loop
vertex 102.76249999999999 -125.8 3.5
vertex 102.7625 -126.05 0
vertex 102.76249999999999 -126.05 3.5
endloop
endfacet
facet normal -1 0 0
outer loop
vertex 102.7625 -112.05 3.5
vertex 102.76250000000002 -112.05 0
vertex 102.76250000000002 -112.3 0
endloop
endfacet
facet normal -1 0 0
outer loop
vertex 102.7625 -112.05 3.5
vertex 102.76250000000002 -112.3 0
vertex 102.7625 -112.3 3.5
endloop
endfacet
facet normal 0 1 0
outer loop
vertex 106.7625 -125.8 3.5
vertex 106.76249999999999 -125.8 0
vertex 102.7625 -125.8 0
endloop
endfacet
facet normal 0 1 0
outer loop
vertex 106.7625 -125.8 3.5
vertex 102.7625 -125.8 0
vertex 102.76249999999999 -125.8 3.5
endloop
endfacet
facet normal 0 1 0
outer loop
vertex 130.575 -125.8 3.5
vertex 130.575 -125.8 0
vertex 126.575 -125.8 0
endloop
endfacet
facet normal 0 1 0
outer loop
vertex 130.575 -125.8 3.5
vertex 126.575 -125.8 0
vertex 126.575 -125.8 3.5
endloop
endfacet
facet normal 0 1 0
outer loop
vertex 149.625 -125.8 3.5
vertex 149.625 -125.8 0
vertex 145.625 -125.8 0
endloop
endfacet
facet normal 0 1 0
outer loop
vertex 149.625 -125.8 3.5
vertex 145.625 -125.8 0
vertex 145.625 -125.8 3.5
endloop
endfacet
facet normal 0 1 0
outer loop
vertex 168.675 -125.8 3.5
vertex 168.675 -125.8 0
vertex 164.675 -125.8 0
endloop
endfacet
facet normal 0 1 0
outer loop
vertex 168.675 -125.8 3.5
vertex 164.675 -125.8 0
vertex 164.675 -125.8 3.5
endloop
endfacet
facet normal 0 1 0
outer loop
vertex 187.725 -125.8 3.5
vertex 187.725 -125.8 0
vertex 183.725 -125.8 0
endloop
endfacet
facet normal 0 1 0
outer loop
vertex 187.725 -125.8 3.5
vertex 183.725 -125.8 0
vertex 183.725 -125.8 3.5
endloop
endfacet
facet normal 0 1 0
outer loop
vertex 206.775 -125.8 3.5
vertex 206.775 -125.8 0
vertex 202.775 -125.8 0
endloop
endfacet
facet normal 0 1 0
outer loop
vertex 206.775 -125.8 3.5
vertex 202.775 -125.8 0
vertex 202.775 -125.8 3.5
endloop
endfacet
facet normal 0 1 0
outer loop
vertex 225.825 -125.8 3.5
vertex 225.825 -125.8 0
vertex 221.825 -125.8 0
endloop
endfacet
facet normal 0 1 0
outer loop
vertex 225.825 -125.8 3.5
vertex 221.825 -125.8 0
vertex 221.825 -125.8 3.5
endloop
endfacet
facet normal 1 0 0
outer loop
vertex 106.76249999999999 -125.8 0
vertex 106.7625 -125.8 3.5
vertex 106.76249999999999 -126.05 3.5
endloop
endfacet
facet normal 1 0 0
outer loop
vertex 106.76249999999999 -125.8 0
vertex 106.76249999999999 -126.05 3.5
vertex 106.7625 -126.05 0
endloop
endfacet
facet normal 1 0 0
outer loop
vertex 106.7625 -112.05 0
vertex 106.7625 -112.05 3.5
vertex 106.7625 -112.3 3.5
endloop
endfacet
facet normal 1 0 0
outer loop
vertex 106.7625 -112.05 0
vertex 106.7625 -112.3 3.5
vertex 106.7625 -112.3 0
endloop
endfacet
facet normal -1 0 0
outer loop
vertex 111.7625 -112.05 3.5
vertex 111.7625 -112.05 0
vertex 111.7625 -126.05 0
endloop
endfacet
facet normal -1 0 0
outer loop
vertex 111.7625 -112.05 3.5
vertex 111.7625 -126.05 0
vertex 111.76249999999999 -126.05 3.5
endloop
endfacet
facet normal 0 -1 0
outer loop
vertex 102.76250000000002 -112.05 0
vertex 102.7625 -112.05 3.5
vertex 97.7625 -112.05 3.5
endloop
endfacet
facet normal 0 -1 0
outer loop
vertex 102.76250000000002 -112.05 0
vertex 97.7625 -112.05 3.5
vertex 97.7625 -112.05 0
endloop
endfacet
facet normal 0 -1 0
outer loop
vertex 111.7625 -112.05 0
vertex 111.7625 -112.05 3.5
vertex 106.7625 -112.05 3.5
endloop
endfacet
facet normal 0 -1 0
outer loop
vertex 111.7625 -112.05 0
vertex 106.7625 -112.05 3.5
vertex 106.7625 -112.05 0
endloop
endfacet
facet normal 0 -1 0
outer loop
vertex 126.575 -112.05 0
vertex 126.575 -112.05 3.5
vertex 121.575 -112.05 3.5
endloop
endfacet
facet normal 0 -1 0
outer loop
vertex 126.575 -112.05 0
vertex 121.575 -112.05 3.5
vertex 121.575 -112.05 0
endloop
endfacet
facet normal 0 -1 0
outer loop
vertex 135.575 -112.05 0
vertex 135.575 -112.05 3.5
vertex 130.575 -112.05 3.5
endloop
endfacet
facet normal 0 -1 0
outer loop
vertex 135.575 -112.05 0
vertex 130.575 -112.05 3.5
vertex 130.575 -112.05 0
endloop
endfacet
facet normal 0 -1 0
outer loop
vertex 145.625 -112.05 0
vertex 145.625 -112.05 3.5
vertex 140.625 -112.05 3.5
endloop
endfacet
facet normal 0 -1 0
outer loop
vertex 145.625 -112.05 0
vertex 140.625 -112.05 3.5
vertex 140.625 -112.05 0
endloop
endfacet
facet normal 0 -1 0
outer loop
vertex 154.625 -112.05 0
vertex 154.625 -112.05 3.5
vertex 149.625 -112.05 3.5
endloop
endfacet
facet normal 0 -1 0
outer loop
vertex 154.625 -112.05 0
vertex 149.625 -112.05 3.5
vertex 149.625 -112.05 0
endloop
endfacet
facet normal 0 -1 0
outer loop
vertex 164.675 -112.05 0
vertex 164.675 -112.05 3.5
vertex 159.675 -112.05 3.5
endloop
endfacet
facet normal 0 -1 0
outer loop
vertex 164.675 -112.05 0
vertex 159.675 -112.05 3.5
vertex 159.675 -112.05 0
endloop
endfacet
facet normal 0 -1 0
outer loop
vertex 173.675 -112.05 0
vertex 173.675 -112.05 3.5
vertex 168.675 -112.05 3.5
endloop
endfacet
facet normal 0 -1 0
outer loop
vertex 173.675 -112.05 0
vertex 168.675 -112.05 3.5
vertex 168.675 -112.05 0
endloop
endfacet
facet normal 0 -1 0
outer loop
vertex 183.725 -112.05 0
vertex 183.725 -112.05 3.5
vertex 178.725 -112.05 3.5
endloop
endfacet
facet normal 0 -1 0
outer loop
vertex 183.725 -112.05 0
vertex 178.725 -112.05 3.5
vertex 178.725 -112.05 0
endloop
endfacet
facet normal 0 -1 0
outer loop
vertex 192.725 -112.05 0
vertex 192.725 -112.05 3.5
vertex 187.725 -112.05 3.5
endloop
endfacet
facet normal 0 -1 0
outer loop
vertex 192.725 -112.05 0
vertex 187.725 -112.05 3.5
vertex 187.725 -112.05 0
endloop
endfacet
facet normal 0 -1 0
outer loop
vertex 202.775 -112.05 0
vertex 202.775 -112.05 3.5
vertex 197.775 -112.05 3.5
endloop
endfacet
facet normal 0 -1 0
outer loop
vertex 202.775 -112.05 0
vertex 197.775 -112.05 3.5
vertex 197.775 -112.05 0
endloop
endfacet
facet normal 0 -1 0
outer loop
vertex 211.775 -112.05 0
vertex 211.775 -112.05 3.5
vertex 206.775 -112.05 3.5
endloop
endfacet
facet normal 0 -1 0
outer loop
vertex 211.775 -112.05 0
vertex 206.775 -112.05 3.5
vertex 206.775 -112.05 0
endloop
endfacet
facet normal 0 -1 0
outer loop
vertex 221.825 -112.05 0
vertex 221.825 -112.05 3.5
vertex 216.825 -112.05 3.5
endloop
endfacet
facet normal 0 -1 0
outer loop
vertex 221.825 -112.05 0
vertex 216.825 -112.05 3.5
vertex 216.825 -112.05 0
endloop
endfacet
facet normal 0 -1 0
outer loop
vertex 230.825 -112.05 0
vertex 230.825 -112.05 3.5
vertex 225.825 -112.05 3.5
endloop
endfacet
facet normal 0 -1 0
outer loop
vertex 230.825 -112.05 0
vertex 225.825 -112.05 3.5
vertex 225.825 -112.05 0
endloop
endfacet
facet normal 0 -1 0
outer loop
vertex 106.7625 -112.3 0
vertex 106.7625 -112.3 3.5
vertex 102.7625 -112.3 3.5
endloop
endfacet
facet normal 0 -1 0
outer loop
vertex 106.7625 -112.3 0
vertex 102.7625 -112.3 3.5
vertex 102.76250000000002 -112.3 0
endloop
endfacet
facet normal 0 -1 0
outer loop
vertex 130.575 -112.3 0
vertex 130.575 -112.3 3.5
vertex 126.575 -112.3 3.5
endloop
endfacet
facet normal 0 -1 0
outer loop
vertex 130.575 -112.3 0
vertex 126.575 -112.3 3.5
vertex 126.575 -112.3 0
endloop
endfacet
facet normal 0 -1 0
outer loop
vertex 149.625 -112.3 0
vertex 149.625 -112.3 3.5
vertex 145.625 -112.3 3.5
endloop
endfacet
facet normal 0 -1 0
outer loop
vertex 149.625 -112.3 0
vertex 145.625 -112.3 3.5
vertex 145.625 -112.3 0
endloop
endfacet
facet normal 0 -1 0
outer loop
vertex 168.675 -112.3 0
vertex 168.675 -112.3 3.5
vertex 164.675 -112.3 3.5
endloop
endfacet
facet normal 0 -1 0
outer loop
vertex 168.675 -112.3 0
vertex 164.675 -112.3 3.5
vertex 164.675 -112.3 0
endloop
endfacet
facet normal 0 -1 0
outer loop
vertex 187.725 -112.3 0
vertex 187.725 -112.3 3.5
vertex 183.725 -112.3 3.5
endloop
endfacet
facet normal 0 -1 0
outer loop
vertex 187.725 -112.3 0
vertex 183.725 -112.3 3.5
vertex 183.725 -112.3 0
endloop
endfacet
facet normal 0 -1 0
outer loop
vertex 206.775 -112.3 0
vertex 206.775 -112.3 3.5
vertex 202.775 -112.3 3.5
endloop
endfacet
facet normal 0 -1 0
outer loop
vertex 206.775 -112.3 0
vertex 202.775 -112.3 3.5
vertex 202.775 -112.3 0
endloop
endfacet
facet normal 0 -1 0
outer loop
vertex 225.825 -112.3 0
vertex 225.825 -112.3 3.5
vertex 221.825 -112.3 3.5
endloop
endfacet
facet normal 0 -1 0
outer loop
vertex 225.825 -112.3 0
vertex 221.825 -112.3 3.5
vertex 221.825 -112.3 0
endloop
endfacet
facet normal 1 0 0
outer loop
vertex 97.7625 -112.05 0
vertex 97.7625 -112.05 3.5
vertex 97.7625 -126.05 3.5
endloop
endfacet
facet normal 1 0 0
outer loop
vertex 97.7625 -112.05 0
vertex 97.7625 -126.05 3.5
vertex 97.7625 -126.05 0
endloop
endfacet
facet normal -1 0 0
outer loop
vertex 126.575 -125.8 3.5
vertex 126.575 -125.8 0
vertex 126.575 -126.05 0
endloop
endfacet
facet normal -1 0 0
outer loop
vertex 126.575 -125.8 3.5
vertex 126.575 -126.05 0
vertex 126.575 -126.05 3.5
endloop
endfacet
facet normal -1 0 0
outer loop
vertex 126.575 -112.05 3.5
vertex 126.575 -112.05 0
vertex 126.575 -112.3 0
endloop
endfacet
facet normal -1 0 0
outer loop
vertex 126.575 -112.05 3.5
vertex 126.575 -112.3 0
vertex 126.575 -112.3 3.5
endloop
endfacet
facet normal 1 0 0
outer loop
vertex 130.575 -125.8 0
vertex 130.575 -125.8 3.5
vertex 130.575 -126.05 3.5
endloop
endfacet
facet normal 1 0 0
outer loop
vertex 130.575 -125.8 0
vertex 130.575 -126.05 3.5
vertex 130.575 -126.05 0
endloop
endfacet
facet normal 1 0 0
outer loop
vertex 130.575 -112.05 0
vertex 130.575 -112.05 3.5
vertex 130.575 -112.3 3.5
endloop
endfacet
facet normal 1 0 0
outer loop
vertex 130.575 -112.05 0
vertex 130.575 -112.3 3.5
vertex 130.575 -112.3 0
endloop
endfacet
facet normal -1 0 0
outer loop
vertex 135.575 -112.05 3.5
vertex 135.575 -112.05 0
vertex 135.575 -126.05 0
endloop
endfacet
facet normal -1 0 0
outer loop
vertex 135.575 -112.05 3.5
vertex 135.575 -126.05 0
vertex 135.575 -126.05 3.5
endloop
endfacet
facet normal 1 0 0
outer loop
vertex 121.575 -112.05 0
vertex 121.575 -112.05 3.5
vertex 121.575 -126.05 3.5
endloop
endfacet
facet normal 1 0 0
outer loop
vertex 121.575 -112.05 0
vertex 121.575 -126.05 3.5
vertex 121.575 -126.05 0
endloop
endfacet
facet normal -1 0 0
outer loop
vertex 145.625 -125.8 3.5
vertex 145.625 -125.8 0
vertex 145.625 -126.05 0
endloop
endfacet
facet normal -1 0 0
outer loop
vertex 145.625 -125.8 3.5
vertex 145.625 -126.05 0
vertex 145.625 -126.05 3.5
endloop
endfacet
facet normal -1 0 0
outer loop
vertex 145.625 -112.05 3.5
vertex 145.625 -112.05 0
vertex 145.625 -112.3 0
endloop
endfacet
facet normal -1 0 0
outer loop
vertex 145.625 -112.05 3.5
vertex 145.625 -112.3 0
vertex 145.625 -112.3 3.5
endloop
endfacet
facet normal 1 0 0
outer loop
vertex 149.625 -125.8 0
vertex 149.625 -125.8 3.5
vertex 149.625 -126.05 3.5
endloop
endfacet
facet normal 1 0 0
outer loop
vertex 149.625 -125.8 0
vertex 149.625 -126.05 3.5
vertex 149.625 -126.05 0
endloop
endfacet
facet normal 1 0 0
outer loop
vertex 149.625 -112.05 0
vertex 149.625 -112.05 3.5
vertex 149.625 -112.3 3.5
endloop
endfacet
facet normal 1 0 0
outer loop
vertex 149.625 -112.05 0
vertex 149.625 -112.3 3.5
vertex 149.625 -112.3 0
endloop
endfacet
facet normal -1 0 0
outer loop
vertex 154.625 -112.05 3.5
vertex 154.625 -112.05 0
vertex 154.625 -126.05 0
endloop
endfacet
facet normal -1 0 0
outer loop
vertex 154.625 -112.05 3.5
vertex 154.625 -126.05 0
vertex 154.625 -126.05 3.5
endloop
endfacet
facet normal 1 0 0
outer loop
vertex 140.625 -112.05 0
vertex 140.625 -112.05 3.5
vertex 140.625 -126.05 3.5
endloop
endfacet
facet normal 1 0 0
outer loop
vertex 140.625 -112.05 0
vertex 140.625 -126.05 3.5
vertex 140.625 -126.05 0
endloop
endfacet
facet normal -1 0 0
outer loop
vertex 164.675 -125.8 3.5
vertex 164.675 -125.8 0
vertex 164.675 -126.05 0
endloop
endfacet
facet normal -1 0 0
outer loop
vertex 164.675 -125.8 3.5
vertex 164.675 -126.05 0
vertex 164.675 -126.05 3.5
endloop
endfacet
facet normal -1 0 0
outer loop
vertex 164.675 -112.05 3.5
vertex 164.675 -112.05 0
vertex 164.675 -112.3 0
endloop
endfacet
facet normal -1 0 0
outer loop
vertex 164.675 -112.05 3.5
vertex 164.675 -112.3 0
vertex 164.675 -112.3 3.5
endloop
endfacet
facet normal 1 0 0
outer loop
vertex 168.675 -125.8 0
vertex 168.675 -125.8 3.5
vertex 168.675 -126.05 3.5
endloop
endfacet
facet normal 1 0 0
outer loop
vertex 168.675 -125.8 0
vertex 168.675 -126.05 3.5
vertex 168.675 -126.05 0
endloop
endfacet
facet normal 1 0 0
outer loop
vertex 168.675 -112.05 0
vertex 168.675 -112.05 3.5
vertex 168.675 -112.3 3.5
endloop
endfacet
facet normal 1 0 0
outer loop
vertex 168.675 -112.05 0
vertex 168.675 -112.3 3.5
vertex 168.675 -112.3 0
endloop
endfacet
facet normal -1 0 0
outer loop
vertex 173.675 -112.05 3.5
vertex 173.675 -112.05 0
vertex 173.675 -126.05 0
endloop
endfacet
facet normal -1 0 0
outer loop
vertex 173.675 -112.05 3.5
vertex 173.675 -126.05 0
vertex 173.675 -126.05 3.5
endloop
endfacet
facet normal 1 0 0
outer loop
vertex 159.675 -112.05 0
vertex 159.675 -112.05 3.5
vertex 159.675 -126.05 3.5
endloop
endfacet
facet normal 1 0 0
outer loop
vertex 159.675 -112.05 0
vertex 159.675 -126.05 3.5
vertex 159.675 -126.05 0
endloop
endfacet
facet normal -1 0 0
outer loop
vertex 183.725 -125.8 3.5
vertex 183.725 -125.8 0
vertex 183.725 -126.05 0
endloop
endfacet
facet normal -1 0 0
outer loop
vertex 183.725 -125.8 3.5
vertex 183.725 -126.05 0
vertex 183.725 -126.05 3.5
endloop
endfacet
facet normal -1 0 0
outer loop
vertex 183.725 -112.05 3.5
vertex 183.725 -112.05 0
vertex 183.725 -112.3 0
endloop
endfacet
facet normal -1 0 0
outer loop
vertex 183.725 -112.05 3.5
vertex 183.725 -112.3 0
vertex 183.725 -112.3 3.5
endloop
endfacet
facet normal 1 0 0
outer loop
vertex 187.725 -125.8 0
vertex 187.725 -125.8 3.5
vertex 187.725 -126.05 3.5
endloop
endfacet
facet normal 1 0 0
outer loop
vertex 187.725 -125.8 0
vertex 187.725 -126.05 3.5
vertex 187.725 -126.05 0
endloop
endfacet
facet normal 1 0 0
outer loop
vertex 187.725 -112.05 0
vertex 187.725 -112.05 3.5
vertex 187.725 -112.3 3.5
endloop
endfacet
facet normal 1 0 0
outer loop
vertex 187.725 -112.05 0
vertex 187.725 -112.3 3.5
vertex 187.725 -112.3 0
endloop
endfacet
facet normal -1 0 0
outer loop
vertex 192.725 -112.05 3.5
vertex 192.725 -112.05 0
vertex 192.725 -126.05 0
endloop
endfacet
facet normal -1 0 0
outer loop
vertex 192.725 -112.05 3.5
vertex 192.725 -126.05 0
vertex 192.725 -126.05 3.5
endloop
endfacet
facet normal 1 0 0
outer loop
vertex 178.725 -112.05 0
vertex 178.725 -112.05 3.5
vertex 178.725 -126.05 3.5
endloop
endfacet
facet normal 1 0 0
outer loop
vertex 178.725 -112.05 0
vertex 178.725 -126.05 3.5
vertex 178.725 -126.05 0
endloop
endfacet
facet normal -1 0 0
outer loop
vertex 202.775 -125.8 3.5
vertex 202.775 -125.8 0
vertex 202.775 -126.05 0
endloop
endfacet
facet normal -1 0 0
outer loop
vertex 202.775 -125.8 3.5
vertex 202.775 -126.05 0
vertex 202.775 -126.05 3.5
endloop
endfacet
facet normal -1 0 0
outer loop
vertex 202.775 -112.05 3.5
vertex 202.775 -112.05 0
vertex 202.775 -112.3 0
endloop
endfacet
facet normal -1 0 0
outer loop
vertex 202.775 -112.05 3.5
vertex 202.775 -112.3 0
vertex 202.775 -112.3 3.5
endloop
endfacet
facet normal -1 0 0
outer loop
vertex 202.775 -82.9375 3.5
vertex 202.775 -82.9375 0
vertex 202.775 -83.1875 0
endloop
endfacet
facet normal -1 0 0
outer loop
vertex 202.775 -82.9375 3.5
vertex 202.775 -83.1875 0
vertex 202.775 -83.1875 3.5
endloop
endfacet
facet normal -1 0 0
outer loop
vertex 202.775 -69.1875 3.5
vertex 202.775 -69.1875 0
vertex 202.775 -69.4375 0
endloop
endfacet
facet normal -1 0 0
outer loop
vertex 202.775 -69.1875 3.5
vertex 202.775 -69.4375 0
vertex 202.775 -69.4375 3.5
endloop
endfacet
facet normal 1 0 0
outer loop
vertex 206.775 -125.8 0
vertex 206.775 -125.8 3.5
vertex 206.775 -126.05 3.5
endloop
endfacet
facet normal 1 0 0
outer loop
vertex 206.775 -125.8 0
vertex 206.775 -126.05 3.5
vertex 206.775 -126.05 0
endloop
endfacet
facet normal 1 0 0
outer loop
vertex 206.775 -112.05 0
vertex 206.775 -112.05 3.5
vertex 206.775 -112.3 3.5
endloop
endfacet
facet normal 1 0 0
outer loop
vertex 206.775 -112.05 0
vertex 206.775 -112.3 3.5
vertex 206.775 -112.3 0
endloop
endfacet
facet normal 1 0 0
outer loop
vertex 206.775 -82.9375 0
vertex 206.775 -82.9375 3.5
vertex 206.775 -83.1875 3.5
endloop
endfacet
facet normal 1 0 0
outer loop
vertex 206.775 -82.9375 0
vertex 206.775 -83.1875 3.5
vertex 206.775 -83.1875 0
endloop
endfacet
facet normal 1 0 0
outer loop
vertex 206.775 -69.1875 0
vertex 206.775 -69.1875 3.5
vertex 206.775 -69.4375 3.5
endloop
endfacet
facet normal 1 0 0
outer loop
vertex 206.775 -69.1875 0
vertex 206.775 -69.4375 3.5
vertex 206.775 -69.4375 0
endloop
endfacet
facet normal -1 0 0
outer loop
vertex 211.775 -112.05 3.5
vertex 211.775 -112.05 0
vertex 211.775 -126.05 0
endloop
endfacet
facet normal -1 0 0
outer loop
vertex 211.775 -112.05 3.5
vertex 211.775 -126.05 0
vertex 211.775 -126.05 3.5
endloop
endfacet
facet normal -1 0 0
outer loop
vertex 211.775 -69.1875 3.5
vertex 211.775 -69.1875 0
vertex 211.775 -83.1875 0
endloop
endfacet
facet normal -1 0 0
outer loop
vertex 211.775 -69.1875 3.5
vertex 211.775 -83.1875 0
vertex 211.775 -83.1875 3.5
endloop
endfacet
facet normal 1 0 0
outer loop
vertex 197.775 -112.05 0
vertex 197.775 -112.05 3.5
vertex 197.775 -126.05 3.5
endloop
endfacet
facet normal 1 0 0
outer loop
vertex 197.775 -112.05 0
vertex 197.775 -126.05 3.5
vertex 197.775 -126.05 0
endloop
endfacet
facet normal 1 0 0
outer loop
vertex 197.775 -69.1875 0
vertex 197.775 -69.1875 3.5
vertex 197.775 -83.1875 3.5
endloop
endfacet
facet normal 1 0 0
outer loop
vertex 197.775 -69.1875 0
vertex 197.775 -83.1875 3.5
vertex 197.775 -83.1875 0
endloop
endfacet
facet normal -1 0 0
outer loop
vertex 221.825 -125.8 3.5
vertex 221.825 -125.8 0
vertex 221.825 -126.05 0
endloop
endfacet
facet normal -1 0 0
outer loop
vertex 221.825 -125.8 3.5
vertex 221.825 -126.05 0
vertex 221.825 -126.05 3.5
endloop
endfacet
facet normal -1 0 0
outer loop
vertex 221.825 -112.05 3.5
vertex 221.825 -112.05 0
vertex 221.825 -112.3 0
endloop
endfacet
facet normal -1 0 0
outer loop
vertex 221.825 -112.05 3.5
vertex 221.825 -112.3 0
vertex 221.825 -112.3 3.5
endloop
endfacet
facet normal 1 0 0
outer loop
vertex 225.825 -125.8 0
vertex 225.825 -125.8 3.5
vertex 225.825 -126.05 3.5
endloop
endfacet
facet normal 1 0 0
outer loop
vertex 225.825 -125.8 0
vertex 225.825 -126.05 3.5
vertex 225.825 -126.05 0
endloop
endfacet
facet normal 1 0 0
outer loop
vertex 225.825 -112.05 0
vertex 225.825 -112.05 3.5
vertex 225.825 -112.3 3.5
endloop
endfacet
facet normal 1 0 0
outer loop
vertex 225.825 -112.05 0
vertex 225.825 -112.3 3.5
vertex 225.825 -112.3 0
endloop
endfacet
facet normal -1 0 0
outer loop
vertex 230.825 -112.05 3.5
vertex 230.825 -112.05 0
vertex 230.825 -126.05 0
endloop
endfacet
facet normal -1 0 0
outer loop
vertex 230.825 -112.05 3.5
vertex 230.825 -126.05 0
vertex 230.825 -126.05 3.5
endloop
endfacet
facet normal 1 0 0
outer loop
vertex 216.825 -112.05 0
vertex 216.825 -112.05 3.5
vertex 216.825 -126.05 3.5
endloop
endfacet
facet normal 1 0 0
outer loop
vertex 216.825 -112.05 0
vertex 216.825 -126.05 3.5
vertex 216.825 -126.05 0
endloop
endfacet
facet normal -1 0 0
outer loop
vertex 98 -106.75 3.5
vertex 98 -106.75 0
vertex 98 -107 0
endloop
endfacet
facet normal -1 0 0
outer loop
vertex 98 -106.75 3.5
vertex 98 -107 0
vertex 98 -107 3.5
endloop
endfacet
facet normal -1 0 0
outer loop
vertex 98 -93 3.5
vertex 98 -93 0
vertex 98 -93.25 0
endloop
endfacet
facet normal -1 0 0
outer loop
vertex 98 -93 3.5
vertex 98 -93.25 0
vertex 98 -93.25 3.5
endloop
endfacet
facet normal -1 0 0
outer loop
vertex 98 -82.9375 3.5
vertex 98 -82.9375 0
vertex 98 -83.1875 0
endloop
endfacet
facet normal -1 0 0
outer loop
vertex 98 -82.9375 3.5
vertex 98 -83.1875 0
vertex 98 -83.1875 3.5
endloop
endfacet
facet normal -1 0 0
outer loop
vertex 98 -69.1875 3.5
vertex 98 -69.1875 0
vertex 98 -69.4375 0
endloop
endfacet
facet normal -1 0 0
outer loop
vertex 98 -69.1875 3.5
vertex 98 -69.4375 0
vertex 98 -69.4375 3.5
endloop
endfacet
facet normal 1 0 0
outer loop
vertex 102 -106.75 0
vertex 102 -106.75 3.5
vertex 102 -107 3.5
endloop
endfacet
facet normal 1 0 0
outer loop
vertex 102 -106.75 0
vertex 102 -107 3.5
vertex 102 -107 0
endloop
endfacet
facet normal 1 0 0
outer loop
vertex 102 -93 0
vertex 102 -93 3.5
vertex 102 -93.25 3.5
endloop
endfacet
facet normal 1 0 0
outer loop
vertex 102 -93 0
vertex 102 -93.25 3.5
vertex 102 -93.25 0
endloop
endfacet
facet normal 1 0 0
outer loop
vertex 102 -82.9375 0
vertex 102 -82.9375 3.5
vertex 102 -83.1875 3.5
endloop
endfacet
facet normal 1 0 0
outer loop
vertex 102 -82.9375 0
vertex 102 -83.1875 3.5
vertex 102 -83.1875 0
endloop
endfacet
facet normal 1 0 0
outer loop
vertex 102 -69.1875 0
vertex 102 -69.1875 3.5
vertex 102 -69.4375 3.5
endloop
endfacet
facet normal 1 0 0
outer loop
vertex 102 -69.1875 0
vertex 102 -69.4375 3.5
vertex 102 -69.4375 0
endloop
endfacet
facet normal -1 0 0
outer loop
vertex 107 -93 3.5
vertex 107 -93 0
vertex 107 -107 0
endloop
endfacet
facet normal -1 0 0
outer loop
vertex 107 -93 3.5
vertex 107 -107 0
vertex 107 -107 3.5
endloop
endfacet
facet normal -1 0 0
outer loop
vertex 107 -69.1875 3.5
vertex 107 -69.1875 0
vertex 107 -83.1875 0
endloop
endfacet
facet normal -1 0 0
outer loop
vertex 107 -69.1875 3.5
vertex 107 -83.1875 0
vertex 107 -83.1875 3.5
endloop
endfacet
facet normal 1 0 0
outer loop
vertex 93 -93 0
vertex 93 -93 3.5
vertex 93 -107 3.5
endloop
endfacet
facet normal 1 0 0
outer loop
vertex 93 -93 0
vertex 93 -107 3.5
vertex 93 -107 0
endloop
endfacet
facet normal 1 0 0
outer loop
vertex 93 -69.1875 0
vertex 93 -69.1875 3.5
vertex 93 -83.1875 3.5
endloop
endfacet
facet normal 1 0 0
outer loop
vertex 93 -69.1875 0
vertex 93 -83.1875 3.5
vertex 93 -83.1875 0
endloop
endfacet
facet normal -1 0 0
outer loop
vertex 136.1 -106.75 3.5
vertex 136.1 -106.75 0
vertex 136.1 -107 0
endloop
endfacet
facet normal -1 0 0
outer loop
vertex 136.1 -106.75 3.5
vertex 136.1 -107 0
vertex 136.1 -107 3.5
endloop
endfacet
facet normal -1 0 0
outer loop
vertex 136.1 -93 3.5
vertex 136.1 -93 0
vertex 136.1 -93.25 0
endloop
endfacet
facet normal -1 0 0
outer loop
vertex 136.1 -93 3.5
vertex 136.1 -93.25 0
vertex 136.1 -93.25 3.5
endloop
endfacet
facet normal 1 0 0
outer loop
vertex 140.1 -106.75 0
vertex 140.1 -106.75 3.5
vertex 140.1 -107 3.5
endloop
endfacet
facet normal 1 0 0
outer loop
vertex 140.1 -106.75 0
vertex 140.1 -107 3.5
vertex 140.1 -107 0
endloop
endfacet
facet normal 1 0 0
outer loop
vertex 140.1 -93 0
vertex 140.1 -93 3.5
vertex 140.1 -93.25 3.5
endloop
endfacet
facet normal 1 0 0
outer loop
vertex 140.1 -93 0
vertex 140.1 -93.25 3.5
vertex 140.1 -93.25 0
endloop
endfacet
facet normal -1 0 0
outer loop
vertex 145.1 -93 3.5
vertex 145.1 -93 0
vertex 145.1 -107 0
endloop
endfacet
facet normal -1 0 0
outer loop
vertex 145.1 -93 3.5
vertex 145.1 -107 0
vertex 145.1 -107 3.5
endloop
endfacet
facet normal 1 0 0
outer loop
vertex 131.1 -93 0
vertex 131.1 -93 3.5
vertex 131.1 -107 3.5
endloop
endfacet
facet normal 1 0 0
outer loop
vertex 131.1 -93 0
vertex 131.1 -107 3.5
vertex 131.1 -107 0
endloop
endfacet
facet normal -1 0 0
outer loop
vertex 155.15 -106.75 3.5
vertex 155.15 -106.75 0
vertex 155.15 -107 0
endloop
endfacet
facet normal -1 0 0
outer loop
vertex 155.15 -106.75 3.5
vertex 155.15 -107 0
vertex 155.15 -107 3.5
endloop
endfacet
facet normal -1 0 0
outer loop
vertex 155.15 -93 3.5
vertex 155.15 -93 0
vertex 155.15 -93.25 0
endloop
endfacet
facet normal -1 0 0
outer loop
vertex 155.15 -93 3.5
vertex 155.15 -93.25 0
vertex 155.15 -93.25 3.5
endloop
endfacet
facet normal 1 0 0
outer loop
vertex 159.15 -106.75 0
vertex 159.15 -106.75 3.5
vertex 159.15 -107 3.5
endloop
endfacet
facet normal 1 0 0
outer loop
vertex 159.15 -106.75 0
vertex 159.15 -107 3.5
vertex 159.15 -107 0
endloop
endfacet
facet normal 1 0 0
outer loop
vertex 159.15 -93 0
vertex 159.15 -93 3.5
vertex 159.15 -93.25 3.5
endloop
endfacet
facet normal 1 0 0
outer loop
vertex 159.15 -93 0
vertex 159.15 -93.25 3.5
vertex 159.15 -93.25 0
endloop
endfacet
facet normal -1 0 0
outer loop
vertex 164.15 -93 3.5
vertex 164.15 -93 0
vertex 164.15 -107 0
endloop
endfacet
facet normal -1 0 0
outer loop
vertex 164.15 -93 3.5
vertex 164.15 -107 0
vertex 164.15 -107 3.5
endloop
endfacet
facet normal 1 0 0
outer loop
vertex 150.15 -93 0
vertex 150.15 -93 3.5
vertex 150.15 -107 3.5
endloop
endfacet
facet normal 1 0 0
outer loop
vertex 150.15 -93 0
vertex 150.15 -107 3.5
vertex 150.15 -107 0
endloop
endfacet
facet normal -1 0 0
outer loop
vertex 174.2 -106.75 3.5
vertex 174.2 -106.75 0
vertex 174.2 -107 0
endloop
endfacet
facet normal -1 0 0
outer loop
vertex 174.2 -106.75 3.5
vertex 174.2 -107 0
vertex 174.2 -107 3.5
endloop
endfacet
facet normal -1 0 0
outer loop
vertex 174.2 -93 3.5
vertex 174.2 -93 0
vertex 174.2 -93.25 0
endloop
endfacet
facet normal -1 0 0
outer loop
vertex 174.2 -93 3.5
vertex 174.2 -93.25 0
vertex 174.2 -93.25 3.5
endloop
endfacet
facet normal 1 0 0
outer loop
vertex 178.2 -106.75 0
vertex 178.2 -106.75 3.5
vertex 178.2 -107 3.5
endloop
endfacet
facet normal 1 0 0
outer loop
vertex 178.2 -106.75 0
vertex 178.2 -107 3.5
vertex 178.2 -107 0
endloop
endfacet
facet normal 1 0 0
outer loop
vertex 178.2 -93 0
vertex 178.2 -93 3.5
vertex 178.2 -93.25 3.5
endloop
endfacet
facet normal 1 0 0
outer loop
vertex 178.2 -93 0
vertex 178.2 -93.25 3.5
vertex 178.2 -93.25 0
endloop
endfacet
facet normal -1 0 0
outer loop
vertex 183.2 -93 3.5
vertex 183.2 -93 0
vertex 183.2 -107 0
endloop
endfacet
facet normal -1 0 0
outer loop
vertex 183.2 -93 3.5
vertex 183.2 -107 0
vertex 183.2 -107 3.5
endloop
endfacet
facet normal 1 0 0
outer loop
vertex 169.2 -93 0
vertex 169.2 -93 3.5
vertex 169.2 -107 3.5
endloop
endfacet
facet normal 1 0 0
outer loop
vertex 169.2 -93 0
vertex 169.2 -107 3.5
vertex 169.2 -107 0
endloop
endfacet
facet normal -1 0 0
outer loop
vertex 193.25 -106.75 3.5
vertex 193.25 -106.75 0
vertex 193.25 -107 0
endloop
endfacet
facet normal -1 0 0
outer loop
vertex 193.25 -106.75 3.5
vertex 193.25 -107 0
vertex 193.25 -107 3.5
endloop
endfacet
facet normal -1 0 0
outer loop
vertex 193.25 -93 3.5
vertex 193.25 -93 0
vertex 193.25 -93.25 0
endloop
endfacet
facet normal -1 0 0
outer loop
vertex 193.25 -93 3.5
vertex 193.25 -93.25 0
vertex 193.25 -93.25 3.5
endloop
endfacet
facet normal 1 0 0
outer loop
vertex 197.25 -106.75 0
vertex 197.25 -106.75 3.5
vertex 197.25 -107 3.5
endloop
endfacet
facet normal 1 0 0
outer loop
vertex 197.25 -106.75 0
vertex 197.25 -107 3.5
vertex 197.25 -107 0
endloop
endfacet
facet normal 1 0 0
outer loop
vertex 197.25 -93 0
vertex 197.25 -93 3.5
vertex 197.25 -93.25 3.5
endloop
endfacet
facet normal 1 0 0
outer loop
vertex 197.25 -93 0
vertex 197.25 -93.25 3.5
vertex 197.25 -93.25 0
endloop
endfacet
facet normal -1 0 0
outer loop
vertex 202.25 -93 3.5
vertex 202.25 -93 0
vertex 202.25 -107 0
endloop
endfacet
facet normal -1 0 0
outer loop
vertex 202.25 -93 3.5
vertex 202.25 -107 0
vertex 202.25 -107 3.5
endloop
endfacet
facet normal 1 0 0
outer loop
vertex 188.25 -93 0
vertex 188.25 -93 3.5
vertex 188.25 -107 3.5
endloop
endfacet
facet normal 1 0 0
outer loop
vertex 188.25 -93 0
vertex 188.25 -107 3.5
vertex 188.25 -107 0
endloop
endfacet
facet normal -1 0 0
outer loop
vertex 212.3 -106.75 3.5
vertex 212.3 -106.75 0
vertex 212.3 -107 0
endloop
endfacet
facet normal -1 0 0
outer loop
vertex 212.3 -106.75 3.5
vertex 212.3 -107 0
vertex 212.3 -107 3.5
endloop
endfacet
facet normal -1 0 0
outer loop
vertex 212.3 -93 3.5
vertex 212.3 -93 0
vertex 212.3 -93.25 0
endloop
endfacet
facet normal -1 0 0
outer loop
vertex 212.3 -93 3.5
vertex 212.3 -93.25 0
vertex 212.3 -93.25 3.5
endloop
endfacet
facet normal 1 0 0
outer loop
vertex 216.3 -106.75 0
vertex 216.3 -106.75 3.5
vertex 216.3 -107 3.5
endloop
endfacet
facet normal 1 0 0
outer loop
vertex 216.3 -106.75 0
vertex 216.3 -107 3.5
vertex 216.3 -107 0
endloop
endfacet
facet normal 1 0 0
outer loop
vertex 216.3 -93 0
vertex 216.3 -93 3.5
vertex 216.3 -93.25 3.5
endloop
endfacet
facet normal 1 0 0
outer loop
vertex 216.3 -93 0
vertex 216.3 -93.25 3.5
vertex 216.3 -93.25 0
endloop
endfacet
facet normal -1 0 0
outer loop
vertex 221.3 -93 3.5
vertex 221.3 -93 0
vertex 221.3 -107 0
endloop
endfacet
facet normal -1 0 0
outer loop
vertex 221.3 -93 3.5
vertex 221.3 -107 0
vertex 221.3 -107 3.5
endloop
endfacet
facet normal 1 0 0
outer loop
vertex 207.3 -93 0
vertex 207.3 -93 3.5
vertex 207.3 -107 3.5
endloop
endfacet
facet normal 1 0 0
outer loop
vertex 207.3 -93 0
vertex 207.3 -107 3.5
vertex 207.3 -107 0
endloop
endfacet
facet normal 0 1 0
outer loop
vertex 131.3375 -145.1 3.5
vertex 131.3375 -145.1 0
vertex 126.3375 -145.1 0
endloop
endfacet
facet normal 0 1 0
outer loop
vertex 131.3375 -145.1 3.5
vertex 126.3375 -145.1 0
vertex 126.3375 -145.1 3.5
endloop
endfacet
facet normal 0 1 0
outer loop
vertex 140.3375 -145.1 3.5
vertex 140.3375 -145.1 0
vertex 135.3375 -145.1 0
endloop
endfacet
facet normal 0 1 0
outer loop
vertex 140.3375 -145.1 3.5
vertex 135.3375 -145.1 0
vertex 135.3375 -145.1 3.5
endloop
endfacet
facet normal 0 1 0
outer loop
vertex 150.3875 -145.1 3.5
vertex 150.3875 -145.1 0
vertex 145.3875 -145.1 0
endloop
endfacet
facet normal 0 1 0
outer loop
vertex 150.3875 -145.1 3.5
vertex 145.3875 -145.1 0
vertex 145.3875 -145.1 3.5
endloop
endfacet
facet normal 0 1 0
outer loop
vertex 159.3875 -145.1 3.5
vertex 159.3875 -145.1 0
vertex 154.3875 -145.1 0
endloop
endfacet
facet normal 0 1 0
outer loop
vertex 159.3875 -145.1 3.5
vertex 154.3875 -145.1 0
vertex 154.3875 -145.1 3.5
endloop
endfacet
facet normal 0 1 0
outer loop
vertex 169.4375 -145.1 3.5
vertex 169.4375 -145.1 0
vertex 164.4375 -145.1 0
endloop
endfacet
facet normal 0 1 0
outer loop
vertex 169.4375 -145.1 3.5
vertex 164.4375 -145.1 0
vertex 164.4375 -145.1 3.5
endloop
endfacet
facet normal 0 1 0
outer loop
vertex 178.4375 -145.1 3.5
vertex 178.4375 -145.1 0
vertex 173.4375 -145.1 0
endloop
endfacet
facet normal 0 1 0
outer loop
vertex 178.4375 -145.1 3.5
vertex 173.4375 -145.1 0
vertex 173.4375 -145.1 3.5
endloop
endfacet
facet normal 0 1 0
outer loop
vertex 188.4875 -145.1 3.5
vertex 188.4875 -145.1 0
vertex 183.4875 -145.1 0
endloop
endfacet
facet normal 0 1 0
outer loop
vertex 188.4875 -145.1 3.5
vertex 183.4875 -145.1 0
vertex 183.4875 -145.1 3.5
endloop
endfacet
facet normal 0 1 0
outer loop
vertex 197.4875 -145.1 3.5
vertex 197.4875 -145.1 0
vertex 192.4875 -145.1 0
endloop
endfacet
facet normal 0 1 0
outer loop
vertex 197.4875 -145.1 3.5
vertex 192.4875 -145.1 0
vertex 192.4875 -145.1 3.5
endloop
endfacet
facet normal 0 1 0
outer loop
vertex 207.5375 -145.1 3.5
vertex 207.5375 -145.1 0
vertex 202.5375 -145.1 0
endloop
endfacet
facet normal 0 1 0
outer loop
vertex 207.5375 -145.1 3.5
vertex 202.5375 -145.1 0
vertex 202.5375 -145.1 3.5
endloop
endfacet
facet normal 0 1 0
outer loop
vertex 216.5375 -145.1 3.5
vertex 216.5375 -145.1 0
vertex 211.5375 -145.1 0
endloop
endfacet
facet normal 0 1 0
outer loop
vertex 216.5375 -145.1 3.5
vertex 211.5375 -145.1 0
vertex 211.5375 -145.1 3.5
endloop
endfacet
facet normal 0 1 0
outer loop
vertex 226.5875 -145.1 3.5
vertex 226.5875 -145.1 0
vertex 221.5875 -145.1 0
endloop
endfacet
facet normal 0 1 0
outer loop
vertex 226.5875 -145.1 3.5
vertex 221.5875 -145.1 0
vertex 221.5875 -145.1 3.5
endloop
endfacet
facet normal 0 1 0
outer loop
vertex 235.5875 -145.1 3.5
vertex 235.5875 -145.1 0
vertex 230.5875 -145.1 0
endloop
endfacet
facet normal 0 1 0
outer loop
vertex 235.5875 -145.1 3.5
vertex 230.5875 -145.1 0
vertex 230.5875 -145.1 3.5
endloop
endfacet
facet normal -1 0 0
outer loop
vertex 131.3375 -144.85 3.5
vertex 131.3375 -144.85 0
vertex 131.3375 -145.1 0
endloop
endfacet
facet normal -1 0 0
outer loop
vertex 131.3375 -144.85 3.5
vertex 131.3375 -145.1 0
vertex 131.3375 -145.1 3.5
endloop
endfacet
facet normal -1 0 0
outer loop
vertex 131.3375 -131.1 3.5
vertex 131.3375 -131.1 0
vertex 131.3375 -131.35 0
endloop
endfacet
facet normal -1 0 0
outer loop
vertex 131.3375 -131.1 3.5
vertex 131.3375 -131.35 0
vertex 131.3375 -131.35 3.5
endloop
endfacet
facet normal 0 1 0
outer loop
vertex 135.3375 -144.85 3.5
vertex 135.3375 -144.85 0
vertex 131.3375 -144.85 0
endloop
endfacet
facet normal 0 1 0
outer loop
vertex 135.3375 -144.85 3.5
vertex 131.3375 -144.85 0
vertex 131.3375 -144.85 3.5
endloop
endfacet
facet normal 0 1 0
outer loop
vertex 154.3875 -144.85 3.5
vertex 154.3875 -144.85 0
vertex 150.3875 -144.85 0
endloop
endfacet
facet normal 0 1 0
outer loop
vertex 154.3875 -144.85 3.5
vertex 150.3875 -144.85 0
vertex 150.3875 -144.85 3.5
endloop
endfacet
facet normal 0 1 0
outer loop
vertex 173.4375 -144.85 3.5
vertex 173.4375 -144.85 0
vertex 169.4375 -144.85 0
endloop
endfacet
facet normal 0 1 0
outer loop
vertex 173.4375 -144.85 3.5
vertex 169.4375 -144.85 0
vertex 169.4375 -144.85 3.5
endloop
endfacet
facet normal 0 1 0
outer loop
vertex 192.4875 -144.85 3.5
vertex 192.4875 -144.85 0
vertex 188.4875 -144.85 0
endloop
endfacet
facet normal 0 1 0
outer loop
vertex 192.4875 -144.85 3.5
vertex 188.4875 -144.85 0
vertex 188.4875 -144.85 3.5
endloop
endfacet
facet normal 0 1 0
outer loop
vertex 211.5375 -144.85 3.5
vertex 211.5375 -144.85 0
vertex 207.5375 -144.85 0
endloop
endfacet
facet normal 0 1 0
outer loop
vertex 211.5375 -144.85 3.5
vertex 207.5375 -144.85 0
vertex 207.5375 -144.85 3.5
endloop
endfacet
facet normal 0 1 0
outer loop
vertex 230.5875 -144.85 3.5
vertex 230.5875 -144.85 0
vertex 226.5875 -144.85 0
endloop
endfacet
facet normal 0 1 0
outer loop
vertex 230.5875 -144.85 3.5
vertex 226.5875 -144.85 0
vertex 226.5875 -144.85 3.5
endloop
endfacet
facet normal 1 0 0
outer loop
vertex 135.3375 -144.85 0
vertex 135.3375 -144.85 3.5
vertex 135.3375 -145.1 3.5
endloop
endfacet
facet normal 1 0 0
outer loop
vertex 135.3375 -144.85 0
vertex 135.3375 -145.1 3.5
vertex 135.3375 -145.1 0
endloop
endfacet
facet normal 1 0 0
outer loop
vertex 135.3375 -131.1 0
vertex 135.3375 -131.1 3.5
vertex 135.3375 -131.35 3.5
endloop
endfacet
facet normal 1 0 0
outer loop
vertex 135.3375 -131.1 0
vertex 135.3375 -131.35 3.5
vertex 135.3375 -131.35 0
endloop
endfacet
facet normal -1 0 0
outer loop
vertex 140.3375 -131.1 3.5
vertex 140.3375 -131.1 0
vertex 140.3375 -145.1 0
endloop
endfacet
facet normal -1 0 0
outer loop
vertex 140.3375 -131.1 3.5
vertex 140.3375 -145.1 0
vertex 140.3375 -145.1 3.5
endloop
endfacet
facet normal 0 -1 0
outer loop
vertex 131.3375 -131.1 0
vertex 131.3375 -131.1 3.5
vertex 126.3375 -131.1 3.5
endloop
endfacet
facet normal 0 -1 0
outer loop
vertex 131.3375 -131.1 0
vertex 126.3375 -131.1 3.5
vertex 126.3375 -131.1 0
endloop
endfacet
facet normal 0 -1 0
outer loop
vertex 140.3375 -131.1 0
vertex 140.3375 -131.1 3.5
vertex 135.3375 -131.1 3.5
endloop
endfacet
facet normal 0 -1 0
outer loop
vertex 140.3375 -131.1 0
vertex 135.3375 -131.1 3.5
vertex 135.3375 -131.1 0
endloop
endfacet
facet normal 0 -1 0
outer loop
vertex 150.3875 -131.1 0
vertex 150.3875 -131.1 3.5
vertex 145.3875 -131.1 3.5
endloop
endfacet
facet normal 0 -1 0
outer loop
vertex 150.3875 -131.1 0
vertex 145.3875 -131.1 3.5
vertex 145.3875 -131.1 0
endloop
endfacet
facet normal 0 -1 0
outer loop
vertex 159.3875 -131.1 0
vertex 159.3875 -131.1 3.5
vertex 154.3875 -131.1 3.5
endloop
endfacet
facet normal 0 -1 0
outer loop
vertex 159.3875 -131.1 0
vertex 154.3875 -131.1 3.5
vertex 154.3875 -131.1 0
endloop
endfacet
facet normal 0 -1 0
outer loop
vertex 169.4375 -131.1 0
vertex 169.4375 -131.1 3.5
vertex 164.4375 -131.1 3.5
endloop
endfacet
facet normal 0 -1 0
outer loop
vertex 169.4375 -131.1 0
vertex 164.4375 -131.1 3.5
vertex 164.4375 -131.1 0
endloop
endfacet
facet normal 0 -1 0
outer loop
vertex 178.4375 -131.1 0
vertex 178.4375 -131.1 3.5
vertex 173.4375 -131.1 3.5
endloop
endfacet
facet normal 0 -1 0
outer loop
vertex 178.4375 -131.1 0
vertex 173.4375 -131.1 3.5
vertex 173.4375 -131.1 0
endloop
endfacet
facet normal 0 -1 0
outer loop
vertex 188.4875 -131.1 0
vertex 188.4875 -131.1 3.5
vertex 183.4875 -131.1 3.5
endloop
endfacet
facet normal 0 -1 0
outer loop
vertex 188.4875 -131.1 0
vertex 183.4875 -131.1 3.5
vertex 183.4875 -131.1 0
endloop
endfacet
facet normal 0 -1 0
outer loop
vertex 197.4875 -131.1 0
vertex 197.4875 -131.1 3.5
vertex 192.4875 -131.1 3.5
endloop
endfacet
facet normal 0 -1 0
outer loop
vertex 197.4875 -131.1 0
vertex 192.4875 -131.1 3.5
vertex 192.4875 -131.1 0
endloop
endfacet
facet normal 0 -1 0
outer loop
vertex 207.5375 -131.1 0
vertex 207.5375 -131.1 3.5
vertex 202.5375 -131.1 3.5
endloop
endfacet
facet normal 0 -1 0
outer loop
vertex 207.5375 -131.1 0
vertex 202.5375 -131.1 3.5
vertex 202.5375 -131.1 0
endloop
endfacet
facet normal 0 -1 0
outer loop
vertex 216.5375 -131.1 0
vertex 216.5375 -131.1 3.5
vertex 211.5375 -131.1 3.5
endloop
endfacet
facet normal 0 -1 0
outer loop
vertex 216.5375 -131.1 0
vertex 211.5375 -131.1 3.5
vertex 211.5375 -131.1 0
endloop
endfacet
facet normal 0 -1 0
outer loop
vertex 226.5875 -131.1 0
vertex 226.5875 -131.1 3.5
vertex 221.5875 -131.1 3.5
endloop
endfacet
facet normal 0 -1 0
outer loop
vertex 226.5875 -131.1 0
vertex 221.5875 -131.1 3.5
vertex 221.5875 -131.1 0
endloop
endfacet
facet normal 0 -1 0
outer loop
vertex 235.5875 -131.1 0
vertex 235.5875 -131.1 3.5
vertex 230.5875 -131.1 3.5
endloop
endfacet
facet normal 0 -1 0
outer loop
vertex 235.5875 -131.1 0
vertex 230.5875 -131.1 3.5
vertex 230.5875 -131.1 0
endloop
endfacet
facet normal 0 -1 0
outer loop
vertex 135.3375 -131.35 0
vertex 135.3375 -131.35 3.5
vertex 131.3375 -131.35 3.5
endloop
endfacet
facet normal 0 -1 0
outer loop
vertex 135.3375 -131.35 0
vertex 131.3375 -131.35 3.5
vertex 131.3375 -131.35 0
endloop
endfacet
facet normal 0 -1 0
outer loop
vertex 154.3875 -131.35 0
vertex 154.3875 -131.35 3.5
vertex 150.3875 -131.35 3.5
endloop
endfacet
facet normal 0 -1 0
outer loop
vertex 154.3875 -131.35 0
vertex 150.3875 -131.35 3.5
vertex 150.3875 -131.35 0
endloop
endfacet
facet normal 0 -1 0
outer loop
vertex 173.4375 -131.35 0
vertex 173.4375 -131.35 3.5
vertex 169.4375 -131.35 3.5
endloop
endfacet
facet normal 0 -1 0
outer loop
vertex 173.4375 -131.35 0
vertex 169.4375 -131.35 3.5
vertex 169.4375 -131.35 0
endloop
endfacet
facet normal 0 -1 0
outer loop
vertex 192.4875 -131.35 0
vertex 192.4875 -131.35 3.5
vertex 188.4875 -131.35 3.5
endloop
endfacet
facet normal 0 -1 0
outer loop
vertex 192.4875 -131.35 0
vertex 188.4875 -131.35 3.5
vertex 188.4875 -131.35 0
endloop
endfacet
facet normal 0 -1 0
outer loop
vertex 211.5375 -131.35 0
vertex 211.5375 -131.35 3.5
vertex 207.5375 -131.35 3.5
endloop
endfacet
facet normal 0 -1 0
outer loop
vertex 211.5375 -131.35 0
vertex 207.5375 -131.35 3.5
vertex 207.5375 -131.35 0
endloop
endfacet
facet normal 0 -1 0
outer loop
vertex 230.5875 -131.35 0
vertex 230.5875 -131.35 3.5
vertex 226.5875 -131.35 3.5
endloop
endfacet
facet normal 0 -1 0
outer loop
vertex 230.5875 -131.35 0
vertex 226.5875 -131.35 3.5
vertex 226.5875 -131.35 0
endloop
endfacet
facet normal 1 0 0
outer loop
vertex 126.3375 -138.7 0
vertex 126.3375 -138.67886380844354 0
vertex 126.3375 -138.61626748576236 0
endloop
endfacet
facet normal 1 0 0
outer loop
vertex 126.3375 -138.7 0
vertex 126.3375 -138.61626748576236 0
vertex 126.3375 -138.51461657353278 0
endloop
endfacet
facet normal 1 0 0
outer loop
vertex 126.3375 -138.7 0
vertex 126.3375 -138.51461657353278 0
vertex 126.3375 -138.37781745930522 0
endloop
endfacet
facet normal 1 0 0
outer loop
vertex 126.3375 -138.7 0
vertex 126.3375 -138.37781745930522 0
vertex 126.3375 -138.21112725632156 0
endloop
endfacet
facet normal 1 0 0
outer loop
vertex 126.3375 -138.7 0
vertex 126.3375 -138.21112725632156 0
vertex 126.3375 -138.02095177560147 0
endloop
endfacet
facet normal 1 0 0
outer loop
vertex 126.3375 -138.7 0
vertex 126.3375 -138.02095177560147 0
vertex 126.3375 -137.8145993542178 0
endloop
endfacet
facet normal 1 0 0
outer loop
vertex 126.3375 -138.7 0
vertex 126.3375 -137.8145993542178 0
vertex 126.3375 -137.59999999999997 0
endloop
endfacet
facet normal 1 0 0
outer loop
vertex 126.3375 -138.7 0
vertex 126.3375 -137.59999999999997 0
vertex 126.3375 -137.38540064578225 0
endloop
endfacet
facet normal 1 0 0
outer loop
vertex 126.3375 -138.7 0
vertex 126.3375 -137.38540064578225 0
vertex 126.3375 -137.17904822439837 0
endloop
endfacet
facet normal 1 0 0
outer loop
vertex 126.3375 -138.7 0
vertex 126.3375 -137.17904822439837 0
vertex 126.3375 -136.98887274367848 0
endloop
endfacet
facet normal 1 0 0
outer loop
vertex 126.3375 -138.7 0
vertex 126.3375 -136.98887274367848 0
vertex 126.3375 -136.82218254069477 0
endloop
endfacet
facet normal 1 0 0
outer loop
vertex 126.3375 -138.7 0
vertex 126.3375 -136.82218254069477 0
vertex 126.3375 -136.68538342646718 0
endloop
endfacet
facet normal 1 0 0
outer loop
vertex 126.3375 -138.7 0
vertex 126.3375 -136.68538342646718 0
vertex 126.3375 -136.5837325142376 0
endloop
endfacet
facet normal 1 0 0
outer loop
vertex 126.3375 -138.7 0
vertex 126.3375 -136.5837325142376 0
vertex 126.3375 -136.52113619155642 0
endloop
endfacet
facet normal 1 0 0
outer loop
vertex 126.3375 -138.7 0
vertex 126.3375 -136.52113619155642 0
vertex 126.3375 -136.5 0
endloop
endfacet
facet normal 1 0 0
outer loop
vertex 126.3375 -138.7 0
vertex 126.3375 -136.5 0
vertex 126.3375 -131.1 0
endloop
endfacet
facet normal 1 0 0
outer loop
vertex 126.3375 -138.7 0
vertex 126.3375 -131.1 0
vertex 126.3375 -131.1 3.5
endloop
endfacet
facet normal 1 0 0
outer loop
vertex 126.3375 -138.7 0
vertex 126.3375 -131.1 3.5
vertex 126.3375 -136.5 3.5
endloop
endfacet
facet normal 1 0 0
outer loop
vertex 126.3375 -138.7 0
vertex 126.3375 -136.5 3.5
vertex 126.3375 -136.52113619155642 3.5
endloop
endfacet
facet normal 1 0 0
outer loop
vertex 126.3375 -138.7 0
vertex 126.3375 -136.52113619155642 3.5
vertex 126.3375 -136.5837325142376 3.5
endloop
endfacet
facet normal 1 0 0
outer loop
vertex 126.3375 -138.7 0
vertex 126.3375 -136.5837325142376 3.5
vertex 126.3375 -136.6853834264672 3.5
endloop
endfacet
facet normal 1 0 0
outer loop
vertex 126.3375 -138.7 0
vertex 126.3375 -136.6853834264672 3.5
vertex 126.3375 -136.82218254069477 3.5
endloop
endfacet
facet normal 1 0 0
outer loop
vertex 126.3375 -138.7 0
vertex 126.3375 -136.82218254069477 3.5
vertex 126.3375 -136.98887274367848 3.5
endloop
endfacet
facet normal 1 0 0
outer loop
vertex 126.3375 -138.7 0
vertex 126.3375 -136.98887274367848 3.5
vertex 126.3375 -137.17904822439834 3.5
endloop
endfacet
facet normal 1 0 0
outer loop
vertex 126.3375 -138.7 0
vertex 126.3375 -137.17904822439834 3.5
vertex 126.3375 -137.38540064578225 3.5
endloop
endfacet
facet normal 1 0 0
outer loop
vertex 126.3375 -138.7 0
vertex 126.3375 -137.38540064578225 3.5
vertex 126.3375 -137.6 3.5
endloop
endfacet
facet normal 1 0 0
outer loop
vertex 126.3375 -138.7 0
vertex 126.3375 -137.6 3.5
vertex 126.3375 -137.81459935421785 3.5
endloop
endfacet
facet normal 1 0 0
outer loop
vertex 126.3375 -138.7 0
vertex 126.3375 -137.81459935421785 3.5
vertex 126.3375 -138.02095177560147 3.5
endloop
endfacet
facet normal 1 0 0
outer loop
vertex 126.3375 -138.7 0
vertex 126.3375 -138.02095177560147 3.5
vertex 126.3375 -138.2111272563216 3.5
endloop
endfacet
facet normal 1 0 0
outer loop
vertex 126.3375 -138.7 0
vertex 126.3375 -138.2111272563216 3.5
vertex 126.3375 -138.37781745930525 3.5
endloop
endfacet
facet normal 1 0 0
outer loop
vertex 126.3375 -138.7 0
vertex 126.3375 -138.37781745930525 3.5
vertex 126.3375 -138.51461657353275 3.5
endloop
endfacet
facet normal 1 0 0
outer loop
vertex 126.3375 -138.7 0
vertex 126.3375 -138.51461657353275 3.5
vertex 126.3375 -138.61626748576236 3.5
endloop
endfacet
facet normal 1 0 0
outer loop
vertex 126.3375 -138.7 0
vertex 126.3375 -138.61626748576236 3.5
vertex 126.3375 -138.6788638084435 3.5
endloop
endfacet
facet normal 1 0 0
outer loop
vertex 126.3375 -138.7 0
vertex 126.3375 -138.6788638084435 3.5
vertex 126.3375 -138.69999999999996 3.5
endloop
endfacet
facet normal 1 0 0
outer loop
vertex 126.3375 -138.7 0
vertex 126.3375 -138.69999999999996 3.5
vertex 126.3375 -145.1 3.5
endloop
endfacet
facet normal 1 0 0
outer loop
vertex 126.3375 -138.7 0
vertex 126.3375 -145.1 3.5
vertex 126.3375 -145.1 0
endloop
endfacet
facet normal -1 0 0
outer loop
vertex 150.3875 -144.85 3.5
vertex 150.3875 -144.85 0
vertex 150.3875 -145.1 0
endloop
endfacet
facet normal -1 0 0
outer loop
vertex 150.3875 -144.85 3.5
vertex 150.3875 -145.1 0
vertex 150.3875 -145.1 3.5
endloop
endfacet
facet normal -1 0 0
outer loop
vertex 150.3875 -131.1 3.5
vertex 150.3875 -131.1 0
vertex 150.3875 -131.35 0
endloop
endfacet
facet normal -1 0 0
outer loop
vertex 150.3875 -131.1 3.5
vertex 150.3875 -131.35 0
vertex 150.3875 -131.35 3.5
endloop
endfacet
facet normal 1 0 0
outer loop
vertex 154.3875 -144.85 0
vertex 154.3875 -144.85 3.5
vertex 154.3875 -145.1 3.5
endloop
endfacet
facet normal 1 0 0
outer loop
vertex 154.3875 -144.85 0
vertex 154.3875 -145.1 3.5
vertex 154.3875 -145.1 0
endloop
endfacet
facet normal 1 0 0
outer loop
vertex 154.3875 -131.1 0
vertex 154.3875 -131.1 3.5
vertex 154.3875 -131.35 3.5
endloop
endfacet
facet normal 1 0 0
outer loop
vertex 154.3875 -131.1 0
vertex 154.3875 -131.35 3.5
vertex 154.3875 -131.35 0
endloop
endfacet
facet normal -1 0 0
outer loop
vertex 159.3875 -131.1 3.5
vertex 159.3875 -131.1 0
vertex 159.3875 -145.1 0
endloop
endfacet
facet normal -1 0 0
outer loop
vertex 159.3875 -131.1 3.5
vertex 159.3875 -145.1 0
vertex 159.3875 -145.1 3.5
endloop
endfacet
facet normal 1 0 0
outer loop
vertex 145.3875 -131.1 0
vertex 145.3875 -131.1 3.5
vertex 145.3875 -145.1 3.5
endloop
endfacet
facet normal 1 0 0
outer loop
vertex 145.3875 -131.1 0
vertex 145.3875 -145.1 3.5
vertex 145.3875 -145.1 0
endloop
endfacet
facet normal -1 0 0
outer loop
vertex 169.4375 -144.85 3.5
vertex 169.4375 -144.85 0
vertex 169.4375 -145.1 0
endloop
endfacet
facet normal -1 0 0
outer loop
vertex 169.4375 -144.85 3.5
vertex 169.4375 -145.1 0
vertex 169.4375 -145.1 3.5
endloop
endfacet
facet normal -1 0 0
outer loop
vertex 169.4375 -131.1 3.5
vertex 169.4375 -131.1 0
vertex 169.4375 -131.35 0
endloop
endfacet
facet normal -1 0 0
outer loop
vertex 169.4375 -131.1 3.5
vertex 169.4375 -131.35 0
vertex 169.4375 -131.35 3.5
endloop
endfacet
facet normal 1 0 0
outer loop
vertex 173.4375 -144.85 0
vertex 173.4375 -144.85 3.5
vertex 173.4375 -145.1 3.5
endloop
endfacet
facet normal 1 0 0
outer loop
vertex 173.4375 -144.85 0
vertex 173.4375 -145.1 3.5
vertex 173.4375 -145.1 0
endloop
endfacet
facet normal 1 0 0
outer loop
vertex 173.4375 -131.1 0
vertex 173.4375 -131.1 3.5
vertex 173.4375 -131.35 3.5
endloop
endfacet
facet normal 1 0 0
outer loop
vertex 173.4375 -131.1 0
vertex 173.4375 -131.35 3.5
vertex 173.4375 -131.35 0
endloop
endfacet
facet normal -1 0 0
outer loop
vertex 178.4375 -131.1 3.5
vertex 178.4375 -131.1 0
vertex 178.4375 -145.1 0
endloop
endfacet
facet normal -1 0 0
outer loop
vertex 178.4375 -131.1 3.5
vertex 178.4375 -145.1 0
vertex 178.4375 -145.1 3.5
endloop
endfacet
facet normal 1 0 0
outer loop
vertex 164.4375 -131.1 0
vertex 164.4375 -131.1 3.5
vertex 164.4375 -145.1 3.5
endloop
endfacet
facet normal 1 0 0
outer loop
vertex 164.4375 -131.1 0
vertex 164.4375 -145.1 3.5
vertex 164.4375 -145.1 0
endloop
endfacet
facet normal -1 0 0
outer loop
vertex 188.4875 -144.85 3.5
vertex 188.4875 -144.85 0
vertex 188.4875 -145.1 0
endloop
endfacet
facet normal -1 0 0
outer loop
vertex 188.4875 -144.85 3.5
vertex 188.4875 -145.1 0
vertex 188.4875 -145.1 3.5
endloop
endfacet
facet normal -1 0 0
outer loop
vertex 188.4875 -131.1 3.5
vertex 188.4875 -131.1 0
vertex 188.4875 -131.35 0
endloop
endfacet
facet normal -1 0 0
outer loop
vertex 188.4875 -131.1 3.5
vertex 188.4875 -131.35 0
vertex 188.4875 -131.35 3.5
endloop
endfacet
facet normal 1 0 0
outer loop
vertex 192.4875 -144.85 0
vertex 192.4875 -144.85 3.5
vertex 192.4875 -145.1 3.5
endloop
endfacet
facet normal 1 0 0
outer loop
vertex 192.4875 -144.85 0
vertex 192.4875 -145.1 3.5
vertex 192.4875 -145.1 0
endloop
endfacet
facet normal 1 0 0
outer loop
vertex 192.4875 -131.1 0
vertex 192.4875 -131.1 3.5
vertex 192.4875 -131.35 3.5
endloop
endfacet
facet normal 1 0 0
outer loop
vertex 192.4875 -131.1 0
vertex 192.4875 -131.35 3.5
vertex 192.4875 -131.35 0
endloop
endfacet
facet normal -1 0 0
outer loop
vertex 197.4875 -131.1 3.5
vertex 197.4875 -131.1 0
vertex 197.4875 -145.1 0
endloop
endfacet
facet normal -1 0 0
outer loop
vertex 197.4875 -131.1 3.5
vertex 197.4875 -145.1 0
vertex 197.4875 -145.1 3.5
endloop
endfacet
facet normal 1 0 0
outer loop
vertex 183.4875 -131.1 0
vertex 183.4875 -131.1 3.5
vertex 183.4875 -145.1 3.5
endloop
endfacet
facet normal 1 0 0
outer loop
vertex 183.4875 -131.1 0
vertex 183.4875 -145.1 3.5
vertex 183.4875 -145.1 0
endloop
endfacet
facet normal -1 0 0
outer loop
vertex 207.5375 -144.85 3.5
vertex 207.5375 -144.85 0
vertex 207.5375 -145.1 0
endloop
endfacet
facet normal -1 0 0
outer loop
vertex 207.5375 -144.85 3.5
vertex 207.5375 -145.1 0
vertex 207.5375 -145.1 3.5
endloop
endfacet
facet normal -1 0 0
outer loop
vertex 207.5375 -131.1 3.5
vertex 207.5375 -131.1 0
vertex 207.5375 -131.35 0
endloop
endfacet
facet normal -1 0 0
outer loop
vertex 207.5375 -131.1 3.5
vertex 207.5375 -131.35 0
vertex 207.5375 -131.35 3.5
endloop
endfacet
facet normal 1 0 0
outer loop
vertex 211.5375 -144.85 0
vertex 211.5375 -144.85 3.5
vertex 211.5375 -145.1 3.5
endloop
endfacet
facet normal 1 0 0
outer loop
vertex 211.5375 -144.85 0
vertex 211.5375 -145.1 3.5
vertex 211.5375 -145.1 0
endloop
endfacet
facet normal 1 0 0
outer loop
vertex 211.5375 -131.1 0
vertex 211.5375 -131.1 3.5
vertex 211.5375 -131.35 3.5
endloop
endfacet
facet normal 1 0 0
outer loop
vertex 211.5375 -131.1 0
vertex 211.5375 -131.35 3.5
vertex 211.5375 -131.35 0
endloop
endfacet
facet normal -1 0 0
outer loop
vertex 216.5375 -131.1 3.5
vertex 216.5375 -131.1 0
vertex 216.5375 -145.1 0
endloop
endfacet
facet normal -1 0 0
outer loop
vertex 216.5375 -131.1 3.5
vertex 216.5375 -145.1 0
vertex 216.5375 -145.1 3.5
endloop
endfacet
facet normal 1 0 0
outer loop
vertex 202.5375 -131.1 0
vertex 202.5375 -131.1 3.5
vertex 202.5375 -145.1 3.5
endloop
endfacet
facet normal 1 0 0
outer loop
vertex 202.5375 -131.1 0
vertex 202.5375 -145.1 3.5
vertex 202.5375 -145.1 0
endloop
endfacet
facet normal -1 0 0
outer loop
vertex 226.5875 -144.85 3.5
vertex 226.5875 -144.85 0
vertex 226.5875 -145.1 0
endloop
endfacet
facet normal -1 0 0
outer loop
vertex 226.5875 -144.85 3.5
vertex 226.5875 -145.1 0
vertex 226.5875 -145.1 3.5
endloop
endfacet
facet normal -1 0 0
outer loop
vertex 226.5875 -131.1 3.5
vertex 226.5875 -131.1 0
vertex 226.5875 -131.35 0
endloop
endfacet
facet normal -1 0 0
outer loop
vertex 226.5875 -131.1 3.5
vertex 226.5875 -131.35 0
vertex 226.5875 -131.35 3.5
endloop
endfacet
facet normal 1 0 0
outer loop
vertex 230.5875 -144.85 0
vertex 230.5875 -144.85 3.5
vertex 230.5875 -145.1 3.5
endloop
endfacet
facet normal 1 0 0
outer loop
vertex 230.5875 -144.85 0
vertex 230.5875 -145.1 3.5
vertex 230.5875 -145.1 0
endloop
endfacet
facet normal 1 0 0
outer loop
vertex 230.5875 -131.1 0
vertex 230.5875 -131.1 3.5
vertex 230.5875 -131.35 3.5
endloop
endfacet
facet normal 1 0 0
outer loop
vertex 230.5875 -131.1 0
vertex 230.5875 -131.35 3.5
vertex 230.5875 -131.35 0
endloop
endfacet
facet normal -1 0 0
outer loop
vertex 235.5875 -131.1 3.5
vertex 235.5875 -131.1 0
vertex 235.5875 -145.1 0
endloop
endfacet
facet normal -1 0 0
outer loop
vertex 235.5875 -131.1 3.5
vertex 235.5875 -145.1 0
vertex 235.5875 -145.1 3.5
endloop
endfacet
facet normal 1 0 0
outer loop
vertex 221.5875 -131.1 0
vertex 221.5875 -131.1 3.5
vertex 221.5875 -145.1 3.5
endloop
endfacet
facet normal 1 0 0
outer loop
vertex 221.5875 -131.1 0
vertex 221.5875 -145.1 3.5
vertex 221.5875 -145.1 0
endloop
endfacet
facet normal 0 1 0
outer loop
vertex 100.38125 -164.15 3.5
vertex 100.38125 -164.15 0
vertex 95.38125 -164.15 0
endloop
endfacet
facet normal 0 1 0
outer loop
vertex 100.38125 -164.15 3.5
vertex 95.38125 -164.15 0
vertex 95.38125 -164.15 3.5
endloop
endfacet
facet normal 0 1 0
outer loop
vertex 109.38125 -164.15 3.5
vertex 109.38125 -164.15 0
vertex 104.38125 -164.15 0
endloop
endfacet
facet normal 0 1 0
outer loop
vertex 109.38125 -164.15 3.5
vertex 104.38125 -164.15 0
vertex 104.38125 -164.15 3.5
endloop
endfacet
facet normal 0 1 0
outer loop
vertex 121.8125 -164.15 3.5
vertex 121.8125 -164.15 0
vertex 116.8125 -164.15 0
endloop
endfacet
facet normal 0 1 0
outer loop
vertex 121.8125 -164.15 3.5
vertex 116.8125 -164.15 0
vertex 116.8125 -164.15 3.5
endloop
endfacet
facet normal 0 1 0
outer loop
vertex 130.8125 -164.15 3.5
vertex 130.8125 -164.15 0
vertex 125.8125 -164.15 0
endloop
endfacet
facet normal 0 1 0
outer loop
vertex 130.8125 -164.15 3.5
vertex 125.8125 -164.15 0
vertex 125.8125 -164.15 3.5
endloop
endfacet
facet normal 0 1 0
outer loop
vertex 140.8625 -164.15 3.5
vertex 140.8625 -164.15 0
vertex 135.8625 -164.15 0
endloop
endfacet
facet normal 0 1 0
outer loop
vertex 140.8625 -164.15 3.5
vertex 135.8625 -164.15 0
vertex 135.8625 -164.15 3.5
endloop
endfacet
facet normal 0 1 0
outer loop
vertex 149.8625 -164.15 3.5
vertex 149.8625 -164.15 0
vertex 144.8625 -164.15 0
endloop
endfacet
facet normal 0 1 0
outer loop
vertex 149.8625 -164.15 3.5
vertex 144.8625 -164.15 0
vertex 144.8625 -164.15 3.5
endloop
endfacet
facet normal 0 1 0
outer loop
vertex 159.9125 -164.15 3.5
vertex 159.9125 -164.15 0
vertex 154.9125 -164.15 0
endloop
endfacet
facet normal 0 1 0
outer loop
vertex 159.9125 -164.15 3.5
vertex 154.9125 -164.15 0
vertex 154.9125 -164.15 3.5
endloop
endfacet
facet normal 0 1 0
outer loop
vertex 168.9125 -164.15 3.5
vertex 168.9125 -164.15 0
vertex 163.9125 -164.15 0
endloop
endfacet
facet normal 0 1 0
outer loop
vertex 168.9125 -164.15 3.5
vertex 163.9125 -164.15 0
vertex 163.9125 -164.15 3.5
endloop
endfacet
facet normal 0 1 0
outer loop
vertex 178.9625 -164.15 3.5
vertex 178.9625 -164.15 0
vertex 173.9625 -164.15 0
endloop
endfacet
facet normal 0 1 0
outer loop
vertex 178.9625 -164.15 3.5
vertex 173.9625 -164.15 0
vertex 173.9625 -164.15 3.5
endloop
endfacet
facet normal 0 1 0
outer loop
vertex 187.9625 -164.15 3.5
vertex 187.9625 -164.15 0
vertex 182.9625 -164.15 0
endloop
endfacet
facet normal 0 1 0
outer loop
vertex 187.9625 -164.15 3.5
vertex 182.9625 -164.15 0
vertex 182.9625 -164.15 3.5
endloop
endfacet
facet normal 0 1 0
outer loop
vertex 198.0125 -164.15 3.5
vertex 198.0125 -164.15 0
vertex 193.0125 -164.15 0
endloop
endfacet
facet normal 0 1 0
outer loop
vertex 198.0125 -164.15 3.5
vertex 193.0125 -164.15 0
vertex 193.0125 -164.15 3.5
endloop
endfacet
facet normal 0 1 0
outer loop
vertex 207.0125 -164.15 3.5
vertex 207.0125 -164.15 0
vertex 202.0125 -164.15 0
endloop
endfacet
facet normal 0 1 0
outer loop
vertex 207.0125 -164.15 3.5
vertex 202.0125 -164.15 0
vertex 202.0125 -164.15 3.5
endloop
endfacet
facet normal 0 1 0
outer loop
vertex 217.0625 -164.15 3.5
vertex 217.0625 -164.15 0
vertex 212.0625 -164.15 0
endloop
endfacet
facet normal 0 1 0
outer loop
vertex 217.0625 -164.15 3.5
vertex 212.0625 -164.15 0
vertex 212.0625 -164.15 3.5
endloop
endfacet
facet normal 0 1 0
outer loop
vertex 226.0625 -164.15 3.5
vertex 226.0625 -164.15 0
vertex 221.0625 -164.15 0
endloop
endfacet
facet normal 0 1 0
outer loop
vertex 226.0625 -164.15 3.5
vertex 221.0625 -164.15 0
vertex 221.0625 -164.15 3.5
endloop
endfacet
facet normal -1 0 0
outer loop
vertex 100.38125 -182.95 3.5
vertex 100.38125 -182.95 0
vertex 100.38125 -183.2 0
endloop
endfacet
facet normal -1 0 0
outer loop
vertex 100.38125 -182.95 3.5
vertex 100.38125 -183.2 0
vertex 100.38125 -183.2 3.5
endloop
endfacet
facet normal -1 0 0
outer loop
vertex 100.38125 -169.2 3.5
vertex 100.38125 -169.2 0
vertex 100.38125 -169.45 0
endloop
endfacet
facet normal -1 0 0
outer loop
vertex 100.38125 -169.2 3.5
vertex 100.38125 -169.45 0
vertex 100.38125 -169.45 3.5
endloop
endfacet
facet normal -1 0 0
outer loop
vertex 100.38125 -163.9 3.5
vertex 100.38125 -163.9 0
vertex 100.38125 -164.15 0
endloop
endfacet
facet normal -1 0 0
outer loop
vertex 100.38125 -163.9 3.5
vertex 100.38125 -164.15 0
vertex 100.38125 -164.15 3.5
endloop
endfacet
facet normal -1 0 0
outer loop
vertex 100.38125 -150.15 3.5
vertex 100.38125 -150.15 0
vertex 100.38125 -150.4 0
endloop
endfacet
facet normal -1 0 0
outer loop
vertex 100.38125 -150.15 3.5
vertex 100.38125 -150.4 0
vertex 100.38125 -150.4 3.5
endloop
endfacet
facet normal 0 1 0
outer loop
vertex 104.38125 -163.9 3.5
vertex 104.38125 -163.9 0
vertex 100.38125 -163.9 0
endloop
endfacet
facet normal 0 1 0
outer loop
vertex 104.38125 -163.9 3.5
vertex 100.38125 -163.9 0
vertex 100.38125 -163.9 3.5
endloop
endfacet
facet normal 0 1 0
outer loop
vertex 125.8125 -163.9 3.5
vertex 125.8125 -163.9 0
vertex 121.8125 -163.9 0
endloop
endfacet
facet normal 0 1 0
outer loop
vertex 125.8125 -163.9 3.5
vertex 121.8125 -163.9 0
vertex 121.8125 -163.9 3.5
endloop
endfacet
facet normal 0 1 0
outer loop
vertex 144.8625 -163.9 3.5
vertex 144.8625 -163.9 0
vertex 140.8625 -163.9 0
endloop
endfacet
facet normal 0 1 0
outer loop
vertex 144.8625 -163.9 3.5
vertex 140.8625 -163.9 0
vertex 140.8625 -163.9 3.5
endloop
endfacet
facet normal 0 1 0
outer loop
vertex 163.9125 -163.9 3.5
vertex 163.9125 -163.9 0
vertex 159.9125 -163.9 0
endloop
endfacet
facet normal 0 1 0
outer loop
vertex 163.9125 -163.9 3.5
vertex 159.9125 -163.9 0
vertex 159.9125 -163.9 3.5
endloop
endfacet
facet normal 0 1 0
outer loop
vertex 182.9625 -163.9 3.5
vertex 182.9625 -163.9 0
vertex 178.9625 -163.9 0
endloop
endfacet
facet normal 0 1 0
outer loop
vertex 182.9625 -163.9 3.5
vertex 178.9625 -163.9 0
vertex 178.9625 -163.9 3.5
endloop
endfacet
facet normal 0 1 0
outer loop
vertex 202.0125 -163.9 3.5
vertex 202.0125 -163.9 0
vertex 198.0125 -163.9 0
endloop
endfacet
facet normal 0 1 0
outer loop
vertex 202.0125 -163.9 3.5
vertex 198.0125 -163.9 0
vertex 198.0125 -163.9 3.5
endloop
endfacet
facet normal 0 1 0
outer loop
vertex 221.0625 -163.9 3.5
vertex 221.0625 -163.9 0
vertex 217.0625 -163.9 0
endloop
endfacet
facet normal 0 1 0
outer loop
vertex 221.0625 -163.9 3.5
vertex 217.0625 -163.9 0
vertex 217.0625 -163.9 3.5
endloop
endfacet
facet normal 1 0 0
outer loop
vertex 104.38125 -182.95 0
vertex 104.38125 -182.95 3.5
vertex 104.38125 -183.2 3.5
endloop
endfacet
facet normal 1 0 0
outer loop
vertex 104.38125 -182.95 0
vertex 104.38125 -183.2 3.5
vertex 104.38125 -183.2 0
endloop
endfacet
facet normal 1 0 0
outer loop
vertex 104.38125 -169.2 0
vertex 104.38125 -169.2 3.5
vertex 104.38125 -169.45 3.5
endloop
endfacet
facet normal 1 0 0
outer loop
vertex 104.38125 -169.2 0
vertex 104.38125 -169.45 3.5
vertex 104.38125 -169.45 0
endloop
endfacet
facet normal 1 0 0
outer loop
vertex 104.38125 -163.9 0
vertex 104.38125 -163.9 3.5
vertex 104.38125 -164.15 3.5
endloop
endfacet
facet normal 1 0 0
outer loop
vertex 104.38125 -163.9 0
vertex 104.38125 -164.15 3.5
vertex 104.38125 -164.15 0
endloop
endfacet
facet normal 1 0 0
outer loop
vertex 104.38125 -150.15 0
vertex 104.38125 -150.15 3.5
vertex 104.38125 -150.4 3.5
endloop
endfacet
facet normal 1 0 0
outer loop
vertex 104.38125 -150.15 0
vertex 104.38125 -150.4 3.5
vertex 104.38125 -150.4 0
endloop
endfacet
facet normal -1 0 0
outer loop
vertex 109.38125 -169.2 3.5
vertex 109.38125 -169.2 0
vertex 109.38125 -183.2 0
endloop
endfacet
facet normal -1 0 0
outer loop
vertex 109.38125 -169.2 3.5
vertex 109.38125 -183.2 0
vertex 109.38125 -183.2 3.5
endloop
endfacet
facet normal -1 0 0
outer loop
vertex 109.38125 -150.15 3.5
vertex 109.38125 -150.15 0
vertex 109.38125 -164.15 0
endloop
endfacet
facet normal -1 0 0
outer loop
vertex 109.38125 -150.15 3.5
vertex 109.38125 -164.15 0
vertex 109.38125 -164.15 3.5
endloop
endfacet
facet normal 0 -1 0
outer loop
vertex 100.38125 -150.15 0
vertex 100.38125 -150.15 3.5
vertex 95.38125 -150.15 3.5
endloop
endfacet
facet normal 0 -1 0
outer loop
vertex 100.38125 -150.15 0
vertex 95.38125 -150.15 3.5
vertex 95.38125 -150.15 0
endloop
endfacet
facet normal 0 -1 0
outer loop
vertex 109.38125 -150.15 0
vertex 109.38125 -150.15 3.5
vertex 104.38125 -150.15 3.5
endloop
endfacet
facet normal 0 -1 0
outer loop
vertex 109.38125 -150.15 0
vertex 104.38125 -150.15 3.5
vertex 104.38125 -150.15 0
endloop
endfacet
facet normal 0 -1 0
outer loop
vertex 121.8125 -150.15 0
vertex 121.8125 -150.15 3.5
vertex 116.8125 -150.15 3.5
endloop
endfacet
facet normal 0 -1 0
outer loop
vertex 121.8125 -150.15 0
vertex 116.8125 -150.15 3.5
vertex 116.8125 -150.15 0
endloop
endfacet
facet normal 0 -1 0
outer loop
vertex 130.8125 -150.15 0
vertex 130.8125 -150.15 3.5
vertex 125.8125 -150.15 3.5
endloop
endfacet
facet normal 0 -1 0
outer loop
vertex 130.8125 -150.15 0
vertex 125.8125 -150.15 3.5
vertex 125.8125 -150.15 0
endloop
endfacet
facet normal 0 -1 0
outer loop
vertex 140.8625 -150.15 0
vertex 140.8625 -150.15 3.5
vertex 135.8625 -150.15 3.5
endloop
endfacet
facet normal 0 -1 0
outer loop
vertex 140.8625 -150.15 0
vertex 135.8625 -150.15 3.5
vertex 135.8625 -150.15 0
endloop
endfacet
facet normal 0 -1 0
outer loop
vertex 149.8625 -150.15 0
vertex 149.8625 -150.15 3.5
vertex 144.8625 -150.15 3.5
endloop
endfacet
facet normal 0 -1 0
outer loop
vertex 149.8625 -150.15 0
vertex 144.8625 -150.15 3.5
vertex 144.8625 -150.15 0
endloop
endfacet
facet normal 0 -1 0
outer loop
vertex 159.9125 -150.15 0
vertex 159.9125 -150.15 3.5
vertex 154.9125 -150.15 3.5
endloop
endfacet
facet normal 0 -1 0
outer loop
vertex 159.9125 -150.15 0
vertex 154.9125 -150.15 3.5
vertex 154.9125 -150.15 0
endloop
endfacet
facet normal 0 -1 0
outer loop
vertex 168.9125 -150.15 0
vertex 168.9125 -150.15 3.5
vertex 163.9125 -150.15 3.5
endloop
endfacet
facet normal 0 -1 0
outer loop
vertex 168.9125 -150.15 0
vertex 163.9125 -150.15 3.5
vertex 163.9125 -150.15 0
endloop
endfacet
facet normal 0 -1 0
outer loop
vertex 178.9625 -150.15 0
vertex 178.9625 -150.15 3.5
vertex 173.9625 -150.15 3.5
endloop
endfacet
facet normal 0 -1 0
outer loop
vertex 178.9625 -150.15 0
vertex 173.9625 -150.15 3.5
vertex 173.9625 -150.15 0
endloop
endfacet
facet normal 0 -1 0
outer loop
vertex 187.9625 -150.15 0
vertex 187.9625 -150.15 3.5
vertex 182.9625 -150.15 3.5
endloop
endfacet
facet normal 0 -1 0
outer loop
vertex 187.9625 -150.15 0
vertex 182.9625 -150.15 3.5
vertex 182.9625 -150.15 0
endloop
endfacet
facet normal 0 -1 0
outer loop
vertex 198.0125 -150.15 0
vertex 198.0125 -150.15 3.5
vertex 193.0125 -150.15 3.5
endloop
endfacet
facet normal 0 -1 0
outer loop
vertex 198.0125 -150.15 0
vertex 193.0125 -150.15 3.5
vertex 193.0125 -150.15 0
endloop
endfacet
facet normal 0 -1 0
outer loop
vertex 207.0125 -150.15 0
vertex 207.0125 -150.15 3.5
vertex 202.0125 -150.15 3.5
endloop
endfacet
facet normal 0 -1 0
outer loop
vertex 207.0125 -150.15 0
vertex 202.0125 -150.15 3.5
vertex 202.0125 -150.15 0
endloop
endfacet
facet normal 0 -1 0
outer loop
vertex 217.0625 -150.15 0
vertex 217.0625 -150.15 3.5
vertex 212.0625 -150.15 3.5
endloop
endfacet
facet normal 0 -1 0
outer loop
vertex 217.0625 -150.15 0
vertex 212.0625 -150.15 3.5
vertex 212.0625 -150.15 0
endloop
endfacet
facet normal 0 -1 0
outer loop
vertex 226.0625 -150.15 0
vertex 226.0625 -150.15 3.5
vertex 221.0625 -150.15 3.5
endloop
endfacet
facet normal 0 -1 0
outer loop
vertex 226.0625 -150.15 0
vertex 221.0625 -150.15 3.5
vertex 221.0625 -150.15 0
endloop
endfacet
facet normal 0 -1 0
outer loop
vertex 104.38125 -150.4 0
vertex 104.38125 -150.4 3.5
vertex 100.38125 -150.4 3.5
endloop
endfacet
facet normal 0 -1 0
outer loop
vertex 104.38125 -150.4 0
vertex 100.38125 -150.4 3.5
vertex 100.38125 -150.4 0
endloop
endfacet
facet normal 0 -1 0
outer loop
vertex 125.8125 -150.4 0
vertex 125.8125 -150.4 3.5
vertex 121.8125 -150.4 3.5
endloop
endfacet
facet normal 0 -1 0
outer loop
vertex 125.8125 -150.4 0
vertex 121.8125 -150.4 3.5
vertex 121.8125 -150.4 0
endloop
endfacet
facet normal 0 -1 0
outer loop
vertex 144.8625 -150.4 0
vertex 144.8625 -150.4 3.5
vertex 140.8625 -150.4 3.5
endloop
endfacet
facet normal 0 -1 0
outer loop
vertex 144.8625 -150.4 0
vertex 140.8625 -150.4 3.5
vertex 140.8625 -150.4 0
endloop
endfacet
facet normal 0 -1 0
outer loop
vertex 163.9125 -150.4 0
vertex 163.9125 -150.4 3.5
vertex 159.9125 -150.4 3.5
endloop
endfacet
facet normal 0 -1 0
outer loop
vertex 163.9125 -150.4 0
vertex 159.9125 -150.4 3.5
vertex 159.9125 -150.4 0
endloop
endfacet
facet normal 0 -1 0
outer loop
vertex 182.9625 -150.4 0
vertex 182.9625 -150.4 3.5
vertex 178.9625 -150.4 3.5
endloop
endfacet
facet normal 0 -1 0
outer loop
vertex 182.9625 -150.4 0
vertex 178.9625 -150.4 3.5
vertex 178.9625 -150.4 0
endloop
endfacet
facet normal 0 -1 0
outer loop
vertex 202.0125 -150.4 0
vertex 202.0125 -150.4 3.5
vertex 198.0125 -150.4 3.5
endloop
endfacet
facet normal 0 -1 0
outer loop
vertex 202.0125 -150.4 0
vertex 198.0125 -150.4 3.5
vertex 198.0125 -150.4 0
endloop
endfacet
facet normal 0 -1 0
outer loop
vertex 221.0625 -150.4 0
vertex 221.0625 -150.4 3.5
vertex 217.0625 -150.4 3.5
endloop
endfacet
facet normal 0 -1 0
outer loop
vertex 221.0625 -150.4 0
vertex 217.0625 -150.4 3.5
vertex 217.0625 -150.4 0
endloop
endfacet
facet normal 1 0 0
outer loop
vertex 95.38125 -169.2 0
vertex 95.38125 -169.2 3.5
vertex 95.38125 -183.2 3.5
endloop
endfacet
facet normal 1 0 0
outer loop
vertex 95.38125 -169.2 0
vertex 95.38125 -183.2 3.5
vertex 95.38125 -183.2 0
endloop
endfacet
facet normal 1 0 0
outer loop
vertex 95.38125 -150.15 0
vertex 95.38125 -150.15 3.5
vertex 95.38125 -164.15 3.5
endloop
endfacet
facet normal 1 0 0
outer loop
vertex 95.38125 -150.15 0
vertex 95.38125 -164.15 3.5
vertex 95.38125 -164.15 0
endloop
endfacet
facet normal -1 0 0
outer loop
vertex 121.8125 -163.9 3.5
vertex 121.8125 -163.9 0
vertex 121.8125 -164.15 0
endloop
endfacet
facet normal -1 0 0
outer loop
vertex 121.8125 -163.9 3.5
vertex 121.8125 -164.15 0
vertex 121.8125 -164.15 3.5
endloop
endfacet
facet normal -1 0 0
outer loop
vertex 121.8125 -150.15 3.5
vertex 121.8125 -150.15 0
vertex 121.8125 -150.4 0
endloop
endfacet
facet normal -1 0 0
outer loop
vertex 121.8125 -150.15 3.5
vertex 121.8125 -150.4 0
vertex 121.8125 -150.4 3.5
endloop
endfacet
facet normal -1 0 0
outer loop
vertex 121.8125 -82.9375 3.5
vertex 121.8125 -82.9375 0
vertex 121.8125 -83.1875 0
endloop
endfacet
facet normal -1 0 0
outer loop
vertex 121.8125 -82.9375 3.5
vertex 121.8125 -83.1875 0
vertex 121.8125 -83.1875 3.5
endloop
endfacet
facet normal -1 0 0
outer loop
vertex 121.8125 -69.1875 3.5
vertex 121.8125 -69.1875 0
vertex 121.8125 -69.4375 0
endloop
endfacet
facet normal -1 0 0
outer loop
vertex 121.8125 -69.1875 3.5
vertex 121.8125 -69.4375 0
vertex 121.8125 -69.4375 3.5
endloop
endfacet
facet normal 1 0 0
outer loop
vertex 125.8125 -163.9 0
vertex 125.8125 -163.9 3.5
vertex 125.8125 -164.15 3.5
endloop
endfacet
facet normal 1 0 0
outer loop
vertex 125.8125 -163.9 0
vertex 125.8125 -164.15 3.5
vertex 125.8125 -164.15 0
endloop
endfacet
facet normal 1 0 0
outer loop
vertex 125.8125 -150.15 0
vertex 125.8125 -150.15 3.5
vertex 125.8125 -150.4 3.5
endloop
endfacet
facet normal 1 0 0
outer loop
vertex 125.8125 -150.15 0
vertex 125.8125 -150.4 3.5
vertex 125.8125 -150.4 0
endloop
endfacet
facet normal 1 0 0
outer loop
vertex 125.8125 -82.9375 0
vertex 125.8125 -82.9375 3.5
vertex 125.8125 -83.1875 3.5
endloop
endfacet
facet normal 1 0 0
outer loop
vertex 125.8125 -82.9375 0
vertex 125.8125 -83.1875 3.5
vertex 125.8125 -83.1875 0
endloop
endfacet
facet normal 1 0 0
outer loop
vertex 125.8125 -69.1875 0
vertex 125.8125 -69.1875 3.5
vertex 125.8125 -69.4375 3.5
endloop
endfacet
facet normal 1 0 0
outer loop
vertex 125.8125 -69.1875 0
vertex 125.8125 -69.4375 3.5
vertex 125.8125 -69.4375 0
endloop
endfacet
facet normal -1 0 0
outer loop
vertex 130.8125 -150.15 3.5
vertex 130.8125 -150.15 0
vertex 130.8125 -164.15 0
endloop
endfacet
facet normal -1 0 0
outer loop
vertex 130.8125 -150.15 3.5
vertex 130.8125 -164.15 0
vertex 130.8125 -164.15 3.5
endloop
endfacet
facet normal -1 0 0
outer loop
vertex 130.8125 -69.1875 3.5
vertex 130.8125 -69.1875 0
vertex 130.8125 -83.1875 0
endloop
endfacet
facet normal -1 0 0
outer loop
vertex 130.8125 -69.1875 3.5
vertex 130.8125 -83.1875 0
vertex 130.8125 -83.1875 3.5
endloop
endfacet
facet normal 1 0 0
outer loop
vertex 116.8125 -150.15 0
vertex 116.8125 -150.15 3.5
vertex 116.8125 -164.15 3.5
endloop
endfacet
facet normal 1 0 0
outer loop
vertex 116.8125 -150.15 0
vertex 116.8125 -164.15 3.5
vertex 116.8125 -164.15 0
endloop
endfacet
facet normal 1 0 0
outer loop
vertex 116.8125 -69.1875 0
vertex 116.8125 -69.1875 3.5
vertex 116.8125 -83.1875 3.5
endloop
endfacet
facet normal 1 0 0
outer loop
vertex 116.8125 -69.1875 0
vertex 116.8125 -83.1875 3.5
vertex 116.8125 -83.1875 0
endloop
endfacet
facet normal -1 0 0
outer loop
vertex 140.8625 -163.9 3.5
vertex 140.8625 -163.9 0
vertex 140.8625 -164.15 0
endloop
endfacet
facet normal -1 0 0
outer loop
vertex 140.8625 -163.9 3.5
vertex 140.8625 -164.15 0
vertex 140.8625 -164.15 3.5
endloop
endfacet
facet normal -1 0 0
outer loop
vertex 140.8625 -150.15 3.5
vertex 140.8625 -150.15 0
vertex 140.8625 -150.4 0
endloop
endfacet
facet normal -1 0 0
outer loop
vertex 140.8625 -150.15 3.5
vertex 140.8625 -150.4 0
vertex 140.8625 -150.4 3.5
endloop
endfacet
facet normal -1 0 0
outer loop
vertex 140.8625 -82.9375 3.5
vertex 140.8625 -82.9375 0
vertex 140.8625 -83.1875 0
endloop
endfacet
facet normal -1 0 0
outer loop
vertex 140.8625 -82.9375 3.5
vertex 140.8625 -83.1875 0
vertex 140.8625 -83.1875 3.5
endloop
endfacet
facet normal -1 0 0
outer loop
vertex 140.8625 -69.1875 3.5
vertex 140.8625 -69.1875 0
vertex 140.8625 -69.4375 0
endloop
endfacet
facet normal -1 0 0
outer loop
vertex 140.8625 -69.1875 3.5
vertex 140.8625 -69.4375 0
vertex 140.8625 -69.4375 3.5
endloop
endfacet
facet normal 1 0 0
outer loop
vertex 144.8625 -163.9 0
vertex 144.8625 -163.9 3.5
vertex 144.8625 -164.15 3.5
endloop
endfacet
facet normal 1 0 0
outer loop
vertex 144.8625 -163.9 0
vertex 144.8625 -164.15 3.5
vertex 144.8625 -164.15 0
endloop
endfacet
facet normal 1 0 0
outer loop
vertex 144.8625 -150.15 0
vertex 144.8625 -150.15 3.5
vertex 144.8625 -150.4 3.5
endloop
endfacet
facet normal 1 0 0
outer loop
vertex 144.8625 -150.15 0
vertex 144.8625 -150.4 3.5
vertex 144.8625 -150.4 0
endloop
endfacet
facet normal 1 0 0
outer loop
vertex 144.8625 -82.9375 0
vertex 144.8625 -82.9375 3.5
vertex 144.8625 -83.1875 3.5
endloop
endfacet
facet normal 1 0 0
outer loop
vertex 144.8625 -82.9375 0
vertex 144.8625 -83.1875 3.5
vertex 144.8625 -83.1875 0
endloop
endfacet
facet normal 1 0 0
outer loop
vertex 144.8625 -69.1875 0
vertex 144.8625 -69.1875 3.5
vertex 144.8625 -69.4375 3.5
endloop
endfacet
facet normal 1 0 0
outer loop
vertex 144.8625 -69.1875 0
vertex 144.8625 -69.4375 3.5
vertex 144.8625 -69.4375 0
endloop
endfacet
facet normal -1 0 0
outer loop
vertex 149.8625 -150.15 3.5
vertex 149.8625 -150.15 0
vertex 149.8625 -164.15 0
endloop
endfacet
facet normal -1 0 0
outer loop
vertex 149.8625 -150.15 3.5
vertex 149.8625 -164.15 0
vertex 149.8625 -164.15 3.5
endloop
endfacet
facet normal -1 0 0
outer loop
vertex 149.8625 -69.1875 3.5
vertex 149.8625 -69.1875 0
vertex 149.8625 -83.1875 0
endloop
endfacet
facet normal -1 0 0
outer loop
vertex 149.8625 -69.1875 3.5
vertex 149.8625 -83.1875 0
vertex 149.8625 -83.1875 3.5
endloop
endfacet
facet normal 1 0 0
outer loop
vertex 135.8625 -150.15 0
vertex 135.8625 -150.15 3.5
vertex 135.8625 -164.15 3.5
endloop
endfacet
facet normal 1 0 0
outer loop
vertex 135.8625 -150.15 0
vertex 135.8625 -164.15 3.5
vertex 135.8625 -164.15 0
endloop
endfacet
facet normal 1 0 0
outer loop
vertex 135.8625 -69.1875 0
vertex 135.8625 -69.1875 3.5
vertex 135.8625 -83.1875 3.5
endloop
endfacet
facet normal 1 0 0
outer loop
vertex 135.8625 -69.1875 0
vertex 135.8625 -83.1875 3.5
vertex 135.8625 -83.1875 0
endloop
endfacet
facet normal -1 0 0
outer loop
vertex 159.9125 -163.9 3.5
vertex 159.9125 -163.9 0
vertex 159.9125 -164.15 0
endloop
endfacet
facet normal -1 0 0
outer loop
vertex 159.9125 -163.9 3.5
vertex 159.9125 -164.15 0
vertex 159.9125 -164.15 3.5
endloop
endfacet
facet normal -1 0 0
outer loop
vertex 159.9125 -150.15 3.5
vertex 159.9125 -150.15 0
vertex 159.9125 -150.4 0
endloop
endfacet
facet normal -1 0 0
outer loop
vertex 159.9125 -150.15 3.5
vertex 159.9125 -150.4 0
vertex 159.9125 -150.4 3.5
endloop
endfacet
facet normal -1 0 0
outer loop
vertex 159.9125 -82.9375 3.5
vertex 159.9125 -82.9375 0
vertex 159.9125 -83.1875 0
endloop
endfacet
facet normal -1 0 0
outer loop
vertex 159.9125 -82.9375 3.5
vertex 159.9125 -83.1875 0
vertex 159.9125 -83.1875 3.5
endloop
endfacet
facet normal -1 0 0
outer loop
vertex 159.9125 -69.1875 3.5
vertex 159.9125 -69.1875 0
vertex 159.9125 -69.4375 0
endloop
endfacet
facet normal -1 0 0
outer loop
vertex 159.9125 -69.1875 3.5
vertex 159.9125 -69.4375 0
vertex 159.9125 -69.4375 3.5
endloop
endfacet
facet normal 1 0 0
outer loop
vertex 163.9125 -163.9 0
vertex 163.9125 -163.9 3.5
vertex 163.9125 -164.15 3.5
endloop
endfacet
facet normal 1 0 0
outer loop
vertex 163.9125 -163.9 0
vertex 163.9125 -164.15 3.5
vertex 163.9125 -164.15 0
endloop
endfacet
facet normal 1 0 0
outer loop
vertex 163.9125 -150.15 0
vertex 163.9125 -150.15 3.5
vertex 163.9125 -150.4 3.5
endloop
endfacet
facet normal 1 0 0
outer loop
vertex 163.9125 -150.15 0
vertex 163.9125 -150.4 3.5
vertex 163.9125 -150.4 0
endloop
endfacet
facet normal 1 0 0
outer loop
vertex 163.9125 -82.9375 0
vertex 163.9125 -82.9375 3.5
vertex 163.9125 -83.1875 3.5
endloop
endfacet
facet normal 1 0 0
outer loop
vertex 163.9125 -82.9375 0
vertex 163.9125 -83.1875 3.5
vertex 163.9125 -83.1875 0
endloop
endfacet
facet normal 1 0 0
outer loop
vertex 163.9125 -69.1875 0
vertex 163.9125 -69.1875 3.5
vertex 163.9125 -69.4375 3.5
endloop
endfacet
facet normal 1 0 0
outer loop
vertex 163.9125 -69.1875 0
vertex 163.9125 -69.4375 3.5
vertex 163.9125 -69.4375 0
endloop
endfacet
facet normal -1 0 0
outer loop
vertex 168.9125 -150.15 3.5
vertex 168.9125 -150.15 0
vertex 168.9125 -164.15 0
endloop
endfacet
facet normal -1 0 0
outer loop
vertex 168.9125 -150.15 3.5
vertex 168.9125 -164.15 0
vertex 168.9125 -164.15 3.5
endloop
endfacet
facet normal -1 0 0
outer loop
vertex 168.9125 -69.1875 3.5
vertex 168.9125 -69.1875 0
vertex 168.9125 -83.1875 0
endloop
endfacet
facet normal -1 0 0
outer loop
vertex 168.9125 -69.1875 3.5
vertex 168.9125 -83.1875 0
vertex 168.9125 -83.1875 3.5
endloop
endfacet
facet normal 1 0 0
outer loop
vertex 154.9125 -150.15 0
vertex 154.9125 -150.15 3.5
vertex 154.9125 -164.15 3.5
endloop
endfacet
facet normal 1 0 0
outer loop
vertex 154.9125 -150.15 0
vertex 154.9125 -164.15 3.5
vertex 154.9125 -164.15 0
endloop
endfacet
facet normal 1 0 0
outer loop
vertex 154.9125 -69.1875 0
vertex 154.9125 -69.1875 3.5
vertex 154.9125 -83.1875 3.5
endloop
endfacet
facet normal 1 0 0
outer loop
vertex 154.9125 -69.1875 0
vertex 154.9125 -83.1875 3.5
vertex 154.9125 -83.1875 0
endloop
endfacet
facet normal -1 0 0
outer loop
vertex 178.9625 -163.9 3.5
vertex 178.9625 -163.9 0
vertex 178.9625 -164.15 0
endloop
endfacet
facet normal -1 0 0
outer loop
vertex 178.9625 -163.9 3.5
vertex 178.9625 -164.15 0
vertex 178.9625 -164.15 3.5
endloop
endfacet
facet normal -1 0 0
outer loop
vertex 178.9625 -150.15 3.5
vertex 178.9625 -150.15 0
vertex 178.9625 -150.4 0
endloop
endfacet
facet normal -1 0 0
outer loop
vertex 178.9625 -150.15 3.5
vertex 178.9625 -150.4 0
vertex 178.9625 -150.4 3.5
endloop
endfacet
facet normal -1 0 0
outer loop
vertex 178.9625 -82.9375 3.5
vertex 178.9625 -82.9375 0
vertex 178.9625 -83.1875 0
endloop
endfacet
facet normal -1 0 0
outer loop
vertex 178.9625 -82.9375 3.5
vertex 178.9625 -83.1875 0
vertex 178.9625 -83.1875 3.5
endloop
endfacet
facet normal -1 0 0
outer loop
vertex 178.9625 -69.1875 3.5
vertex 178.9625 -69.1875 0
vertex 178.9625 -69.4375 0
endloop
endfacet
facet normal -1 0 0
outer loop
vertex 178.9625 -69.1875 3.5
vertex 178.9625 -69.4375 0
vertex 178.9625 -69.4375 3.5
endloop
endfacet
facet normal 1 0 0
outer loop
vertex 182.9625 -163.9 0
vertex 182.9625 -163.9 3.5
vertex 182.9625 -164.15 3.5
endloop
endfacet
facet normal 1 0 0
outer loop
vertex 182.9625 -163.9 0
vertex 182.9625 -164.15 3.5
vertex 182.9625 -164.15 0
endloop
endfacet
facet normal 1 0 0
outer loop
vertex 182.9625 -150.15 0
vertex 182.9625 -150.15 3.5
vertex 182.9625 -150.4 3.5
endloop
endfacet
facet normal 1 0 0
outer loop
vertex 182.9625 -150.15 0
vertex 182.9625 -150.4 3.5
vertex 182.9625 -150.4 0
endloop
endfacet
facet normal 1 0 0
outer loop
vertex 182.9625 -82.9375 0
vertex 182.9625 -82.9375 3.5
vertex 182.9625 -83.1875 3.5
endloop
endfacet
facet normal 1 0 0
outer loop
vertex 182.9625 -82.9375 0
vertex 182.9625 -83.1875 3.5
vertex 182.9625 -83.1875 0
endloop
endfacet
facet normal 1 0 0
outer loop
vertex 182.9625 -69.1875 0
vertex 182.9625 -69.1875 3.5
vertex 182.9625 -69.4375 3.5
endloop
endfacet
facet normal 1 0 0
outer loop
vertex 182.9625 -69.1875 0
vertex 182.9625 -69.4375 3.5
vertex 182.9625 -69.4375 0
endloop
endfacet
facet normal -1 0 0
outer loop
vertex 187.9625 -150.15 3.5
vertex 187.9625 -150.15 0
vertex 187.9625 -164.15 0
endloop
endfacet
facet normal -1 0 0
outer loop
vertex 187.9625 -150.15 3.5
vertex 187.9625 -164.15 0
vertex 187.9625 -164.15 3.5
endloop
endfacet
facet normal -1 0 0
outer loop
vertex 187.9625 -69.1875 3.5
vertex 187.9625 -69.1875 0
vertex 187.9625 -83.1875 0
endloop
endfacet
facet normal -1 0 0
outer loop
vertex 187.9625 -69.1875 3.5
vertex 187.9625 -83.1875 0
vertex 187.9625 -83.1875 3.5
endloop
endfacet
facet normal 1 0 0
outer loop
vertex 173.9625 -150.15 0
vertex 173.9625 -150.15 3.5
vertex 173.9625 -164.15 3.5
endloop
endfacet
facet normal 1 0 0
outer loop
vertex 173.9625 -150.15 0
vertex 173.9625 -164.15 3.5
vertex 173.9625 -164.15 0
endloop
endfacet
facet normal 1 0 0
outer loop
vertex 173.9625 -69.1875 0
vertex 173.9625 -69.1875 3.5
vertex 173.9625 -83.1875 3.5
endloop
endfacet
facet normal 1 0 0
outer loop
vertex 173.9625 -69.1875 0
vertex 173.9625 -83.1875 3.5
vertex 173.9625 -83.1875 0
endloop
endfacet
facet normal -1 0 0
outer loop
vertex 198.0125 -163.9 3.5
vertex 198.0125 -163.9 0
vertex 198.0125 -164.15 0
endloop
endfacet
facet normal -1 0 0
outer loop
vertex 198.0125 -163.9 3.5
vertex 198.0125 -164.15 0
vertex 198.0125 -164.15 3.5
endloop
endfacet
facet normal -1 0 0
outer loop
vertex 198.0125 -150.15 3.5
vertex 198.0125 -150.15 0
vertex 198.0125 -150.4 0
endloop
endfacet
facet normal -1 0 0
outer loop
vertex 198.0125 -150.15 3.5
vertex 198.0125 -150.4 0
vertex 198.0125 -150.4 3.5
endloop
endfacet
facet normal 1 0 0
outer loop
vertex 202.0125 -163.9 0
vertex 202.0125 -163.9 3.5
vertex 202.0125 -164.15 3.5
endloop
endfacet
facet normal 1 0 0
outer loop
vertex 202.0125 -163.9 0
vertex 202.0125 -164.15 3.5
vertex 202.0125 -164.15 0
endloop
endfacet
facet normal 1 0 0
outer loop
vertex 202.0125 -150.15 0
vertex 202.0125 -150.15 3.5
vertex 202.0125 -150.4 3.5
endloop
endfacet
facet normal 1 0 0
outer loop
vertex 202.0125 -150.15 0
vertex 202.0125 -150.4 3.5
vertex 202.0125 -150.4 0
endloop
endfacet
facet normal -1 0 0
outer loop
vertex 207.0125 -150.15 3.5
vertex 207.0125 -150.15 0
vertex 207.0125 -164.15 0
endloop
endfacet
facet normal -1 0 0
outer loop
vertex 207.0125 -150.15 3.5
vertex 207.0125 -164.15 0
vertex 207.0125 -164.15 3.5
endloop
endfacet
facet normal 1 0 0
outer loop
vertex 193.0125 -150.15 0
vertex 193.0125 -150.15 3.5
vertex 193.0125 -164.15 3.5
endloop
endfacet
facet normal 1 0 0
outer loop
vertex 193.0125 -150.15 0
vertex 193.0125 -164.15 3.5
vertex 193.0125 -164.15 0
endloop
endfacet
facet normal -1 0 0
outer loop
vertex 217.0625 -163.9 3.5
vertex 217.0625 -163.9 0
vertex 217.0625 -164.15 0
endloop
endfacet
facet normal -1 0 0
outer loop
vertex 217.0625 -163.9 3.5
vertex 217.0625 -164.15 0
vertex 217.0625 -164.15 3.5
endloop
endfacet
facet normal -1 0 0
outer loop
vertex 217.0625 -150.15 3.5
vertex 217.0625 -150.15 0
vertex 217.0625 -150.4 0
endloop
endfacet
facet normal -1 0 0
outer loop
vertex 217.0625 -150.15 3.5
vertex 217.0625 -150.4 0
vertex 217.0625 -150.4 3.5
endloop
endfacet
facet normal 1 0 0
outer loop
vertex 221.0625 -163.9 0
vertex 221.0625 -163.9 3.5
vertex 221.0625 -164.15 3.5
endloop
endfacet
facet normal 1 0 0
outer loop
vertex 221.0625 -163.9 0
vertex 221.0625 -164.15 3.5
vertex 221.0625 -164.15 0
endloop
endfacet
facet normal 1 0 0
outer loop
vertex 221.0625 -150.15 0
vertex 221.0625 -150.15 3.5
vertex 221.0625 -150.4 3.5
endloop
endfacet
facet normal 1 0 0
outer loop
vertex 221.0625 -150.15 0
vertex 221.0625 -150.4 3.5
vertex 221.0625 -150.4 0
endloop
endfacet
facet normal -1 0 0
outer loop
vertex 226.0625 -150.15 3.5
vertex 226.0625 -150.15 0
vertex 226.0625 -164.15 0
endloop
endfacet
facet normal -1 0 0
outer loop
vertex 226.0625 -150.15 3.5
vertex 226.0625 -164.15 0
vertex 226.0625 -164.15 3.5
endloop
endfacet
facet normal 1 0 0
outer loop
vertex 212.0625 -150.15 0
vertex 212.0625 -150.15 3.5
vertex 212.0625 -164.15 3.5
endloop
endfacet
facet normal 1 0 0
outer loop
vertex 212.0625 -150.15 0
vertex 212.0625 -164.15 3.5
vertex 212.0625 -164.15 0
endloop
endfacet
facet normal 0 1 0
outer loop
vertex 98 -83.1875 3.5
vertex 98 -83.1875 0
vertex 93 -83.1875 0
endloop
endfacet
facet normal 0 1 0
outer loop
vertex 98 -83.1875 3.5
vertex 93 -83.1875 0
vertex 93 -83.1875 3.5
endloop
endfacet
facet normal 0 1 0
outer loop
vertex 107 -83.1875 3.5
vertex 107 -83.1875 0
vertex 102 -83.1875 0
endloop
endfacet
facet normal 0 1 0
outer loop
vertex 107 -83.1875 3.5
vertex 102 -83.1875 0
vertex 102 -83.1875 3.5
endloop
endfacet
facet normal 0 1 0
outer loop
vertex 121.8125 -83.1875 3.5
vertex 121.8125 -83.1875 0
vertex 116.8125 -83.1875 0
endloop
endfacet
facet normal 0 1 0
outer loop
vertex 121.8125 -83.1875 3.5
vertex 116.8125 -83.1875 0
vertex 116.8125 -83.1875 3.5
endloop
endfacet
facet normal 0 1 0
outer loop
vertex 130.8125 -83.1875 3.5
vertex 130.8125 -83.1875 0
vertex 125.8125 -83.1875 0
endloop
endfacet
facet normal 0 1 0
outer loop
vertex 130.8125 -83.1875 3.5
vertex 125.8125 -83.1875 0
vertex 125.8125 -83.1875 3.5
endloop
endfacet
facet normal 0 1 0
outer loop
vertex 140.8625 -83.1875 3.5
vertex 140.8625 -83.1875 0
vertex 135.8625 -83.1875 0
endloop
endfacet
facet normal 0 1 0
outer loop
vertex 140.8625 -83.1875 3.5
vertex 135.8625 -83.1875 0
vertex 135.8625 -83.1875 3.5
endloop
endfacet
facet normal 0 1 0
outer loop
vertex 149.8625 -83.1875 3.5
vertex 149.8625 -83.1875 0
vertex 144.8625 -83.1875 0
endloop
endfacet
facet normal 0 1 0
outer loop
vertex 149.8625 -83.1875 3.5
vertex 144.8625 -83.1875 0
vertex 144.8625 -83.1875 3.5
endloop
endfacet
facet normal 0 1 0
outer loop
vertex 159.9125 -83.1875 3.5
vertex 159.9125 -83.1875 0
vertex 154.9125 -83.1875 0
endloop
endfacet
facet normal 0 1 0
outer loop
vertex 159.9125 -83.1875 3.5
vertex 154.9125 -83.1875 0
vertex 154.9125 -83.1875 3.5
endloop
endfacet
facet normal 0 1 0
outer loop
vertex 168.9125 -83.1875 3.5
vertex 168.9125 -83.1875 0
vertex 163.9125 -83.1875 0
endloop
endfacet
facet normal 0 1 0
outer loop
vertex 168.9125 -83.1875 3.5
vertex 163.9125 -83.1875 0
vertex 163.9125 -83.1875 3.5
endloop
endfacet
facet normal 0 1 0
outer loop
vertex 178.9625 -83.1875 3.5
vertex 178.9625 -83.1875 0
vertex 173.9625 -83.1875 0
endloop
endfacet
facet normal 0 1 0
outer loop
vertex 178.9625 -83.1875 3.5
vertex 173.9625 -83.1875 0
vertex 173.9625 -83.1875 3.5
endloop
endfacet
facet normal 0 1 0
outer loop
vertex 187.9625 -83.1875 3.5
vertex 187.9625 -83.1875 0
vertex 182.9625 -83.1875 0
endloop
endfacet
facet normal 0 1 0
outer loop
vertex 187.9625 -83.1875 3.5
vertex 182.9625 -83.1875 0
vertex 182.9625 -83.1875 3.5
endloop
endfacet
facet normal 0 1 0
outer loop
vertex 202.775 -83.1875 3.5
vertex 202.775 -83.1875 0
vertex 197.775 -83.1875 0
endloop
endfacet
facet normal 0 1 0
outer loop
vertex 202.775 -83.1875 3.5
vertex 197.775 -83.1875 0
vertex 197.775 -83.1875 3.5
endloop
endfacet
facet normal 0 1 0
outer loop
vertex 211.775 -83.1875 3.5
vertex 211.775 -83.1875 0
vertex 206.775 -83.1875 0
endloop
endfacet
facet normal 0 1 0
outer loop
vertex 211.775 -83.1875 3.5
vertex 206.775 -83.1875 0
vertex 206.775 -83.1875 3.5
endloop
endfacet
facet normal 0 1 0
outer loop
vertex 102 -82.9375 3.5
vertex 102 -82.9375 0
vertex 98 -82.9375 0
endloop
endfacet
facet normal 0 1 0
outer loop
vertex 102 -82.9375 3.5
vertex 98 -82.9375 0
vertex 98 -82.9375 3.5
endloop
endfacet
facet normal 0 1 0
outer loop
vertex 125.8125 -82.9375 3.5
vertex 125.8125 -82.9375 0
vertex 121.8125 -82.9375 0
endloop
endfacet
facet normal 0 1 0
outer loop
vertex 125.8125 -82.9375 3.5
vertex 121.8125 -82.9375 0
vertex 121.8125 -82.9375 3.5
endloop
endfacet
facet normal 0 1 0
outer loop
vertex 144.8625 -82.9375 3.5
vertex 144.8625 -82.9375 0
vertex 140.8625 -82.9375 0
endloop
endfacet
facet normal 0 1 0
outer loop
vertex 144.8625 -82.9375 3.5
vertex 140.8625 -82.9375 0
vertex 140.8625 -82.9375 3.5
endloop
endfacet
facet normal 0 1 0
outer loop
vertex 163.9125 -82.9375 3.5
vertex 163.9125 -82.9375 0
vertex 159.9125 -82.9375 0
endloop
endfacet
facet normal 0 1 0
outer loop
vertex 163.9125 -82.9375 3.5
vertex 159.9125 -82.9375 0
vertex 159.9125 -82.9375 3.5
endloop
endfacet
facet normal 0 1 0
outer loop
vertex 182.9625 -82.9375 3.5
vertex 182.9625 -82.9375 0
vertex 178.9625 -82.9375 0
endloop
endfacet
facet normal 0 1 0
outer loop
vertex 182.9625 -82.9375 3.5
vertex 178.9625 -82.9375 0
vertex 178.9625 -82.9375 3.5
endloop
endfacet
facet normal 0 1 0
outer loop
vertex 206.775 -82.9375 3.5
vertex 206.775 -82.9375 0
vertex 202.775 -82.9375 0
endloop
endfacet
facet normal 0 1 0
outer loop
vertex 206.775 -82.9375 3.5
vertex 202.775 -82.9375 0
vertex 202.775 -82.9375 3.5
endloop
endfacet
facet normal 0 -1 0
outer loop
vertex 98 -69.1875 0
vertex 98 -69.1875 3.5
vertex 93 -69.1875 3.5
endloop
endfacet
facet normal 0 -1 0
outer loop
vertex 98 -69.1875 0
vertex 93 -69.1875 3.5
vertex 93 -69.1875 0
endloop
endfacet
facet normal 0 -1 0
outer loop
vertex 107 -69.1875 0
vertex 107 -69.1875 3.5
vertex 102 -69.1875 3.5
endloop
endfacet
facet normal 0 -1 0
outer loop
vertex 107 -69.1875 0
vertex 102 -69.1875 3.5
vertex 102 -69.1875 0
endloop
endfacet
facet normal 0 -1 0
outer loop
vertex 121.8125 -69.1875 0
vertex 121.8125 -69.1875 3.5
vertex 116.8125 -69.1875 3.5
endloop
endfacet
facet normal 0 -1 0
outer loop
vertex 121.8125 -69.1875 0
vertex 116.8125 -69.1875 3.5
vertex 116.8125 -69.1875 0
endloop
endfacet
facet normal 0 -1 0
outer loop
vertex 130.8125 -69.1875 0
vertex 130.8125 -69.1875 3.5
vertex 125.8125 -69.1875 3.5
endloop
endfacet
facet normal 0 -1 0
outer loop
vertex 130.8125 -69.1875 0
vertex 125.8125 -69.1875 3.5
vertex 125.8125 -69.1875 0
endloop
endfacet
facet normal 0 -1 0
outer loop
vertex 140.8625 -69.1875 0
vertex 140.8625 -69.1875 3.5
vertex 135.8625 -69.1875 3.5
endloop
endfacet
facet normal 0 -1 0
outer loop
vertex 140.8625 -69.1875 0
vertex 135.8625 -69.1875 3.5
vertex 135.8625 -69.1875 0
endloop
endfacet
facet normal 0 -1 0
outer loop
vertex 149.8625 -69.1875 0
vertex 149.8625 -69.1875 3.5
vertex 144.8625 -69.1875 3.5
endloop
endfacet
facet normal 0 -1 0
outer loop
vertex 149.8625 -69.1875 0
vertex 144.8625 -69.1875 3.5
vertex 144.8625 -69.1875 0
endloop
endfacet
facet normal 0 -1 0
outer loop
vertex 159.9125 -69.1875 0
vertex 159.9125 -69.1875 3.5
vertex 154.9125 -69.1875 3.5
endloop
endfacet
facet normal 0 -1 0
outer loop
vertex 159.9125 -69.1875 0
vertex 154.9125 -69.1875 3.5
vertex 154.9125 -69.1875 0
endloop
endfacet
facet normal 0 -1 0
outer loop
vertex 168.9125 -69.1875 0
vertex 168.9125 -69.1875 3.5
vertex 163.9125 -69.1875 3.5
endloop
endfacet
facet normal 0 -1 0
outer loop
vertex 168.9125 -69.1875 0
vertex 163.9125 -69.1875 3.5
vertex 163.9125 -69.1875 0
endloop
endfacet
facet normal 0 -1 0
outer loop
vertex 178.9625 -69.1875 0
vertex 178.9625 -69.1875 3.5
vertex 173.9625 -69.1875 3.5
endloop
endfacet
facet normal 0 -1 0
outer loop
vertex 178.9625 -69.1875 0
vertex 173.9625 -69.1875 3.5
vertex 173.9625 -69.1875 0
endloop
endfacet
facet normal 0 -1 0
outer loop
vertex 187.9625 -69.1875 0
vertex 187.9625 -69.1875 3.5
vertex 182.9625 -69.1875 3.5
endloop
endfacet
facet normal 0 -1 0
outer loop
vertex 187.9625 -69.1875 0
vertex 182.9625 -69.1875 3.5
vertex 182.9625 -69.1875 0
endloop
endfacet
facet normal 0 -1 0
outer loop
vertex 202.775 -69.1875 0
vertex 202.775 -69.1875 3.5
vertex 197.775 -69.1875 3.5
endloop
endfacet
facet normal 0 -1 0
outer loop
vertex 202.775 -69.1875 0
vertex 197.775 -69.1875 3.5
vertex 197.775 -69.1875 0
endloop
endfacet
facet normal 0 -1 0
outer loop
vertex 211.775 -69.1875 0
vertex 211.775 -69.1875 3.5
vertex 206.775 -69.1875 3.5
endloop
endfacet
facet normal 0 -1 0
outer loop
vertex 211.775 -69.1875 0
vertex 206.775 -69.1875 3.5
vertex 206.775 -69.1875 0
endloop
endfacet
facet normal 0 -1 0
outer loop
vertex 102 -69.4375 0
vertex 102 -69.4375 3.5
vertex 98 -69.4375 3.5
endloop
endfacet
facet normal 0 -1 0
outer loop
vertex 102 -69.4375 0
vertex 98 -69.4375 3.5
vertex 98 -69.4375 0
endloop
endfacet
facet normal 0 -1 0
outer loop
vertex 125.8125 -69.4375 0
vertex 125.8125 -69.4375 3.5
vertex 121.8125 -69.4375 3.5
endloop
endfacet
facet normal 0 -1 0
outer loop
vertex 125.8125 -69.4375 0
vertex 121.8125 -69.4375 3.5
vertex 121.8125 -69.4375 0
endloop
endfacet
facet normal 0 -1 0
outer loop
vertex 144.8625 -69.4375 0
vertex 144.8625 -69.4375 3.5
vertex 140.8625 -69.4375 3.5
endloop
endfacet
facet normal 0 -1 0
outer loop
vertex 144.8625 -69.4375 0
vertex 140.8625 -69.4375 3.5
vertex 140.8625 -69.4375 0
endloop
endfacet
facet normal 0 -1 0
outer loop
vertex 163.9125 -69.4375 0
vertex 163.9125 -69.4375 3.5
vertex 159.9125 -69.4375 3.5
endloop
endfacet
facet normal 0 -1 0
outer loop
vertex 163.9125 -69.4375 0
vertex 159.9125 -69.4375 3.5
vertex 159.9125 -69.4375 0
endloop
endfacet
facet normal 0 -1 0
outer loop
vertex 182.9625 -69.4375 0
vertex 182.9625 -69.4375 3.5
vertex 178.9625 -69.4375 3.5
endloop
endfacet
facet normal 0 -1 0
outer loop
vertex 182.9625 -69.4375 0
vertex 178.9625 -69.4375 3.5
vertex 178.9625 -69.4375 0
endloop
endfacet
facet normal 0 -1 0
outer loop
vertex 206.775 -69.4375 0
vertex 206.775 -69.4375 3.5
vertex 202.775 -69.4375 3.5
endloop
endfacet
facet normal 0 -1 0
outer loop
vertex 206.775 -69.4375 0
vertex 202.775 -69.4375 3.5
vertex 202.775 -69.4375 0
endloop
endfacet
facet normal 0 1 0
outer loop
vertex 100.38125 -183.2 3.5
vertex 100.38125 -183.2 0
vertex 95.38125 -183.2 0
endloop
endfacet
facet normal 0 1 0
outer loop
vertex 100.38125 -183.2 3.5
vertex 95.38125 -183.2 0
vertex 95.38125 -183.2 3.5
endloop
endfacet
facet normal 0 1 0
outer loop
vertex 109.38125 -183.2 3.5
vertex 109.38125 -183.2 0
vertex 104.38125 -183.2 0
endloop
endfacet
facet normal 0 1 0
outer loop
vertex 109.38125 -183.2 3.5
vertex 104.38125 -183.2 0
vertex 104.38125 -183.2 3.5
endloop
endfacet
facet normal 0 1 0
outer loop
vertex 124.19375 -183.2 3.5
vertex 124.19375 -183.2 0
vertex 119.19375 -183.2 0
endloop
endfacet
facet normal 0 1 0
outer loop
vertex 124.19375 -183.2 3.5
vertex 119.19375 -183.2 0
vertex 119.19375 -183.2 3.5
endloop
endfacet
facet normal 0 1 0
outer loop
vertex 133.19375 -183.2 3.5
vertex 133.19375 -183.2 0
vertex 128.19375 -183.2 0
endloop
endfacet
facet normal 0 1 0
outer loop
vertex 133.19375 -183.2 3.5
vertex 128.19375 -183.2 0
vertex 128.19375 -183.2 3.5
endloop
endfacet
facet normal 0 1 0
outer loop
vertex 157.53125 -183.2 3.5
vertex 157.53125 -183.2 0
vertex 152.53125 -183.2 0
endloop
endfacet
facet normal 0 1 0
outer loop
vertex 157.53125 -183.2 3.5
vertex 152.53125 -183.2 0
vertex 152.53125 -183.2 3.5
endloop
endfacet
facet normal 0 1 0
outer loop
vertex 166.53125 -183.2 3.5
vertex 166.53125 -183.2 0
vertex 161.53125 -183.2 0
endloop
endfacet
facet normal 0 1 0
outer loop
vertex 166.53125 -183.2 3.5
vertex 161.53125 -183.2 0
vertex 161.53125 -183.2 3.5
endloop
endfacet
facet normal 0 1 0
outer loop
vertex 205.15625 -183.2 3.5
vertex 205.15625 -183.2 0
vertex 200.15625 -183.2 0
endloop
endfacet
facet normal 0 1 0
outer loop
vertex 205.15625 -183.2 3.5
vertex 200.15625 -183.2 0
vertex 200.15625 -183.2 3.5
endloop
endfacet
facet normal 0 1 0
outer loop
vertex 214.15625 -183.2 3.5
vertex 214.15625 -183.2 0
vertex 209.15625 -183.2 0
endloop
endfacet
facet normal 0 1 0
outer loop
vertex 214.15625 -183.2 3.5
vertex 209.15625 -183.2 0
vertex 209.15625 -183.2 3.5
endloop
endfacet
facet normal 0 1 0
outer loop
vertex 104.38125 -182.95 3.5
vertex 104.38125 -182.95 0
vertex 100.38125 -182.95 0
endloop
endfacet
facet normal 0 1 0
outer loop
vertex 104.38125 -182.95 3.5
vertex 100.38125 -182.95 0
vertex 100.38125 -182.95 3.5
endloop
endfacet
facet normal 0 1 0
outer loop
vertex 128.19375 -182.95 3.5
vertex 128.19375 -182.95 0
vertex 124.19375 -182.95 0
endloop
endfacet
facet normal 0 1 0
outer loop
vertex 128.19375 -182.95 3.5
vertex 124.19375 -182.95 0
vertex 124.19375 -182.95 3.5
endloop
endfacet
facet normal 0 1 0
outer loop
vertex 161.53125 -182.95 3.5
vertex 161.53125 -182.95 0
vertex 157.53125 -182.95 0
endloop
endfacet
facet normal 0 1 0
outer loop
vertex 161.53125 -182.95 3.5
vertex 157.53125 -182.95 0
vertex 157.53125 -182.95 3.5
endloop
endfacet
facet normal 0 1 0
outer loop
vertex 209.15625 -182.95 3.5
vertex 209.15625 -182.95 0
vertex 205.15625 -182.95 0
endloop
endfacet
facet normal 0 1 0
outer loop
vertex 209.15625 -182.95 3.5
vertex 205.15625 -182.95 0
vertex 205.15625 -182.95 3.5
endloop
endfacet
facet normal 0 -1 0
outer loop
vertex 100.38125 -169.2 0
vertex 100.38125 -169.2 3.5
vertex 95.38125 -169.2 3.5
endloop
endfacet
facet normal 0 -1 0
outer loop
vertex 100.38125 -169.2 0
vertex 95.38125 -169.2 3.5
vertex 95.38125 -169.2 0
endloop
endfacet
facet normal 0 -1 0
outer loop
vertex 109.38125 -169.2 0
vertex 109.38125 -169.2 3.5
vertex 104.38125 -169.2 3.5
endloop
endfacet
facet normal 0 -1 0
outer loop
vertex 109.38125 -169.2 0
vertex 104.38125 -169.2 3.5
vertex 104.38125 -169.2 0
endloop
endfacet
facet normal 0 -1 0
outer loop
vertex 124.19375 -169.2 0
vertex 124.19375 -169.2 3.5
vertex 119.19375 -169.2 3.5
endloop
endfacet
facet normal 0 -1 0
outer loop
vertex 124.19375 -169.2 0
vertex 119.19375 -169.2 3.5
vertex 119.19375 -169.2 0
endloop
endfacet
facet normal 0 -1 0
outer loop
vertex 133.19375 -169.2 0
vertex 133.19375 -169.2 3.5
vertex 128.19375 -169.2 3.5
endloop
endfacet
facet normal 0 -1 0
outer loop
vertex 133.19375 -169.2 0
vertex 128.19375 -169.2 3.5
vertex 128.19375 -169.2 0
endloop
endfacet
facet normal 0 -1 0
outer loop
vertex 157.53125 -169.2 0
vertex 157.53125 -169.2 3.5
vertex 152.53125 -169.2 3.5
endloop
endfacet
facet normal 0 -1 0
outer loop
vertex 157.53125 -169.2 0
vertex 152.53125 -169.2 3.5
vertex 152.53125 -169.2 0
endloop
endfacet
facet normal 0 -1 0
outer loop
vertex 166.53125 -169.2 0
vertex 166.53125 -169.2 3.5
vertex 161.53125 -169.2 3.5
endloop
endfacet
facet normal 0 -1 0
outer loop
vertex 166.53125 -169.2 0
vertex 161.53125 -169.2 3.5
vertex 161.53125 -169.2 0
endloop
endfacet
facet normal 0 -1 0
outer loop
vertex 205.15625 -169.2 0
vertex 205.15625 -169.2 3.5
vertex 200.15625 -169.2 3.5
endloop
endfacet
facet normal 0 -1 0
outer loop
vertex 205.15625 -169.2 0
vertex 200.15625 -169.2 3.5
vertex 200.15625 -169.2 0
endloop
endfacet
facet normal 0 -1 0
outer loop
vertex 214.15625 -169.2 0
vertex 214.15625 -169.2 3.5
vertex 209.15625 -169.2 3.5
endloop
endfacet
facet normal 0 -1 0
outer loop
vertex 214.15625 -169.2 0
vertex 209.15625 -169.2 3.5
vertex 209.15625 -169.2 0
endloop
endfacet
facet normal 0 -1 0
outer loop
vertex 104.38125 -169.45 0
vertex 104.38125 -169.45 3.5
vertex 100.38125 -169.45 3.5
endloop
endfacet
facet normal 0 -1 0
outer loop
vertex 104.38125 -169.45 0
vertex 100.38125 -169.45 3.5
vertex 100.38125 -169.45 0
endloop
endfacet
facet normal 0 -1 0
outer loop
vertex 128.19375 -169.45 0
vertex 128.19375 -169.45 3.5
vertex 124.19375 -169.45 3.5
endloop
endfacet
facet normal 0 -1 0
outer loop
vertex 128.19375 -169.45 0
vertex 124.19375 -169.45 3.5
vertex 124.19375 -169.45 0
endloop
endfacet
facet normal 0 -1 0
outer loop
vertex 161.53125 -169.45 0
vertex 161.53125 -169.45 3.5
vertex 157.53125 -169.45 3.5
endloop
endfacet
facet normal 0 -1 0
outer loop
vertex 161.53125 -169.45 0
vertex 157.53125 -169.45 3.5
vertex 157.53125 -169.45 0
endloop
endfacet
facet normal 0 -1 0
outer loop
vertex 209.15625 -169.45 0
vertex 209.15625 -169.45 3.5
vertex 205.15625 -169.45 3.5
endloop
endfacet
facet normal 0 -1 0
outer loop
vertex 209.15625 -169.45 0
vertex 205.15625 -169.45 3.5
vertex 205.15625 -169.45 0
endloop
endfacet
facet normal -1 0 0
outer loop
vertex 124.19375 -182.95 3.5
vertex 124.19375 -182.95 0
vertex 124.19375 -183.2 0
endloop
endfacet
facet normal -1 0 0
outer loop
vertex 124.19375 -182.95 3.5
vertex 124.19375 -183.2 0
vertex 124.19375 -183.2 3.5
endloop
endfacet
facet normal -1 0 0
outer loop
vertex 124.19375 -169.2 3.5
vertex 124.19375 -169.2 0
vertex 124.19375 -169.45 0
endloop
endfacet
facet normal -1 0 0
outer loop
vertex 124.19375 -169.2 3.5
vertex 124.19375 -169.45 0
vertex 124.19375 -169.45 3.5
endloop
endfacet
facet normal 1 0 0
outer loop
vertex 128.19375 -182.95 0
vertex 128.19375 -182.95 3.5
vertex 128.19375 -183.2 3.5
endloop
endfacet
facet normal 1 0 0
outer loop
vertex 128.19375 -182.95 0
vertex 128.19375 -183.2 3.5
vertex 128.19375 -183.2 0
endloop
endfacet
facet normal 1 0 0
outer loop
vertex 128.19375 -169.2 0
vertex 128.19375 -169.2 3.5
vertex 128.19375 -169.45 3.5
endloop
endfacet
facet normal 1 0 0
outer loop
vertex 128.19375 -169.2 0
vertex 128.19375 -169.45 3.5
vertex 128.19375 -169.45 0
endloop
endfacet
facet normal -1 0 0
outer loop
vertex 133.19375 -171.1 3.5
vertex 133.19375 -171.07886380844354 3.5
vertex 133.19375 -171.01626748576248 3.5
endloop
endfacet
facet normal -1 0 0
outer loop
vertex 133.19375 -171.1 3.5
vertex 133.19375 -171.01626748576248 3.5
vertex 133.19375 -170.91461657353275 3.5
endloop
endfacet
facet normal -1 0 0
outer loop
vertex 133.19375 -171.1 3.5
vertex 133.19375 -170.91461657353275 3.5
vertex 133.19375 -170.77781745930517 3.5
endloop
endfacet
facet normal -1 0 0
outer loop
vertex 133.19375 -171.1 3.5
vertex 133.19375 -170.77781745930517 3.5
vertex 133.19375 -170.61112725632168 3.5
endloop
endfacet
facet normal -1 0 0
outer loop
vertex 133.19375 -171.1 3.5
vertex 133.19375 -170.61112725632168 3.5
vertex 133.19375 -170.42095177560157 3.5
endloop
endfacet
facet normal -1 0 0
outer loop
vertex 133.19375 -171.1 3.5
vertex 133.19375 -170.42095177560157 3.5
vertex 133.19375 -170.21459935421763 3.5
endloop
endfacet
facet normal -1 0 0
outer loop
vertex 133.19375 -171.1 3.5
vertex 133.19375 -170.21459935421763 3.5
vertex 133.19375 -170.0000000000001 3.5
endloop
endfacet
facet normal -1 0 0
outer loop
vertex 133.19375 -171.1 3.5
vertex 133.19375 -170.0000000000001 3.5
vertex 133.19375 -169.78540064578212 3.5
endloop
endfacet
facet normal -1 0 0
outer loop
vertex 133.19375 -171.1 3.5
vertex 133.19375 -169.78540064578212 3.5
vertex 133.19375 -169.57904822439846 3.5
endloop
endfacet
facet normal -1 0 0
outer loop
vertex 133.19375 -171.1 3.5
vertex 133.19375 -169.57904822439846 3.5
vertex 133.19375 -169.38887274367843 3.5
endloop
endfacet
facet normal -1 0 0
outer loop
vertex 133.19375 -171.1 3.5
vertex 133.19375 -169.38887274367843 3.5
vertex 133.19375 -169.2221825406948 3.5
endloop
endfacet
facet normal -1 0 0
outer loop
vertex 133.19375 -171.1 3.5
vertex 133.19375 -169.2221825406948 3.5
vertex 133.19375 -169.2 3.5
endloop
endfacet
facet normal -1 0 0
outer loop
vertex 133.19375 -171.1 3.5
vertex 133.19375 -169.2 3.5
vertex 133.19375 -169.2 0
endloop
endfacet
facet normal -1 0 0
outer loop
vertex 133.19375 -171.1 3.5
vertex 133.19375 -169.2 0
vertex 133.19375 -169.22218254069486 0
endloop
endfacet
facet normal -1 0 0
outer loop
vertex 133.19375 -171.1 3.5
vertex 133.19375 -169.22218254069486 0
vertex 133.19375 -169.38887274367832 0
endloop
endfacet
facet normal -1 0 0
outer loop
vertex 133.19375 -171.1 3.5
vertex 133.19375 -169.38887274367832 0
vertex 133.19375 -169.57904822439838 0
endloop
endfacet
facet normal -1 0 0
outer loop
vertex 133.19375 -171.1 3.5
vertex 133.19375 -169.57904822439838 0
vertex 133.19375 -169.78540064578223 0
endloop
endfacet
facet normal -1 0 0
outer loop
vertex 133.19375 -171.1 3.5
vertex 133.19375 -169.78540064578223 0
vertex 133.19375 -169.99999999999997 0
endloop
endfacet
facet normal -1 0 0
outer loop
vertex 133.19375 -171.1 3.5
vertex 133.19375 -169.99999999999997 0
vertex 133.19375 -170.21459935421765 0
endloop
endfacet
facet normal -1 0 0
outer loop
vertex 133.19375 -171.1 3.5
vertex 133.19375 -170.21459935421765 0
vertex 133.19375 -170.42095177560157 0
endloop
endfacet
facet normal -1 0 0
outer loop
vertex 133.19375 -171.1 3.5
vertex 133.19375 -170.42095177560157 0
vertex 133.19375 -170.61112725632174 0
endloop
endfacet
facet normal -1 0 0
outer loop
vertex 133.19375 -171.1 3.5
vertex 133.19375 -170.61112725632174 0
vertex 133.19375 -170.7778174593051 0
endloop
endfacet
facet normal -1 0 0
outer loop
vertex 133.19375 -171.1 3.5
vertex 133.19375 -170.7778174593051 0
vertex 133.19375 -170.91461657353275 0
endloop
endfacet
facet normal -1 0 0
outer loop
vertex 133.19375 -171.1 3.5
vertex 133.19375 -170.91461657353275 0
vertex 133.19375 -171.01626748576248 0
endloop
endfacet
facet normal -1 0 0
outer loop
vertex 133.19375 -171.1 3.5
vertex 133.19375 -171.01626748576248 0
vertex 133.19375 -171.07886380844357 0
endloop
endfacet
facet normal -1 0 0
outer loop
vertex 133.19375 -171.1 3.5
vertex 133.19375 -171.07886380844357 0
vertex 133.19375 -171.1 0
endloop
endfacet
facet normal -1 0 0
outer loop
vertex 133.19375 -171.1 3.5
vertex 133.19375 -171.1 0
vertex 133.19375 -183.2 0
endloop
endfacet
facet normal -1 0 0
outer loop
vertex 133.19375 -171.1 3.5
vertex 133.19375 -183.2 0
vertex 133.19375 -183.2 3.5
endloop
endfacet
facet normal 1 0 0
outer loop
vertex 119.19375 -169.2 0
vertex 119.19375 -169.2 3.5
vertex 119.19375 -183.2 3.5
endloop
endfacet
facet normal 1 0 0
outer loop
vertex 119.19375 -169.2 0
vertex 119.19375 -183.2 3.5
vertex 119.19375 -183.2 0
endloop
endfacet
facet normal -1 0 0
outer loop
vertex 157.53125 -182.95 3.5
vertex 157.53125 -182.95 0
vertex 157.53125 -183.2 0
endloop
endfacet
facet normal -1 0 0
outer loop
vertex 157.53125 -182.95 3.5
vertex 157.53125 -183.2 0
vertex 157.53125 -183.2 3.5
endloop
endfacet
facet normal -1 0 0
outer loop
vertex 157.53125 -169.2 3.5
vertex 157.53125 -169.2 0
vertex 157.53125 -169.45 0
endloop
endfacet
facet normal -1 0 0
outer loop
vertex 157.53125 -169.2 3.5
vertex 157.53125 -169.45 0
vertex 157.53125 -169.45 3.5
endloop
endfacet
facet normal 1 0 0
outer loop
vertex 161.53125 -182.95 0
vertex 161.53125 -182.95 3.5
vertex 161.53125 -183.2 3.5
endloop
endfacet
facet normal 1 0 0
outer loop
vertex 161.53125 -182.95 0
vertex 161.53125 -183.2 3.5
vertex 161.53125 -183.2 0
endloop
endfacet
facet normal 1 0 0
outer loop
vertex 161.53125 -169.2 0
vertex 161.53125 -169.2 3.5
vertex 161.53125 -169.45 3.5
endloop
endfacet
facet normal 1 0 0
outer loop
vertex 161.53125 -169.2 0
vertex 161.53125 -169.45 3.5
vertex 161.53125 -169.45 0
endloop
endfacet
facet normal -1 0 0
outer loop
vertex 166.53125 -171.1 3.5
vertex 166.53125 -171.07886380844354 3.5
vertex 166.53125 -171.01626748576248 3.5
endloop
endfacet
facet normal -1 0 0
outer loop
vertex 166.53125 -171.1 3.5
vertex 166.53125 -171.01626748576248 3.5
vertex 166.53125 -170.91461657353275 3.5
endloop
endfacet
facet normal -1 0 0
outer loop
vertex 166.53125 -171.1 3.5
vertex 166.53125 -170.91461657353275 3.5
vertex 166.53125 -170.77781745930517 3.5
endloop
endfacet
facet normal -1 0 0
outer loop
vertex 166.53125 -171.1 3.5
vertex 166.53125 -170.77781745930517 3.5
vertex 166.53125 -170.61112725632168 3.5
endloop
endfacet
facet normal -1 0 0
outer loop
vertex 166.53125 -171.1 3.5
vertex 166.53125 -170.61112725632168 3.5
vertex 166.53125 -170.42095177560157 3.5
endloop
endfacet
facet normal -1 0 0
outer loop
vertex 166.53125 -171.1 3.5
vertex 166.53125 -170.42095177560157 3.5
vertex 166.53125 -170.21459935421763 3.5
endloop
endfacet
facet normal -1 0 0
outer loop
vertex 166.53125 -171.1 3.5
vertex 166.53125 -170.21459935421763 3.5
vertex 166.53125 -170.0000000000001 3.5
endloop
endfacet
facet normal -1 0 0
outer loop
vertex 166.53125 -171.1 3.5
vertex 166.53125 -170.0000000000001 3.5
vertex 166.53125 -169.78540064578212 3.5
endloop
endfacet
facet normal -1 0 0
outer loop
vertex 166.53125 -171.1 3.5
vertex 166.53125 -169.78540064578212 3.5
vertex 166.53125 -169.57904822439846 3.5
endloop
endfacet
facet normal -1 0 0
outer loop
vertex 166.53125 -171.1 3.5
vertex 166.53125 -169.57904822439846 3.5
vertex 166.53125 -169.38887274367843 3.5
endloop
endfacet
facet normal -1 0 0
outer loop
vertex 166.53125 -171.1 3.5
vertex 166.53125 -169.38887274367843 3.5
vertex 166.53125 -169.2221825406948 3.5
endloop
endfacet
facet normal -1 0 0
outer loop
vertex 166.53125 -171.1 3.5
vertex 166.53125 -169.2221825406948 3.5
vertex 166.53125 -169.2 3.5
endloop
endfacet
facet normal -1 0 0
outer loop
vertex 166.53125 -171.1 3.5
vertex 166.53125 -169.2 3.5
vertex 166.53125 -169.2 0
endloop
endfacet
facet normal -1 0 0
outer loop
vertex 166.53125 -171.1 3.5
vertex 166.53125 -169.2 0
vertex 166.53125 -169.22218254069486 0
endloop
endfacet
facet normal -1 0 0
outer loop
vertex 166.53125 -171.1 3.5
vertex 166.53125 -169.22218254069486 0
vertex 166.53125 -169.38887274367832 0
endloop
endfacet
facet normal -1 0 0
outer loop
vertex 166.53125 -171.1 3.5
vertex 166.53125 -169.38887274367832 0
vertex 166.53125 -169.57904822439838 0
endloop
endfacet
facet normal -1 0 0
outer loop
vertex 166.53125 -171.1 3.5
vertex 166.53125 -169.57904822439838 0
vertex 166.53125 -169.78540064578223 0
endloop
endfacet
facet normal -1 0 0
outer loop
vertex 166.53125 -171.1 3.5
vertex 166.53125 -169.78540064578223 0
vertex 166.53125 -169.99999999999997 0
endloop
endfacet
facet normal -1 0 0
outer loop
vertex 166.53125 -171.1 3.5
vertex 166.53125 -169.99999999999997 0
vertex 166.53125 -170.21459935421765 0
endloop
endfacet
facet normal -1 0 0
outer loop
vertex 166.53125 -171.1 3.5
vertex 166.53125 -170.21459935421765 0
vertex 166.53125 -170.42095177560157 0
endloop
endfacet
facet normal -1 0 0
outer loop
vertex 166.53125 -171.1 3.5
vertex 166.53125 -170.42095177560157 0
vertex 166.53125 -170.61112725632174 0
endloop
endfacet
facet normal -1 0 0
outer loop
vertex 166.53125 -171.1 3.5
vertex 166.53125 -170.61112725632174 0
vertex 166.53125 -170.7778174593051 0
endloop
endfacet
facet normal -1 0 0
outer loop
vertex 166.53125 -171.1 3.5
vertex 166.53125 -170.7778174593051 0
vertex 166.53125 -170.91461657353275 0
endloop
endfacet
facet normal -1 0 0
outer loop
vertex 166.53125 -171.1 3.5
vertex 166.53125 -170.91461657353275 0
vertex 166.53125 -171.01626748576248 0
endloop
endfacet
facet normal -1 0 0
outer loop
vertex 166.53125 -171.1 3.5
vertex 166.53125 -171.01626748576248 0
vertex 166.53125 -171.07886380844357 0
endloop
endfacet
facet normal -1 0 0
outer loop
vertex 166.53125 -171.1 3.5
vertex 166.53125 -171.07886380844357 0
vertex 166.53125 -171.1 0
endloop
endfacet
facet normal -1 0 0
outer loop
vertex 166.53125 -171.1 3.5
vertex 166.53125 -171.1 0
vertex 166.53125 -183.2 0
endloop
endfacet
facet normal -1 0 0
outer loop
vertex 166.53125 -171.1 3.5
vertex 166.53125 -183.2 0
vertex 166.53125 -183.2 3.5
endloop
endfacet
facet normal 1 0 0
outer loop
vertex 152.53125 -171.1 0
vertex 152.53125 -171.07886380844357 0
vertex 152.53125 -171.01626748576248 0
endloop
endfacet
facet normal 1 0 0
outer loop
vertex 152.53125 -171.1 0
vertex 152.53125 -171.01626748576248 0
vertex 152.53125 -170.91461657353275 0
endloop
endfacet
facet normal 1 0 0
outer loop
vertex 152.53125 -171.1 0
vertex 152.53125 -170.91461657353275 0
vertex 152.53125 -170.7778174593051 0
endloop
endfacet
facet normal 1 0 0
outer loop
vertex 152.53125 -171.1 0
vertex 152.53125 -170.7778174593051 0
vertex 152.53125 -170.61112725632174 0
endloop
endfacet
facet normal 1 0 0
outer loop
vertex 152.53125 -171.1 0
vertex 152.53125 -170.61112725632174 0
vertex 152.53125 -170.42095177560157 0
endloop
endfacet
facet normal 1 0 0
outer loop
vertex 152.53125 -171.1 0
vertex 152.53125 -170.42095177560157 0
vertex 152.53125 -170.21459935421765 0
endloop
endfacet
facet normal 1 0 0
outer loop
vertex 152.53125 -171.1 0
vertex 152.53125 -170.21459935421765 0
vertex 152.53125 -169.99999999999997 0
endloop
endfacet
facet normal 1 0 0
outer loop
vertex 152.53125 -171.1 0
vertex 152.53125 -169.99999999999997 0
vertex 152.53125 -169.78540064578223 0
endloop
endfacet
facet normal 1 0 0
outer loop
vertex 152.53125 -171.1 0
vertex 152.53125 -169.78540064578223 0
vertex 152.53125 -169.57904822439838 0
endloop
endfacet
facet normal 1 0 0
outer loop
vertex 152.53125 -171.1 0
vertex 152.53125 -169.57904822439838 0
vertex 152.53125 -169.38887274367832 0
endloop
endfacet
facet normal 1 0 0
outer loop
vertex 152.53125 -171.1 0
vertex 152.53125 -169.38887274367832 0
vertex 152.53125 -169.22218254069486 0
endloop
endfacet
facet normal 1 0 0
outer loop
vertex 152.53125 -171.1 0
vertex 152.53125 -169.22218254069486 0
vertex 152.53125 -169.2 0
endloop
endfacet
facet normal 1 0 0
outer loop
vertex 152.53125 -171.1 0
vertex 152.53125 -169.2 0
vertex 152.53125 -169.2 3.5
endloop
endfacet
facet normal 1 0 0
outer loop
vertex 152.53125 -171.1 0
vertex 152.53125 -169.2 3.5
vertex 152.53125 -169.2221825406948 3.5
endloop
endfacet
facet normal 1 0 0
outer loop
vertex 152.53125 -171.1 0
vertex 152.53125 -169.2221825406948 3.5
vertex 152.53125 -169.38887274367843 3.5
endloop
endfacet
facet normal 1 0 0
outer loop
vertex 152.53125 -171.1 0
vertex 152.53125 -169.38887274367843 3.5
vertex 152.53125 -169.57904822439846 3.5
endloop
endfacet
facet normal 1 0 0
outer loop
vertex 152.53125 -171.1 0
vertex 152.53125 -169.57904822439846 3.5
vertex 152.53125 -169.78540064578212 3.5
endloop
endfacet
facet normal 1 0 0
outer loop
vertex 152.53125 -171.1 0
vertex 152.53125 -169.78540064578212 3.5
vertex 152.53125 -170.0000000000001 3.5
endloop
endfacet
facet normal 1 0 0
outer loop
vertex 152.53125 -171.1 0
vertex 152.53125 -170.0000000000001 3.5
vertex 152.53125 -170.21459935421763 3.5
endloop
endfacet
facet normal 1 0 0
outer loop
vertex 152.53125 -171.1 0
vertex 152.53125 -170.21459935421763 3.5
vertex 152.53125 -170.42095177560157 3.5
endloop
endfacet
facet normal 1 0 0
outer loop
vertex 152.53125 -171.1 0
vertex 152.53125 -170.42095177560157 3.5
vertex 152.53125 -170.61112725632168 3.5
endloop
endfacet
facet normal 1 0 0
outer loop
vertex 152.53125 -171.1 0
vertex 152.53125 -170.61112725632168 3.5
vertex 152.53125 -170.77781745930517 3.5
endloop
endfacet
facet normal 1 0 0
outer loop
vertex 152.53125 -171.1 0
vertex 152.53125 -170.77781745930517 3.5
vertex 152.53125 -170.91461657353275 3.5
endloop
endfacet
facet normal 1 0 0
outer loop
vertex 152.53125 -171.1 0
vertex 152.53125 -170.91461657353275 3.5
vertex 152.53125 -171.01626748576248 3.5
endloop
endfacet
facet normal 1 0 0
outer loop
vertex 152.53125 -171.1 0
vertex 152.53125 -171.01626748576248 3.5
vertex 152.53125 -171.07886380844354 3.5
endloop
endfacet
facet normal 1 0 0
outer loop
vertex 152.53125 -171.1 0
vertex 152.53125 -171.07886380844354 3.5
vertex 152.53125 -171.1 3.5
endloop
endfacet
facet normal 1 0 0
outer loop
vertex 152.53125 -171.1 0
vertex 152.53125 -171.1 3.5
vertex 152.53125 -183.2 3.5
endloop
endfacet
facet normal 1 0 0
outer loop
vertex 152.53125 -171.1 0
vertex 152.53125 -183.2 3.5
vertex 152.53125 -183.2 0
endloop
endfacet
facet normal -1 0 0
outer loop
vertex 205.15625 -182.95 3.5
vertex 205.15625 -182.95 0
vertex 205.15625 -183.2 0
endloop
endfacet
facet normal -1 0 0
outer loop
vertex 205.15625 -182.95 3.5
vertex 205.15625 -183.2 0
vertex 205.15625 -183.2 3.5
endloop
endfacet
facet normal -1 0 0
outer loop
vertex 205.15625 -169.2 3.5
vertex 205.15625 -169.2 0
vertex 205.15625 -169.45 0
endloop
endfacet
facet normal -1 0 0
outer loop
vertex 205.15625 -169.2 3.5
vertex 205.15625 -169.45 0
vertex 205.15625 -169.45 3.5
endloop
endfacet
facet normal 1 0 0
outer loop
vertex 209.15625 -182.95 0
vertex 209.15625 -182.95 3.5
vertex 209.15625 -183.2 3.5
endloop
endfacet
facet normal 1 0 0
outer loop
vertex 209.15625 -182.95 0
vertex 209.15625 -183.2 3.5
vertex 209.15625 -183.2 0
endloop
endfacet
facet normal 1 0 0
outer loop
vertex 209.15625 -169.2 0
vertex 209.15625 -169.2 3.5
vertex 209.15625 -169.45 3.5
endloop
endfacet
facet normal 1 0 0
outer loop
vertex 209.15625 -169.2 0
vertex 209.15625 -169.45 3.5
vertex 209.15625 -169.45 0
endloop
endfacet
facet normal -1 0 0
outer loop
vertex 214.15625 -171.1 3.5
vertex 214.15625 -171.07886380844354 3.5
vertex 214.15625 -171.01626748576248 3.5
endloop
endfacet
facet normal -1 0 0
outer loop
vertex 214.15625 -171.1 3.5
vertex 214.15625 -171.01626748576248 3.5
vertex 214.15625 -170.91461657353275 3.5
endloop
endfacet
facet normal -1 0 0
outer loop
vertex 214.15625 -171.1 3.5
vertex 214.15625 -170.91461657353275 3.5
vertex 214.15625 -170.77781745930517 3.5
endloop
endfacet
facet normal -1 0 0
outer loop
vertex 214.15625 -171.1 3.5
vertex 214.15625 -170.77781745930517 3.5
vertex 214.15625 -170.61112725632168 3.5
endloop
endfacet
facet normal -1 0 0
outer loop
vertex 214.15625 -171.1 3.5
vertex 214.15625 -170.61112725632168 3.5
vertex 214.15625 -170.42095177560157 3.5
endloop
endfacet
facet normal -1 0 0
outer loop
vertex 214.15625 -171.1 3.5
vertex 214.15625 -170.42095177560157 3.5
vertex 214.15625 -170.21459935421763 3.5
endloop
endfacet
facet normal -1 0 0
outer loop
vertex 214.15625 -171.1 3.5
vertex 214.15625 -170.21459935421763 3.5
vertex 214.15625 -170.0000000000001 3.5
endloop
endfacet
facet normal -1 0 0
outer loop
vertex 214.15625 -171.1 3.5
vertex 214.15625 -170.0000000000001 3.5
vertex 214.15625 -169.78540064578212 3.5
endloop
endfacet
facet normal -1 0 0
outer loop
vertex 214.15625 -171.1 3.5
vertex 214.15625 -169.78540064578212 3.5
vertex 214.15625 -169.57904822439846 3.5
endloop
endfacet
facet normal -1 0 0
outer loop
vertex 214.15625 -171.1 3.5
vertex 214.15625 -169.57904822439846 3.5
vertex 214.15625 -169.38887274367843 3.5
endloop
endfacet
facet normal -1 0 0
outer loop
vertex 214.15625 -171.1 3.5
vertex 214.15625 -169.38887274367843 3.5
vertex 214.15625 -169.2221825406948 3.5
endloop
endfacet
facet normal -1 0 0
outer loop
vertex 214.15625 -171.1 3.5
vertex 214.15625 -169.2221825406948 3.5
vertex 214.15625 -169.2 3.5
endloop
endfacet
facet normal -1 0 0
outer loop
vertex 214.15625 -171.1 3.5
vertex 214.15625 -169.2 3.5
vertex 214.15625 -169.2 0
endloop
endfacet
facet normal -1 0 0
outer loop
vertex 214.15625 -171.1 3.5
vertex 214.15625 -169.2 0
vertex 214.15625 -169.22218254069486 0
endloop
endfacet
facet normal -1 0 0
outer loop
vertex 214.15625 -171.1 3.5
vertex 214.15625 -169.22218254069486 0
vertex 214.15625 -169.38887274367832 0
endloop
endfacet
facet normal -1 0 0
outer loop
vertex 214.15625 -171.1 3.5
vertex 214.15625 -169.38887274367832 0
vertex 214.15625 -169.57904822439838 0
endloop
endfacet
facet normal -1 0 0
outer loop
vertex 214.15625 -171.1 3.5
vertex 214.15625 -169.57904822439838 0
vertex 214.15625 -169.78540064578223 0
endloop
endfacet
facet normal -1 0 0
outer loop
vertex 214.15625 -171.1 3.5
vertex 214.15625 -169.78540064578223 0
vertex 214.15625 -169.99999999999997 0
endloop
endfacet
facet normal -1 0 0
outer loop
vertex 214.15625 -171.1 3.5
vertex 214.15625 -169.99999999999997 0
vertex 214.15625 -170.21459935421765 0
endloop
endfacet
facet normal -1 0 0
outer loop
vertex 214.15625 -171.1 3.5
vertex 214.15625 -170.21459935421765 0
vertex 214.15625 -170.42095177560157 0
endloop
endfacet
facet normal -1 0 0
outer loop
vertex 214.15625 -171.1 3.5
vertex 214.15625 -170.42095177560157 0
vertex 214.15625 -170.61112725632174 0
endloop
endfacet
facet normal -1 0 0
outer loop
vertex 214.15625 -171.1 3.5
vertex 214.15625 -170.61112725632174 0
vertex 214.15625 -170.7778174593051 0
endloop
endfacet
facet normal -1 0 0
outer loop
vertex 214.15625 -171.1 3.5
vertex 214.15625 -170.7778174593051 0
vertex 214.15625 -170.91461657353275 0
endloop
endfacet
facet normal -1 0 0
outer loop
vertex 214.15625 -171.1 3.5
vertex 214.15625 -170.91461657353275 0
vertex 214.15625 -171.01626748576248 0
endloop
endfacet
facet normal -1 0 0
outer loop
vertex 214.15625 -171.1 3.5
vertex 214.15625 -171.01626748576248 0
vertex 214.15625 -171.07886380844357 0
endloop
endfacet
facet normal -1 0 0
outer loop
vertex 214.15625 -171.1 3.5
vertex 214.15625 -171.07886380844357 0
vertex 214.15625 -171.1 0
endloop
endfacet
facet normal -1 0 0
outer loop
vertex 214.15625 -171.1 3.5
vertex 214.15625 -171.1 0
vertex 214.15625 -183.2 0
endloop
endfacet
facet normal -1 0 0
outer loop
vertex 214.15625 -171.1 3.5
vertex 214.15625 -183.2 0
vertex 214.15625 -183.2 3.5
endloop
endfacet
facet normal 1 0 0
outer loop
vertex 200.15625 -171.1 0
vertex 200.15625 -171.07886380844357 0
vertex 200.15625 -171.01626748576248 0
endloop
endfacet
facet normal 1 0 0
outer loop
vertex 200.15625 -171.1 0
vertex 200.15625 -171.01626748576248 0
vertex 200.15625 -170.91461657353275 0
endloop
endfacet
facet normal 1 0 0
outer loop
vertex 200.15625 -171.1 0
vertex 200.15625 -170.91461657353275 0
vertex 200.15625 -170.7778174593051 0
endloop
endfacet
facet normal 1 0 0
outer loop
vertex 200.15625 -171.1 0
vertex 200.15625 -170.7778174593051 0
vertex 200.15625 -170.61112725632174 0
endloop
endfacet
facet normal 1 0 0
outer loop
vertex 200.15625 -171.1 0
vertex 200.15625 -170.61112725632174 0
vertex 200.15625 -170.42095177560157 0
endloop
endfacet
facet normal 1 0 0
outer loop
vertex 200.15625 -171.1 0
vertex 200.15625 -170.42095177560157 0
vertex 200.15625 -170.21459935421765 0
endloop
endfacet
facet normal 1 0 0
outer loop
vertex 200.15625 -171.1 0
vertex 200.15625 -170.21459935421765 0
vertex 200.15625 -169.99999999999997 0
endloop
endfacet
facet normal 1 0 0
outer loop
vertex 200.15625 -171.1 0
vertex 200.15625 -169.99999999999997 0
vertex 200.15625 -169.78540064578223 0
endloop
endfacet
facet normal 1 0 0
outer loop
vertex 200.15625 -171.1 0
vertex 200.15625 -169.78540064578223 0
vertex 200.15625 -169.57904822439838 0
endloop
endfacet
facet normal 1 0 0
outer loop
vertex 200.15625 -171.1 0
vertex 200.15625 -169.57904822439838 0
vertex 200.15625 -169.38887274367832 0
endloop
endfacet
facet normal 1 0 0
outer loop
vertex 200.15625 -171.1 0
vertex 200.15625 -169.38887274367832 0
vertex 200.15625 -169.22218254069486 0
endloop
endfacet
facet normal 1 0 0
outer loop
vertex 200.15625 -171.1 0
vertex 200.15625 -169.22218254069486 0
vertex 200.15625 -169.2 0
endloop
endfacet
facet normal 1 0 0
outer loop
vertex 200.15625 -171.1 0
vertex 200.15625 -169.2 0
vertex 200.15625 -169.2 3.5
endloop
endfacet
facet normal 1 0 0
outer loop
vertex 200.15625 -171.1 0
vertex 200.15625 -169.2 3.5
vertex 200.15625 -169.2221825406948 3.5
endloop
endfacet
facet normal 1 0 0
outer loop
vertex 200.15625 -171.1 0
vertex 200.15625 -169.2221825406948 3.5
vertex 200.15625 -169.38887274367843 3.5
endloop
endfacet
facet normal 1 0 0
outer loop
vertex 200.15625 -171.1 0
vertex 200.15625 -169.38887274367843 3.5
vertex 200.15625 -169.57904822439846 3.5
endloop
endfacet
facet normal 1 0 0
outer loop
vertex 200.15625 -171.1 0
vertex 200.15625 -169.57904822439846 3.5
vertex 200.15625 -169.78540064578212 3.5
endloop
endfacet
facet normal 1 0 0
outer loop
vertex 200.15625 -171.1 0
vertex 200.15625 -169.78540064578212 3.5
vertex 200.15625 -170.0000000000001 3.5
endloop
endfacet
facet normal 1 0 0
outer loop
vertex 200.15625 -171.1 0
vertex 200.15625 -170.0000000000001 3.5
vertex 200.15625 -170.21459935421763 3.5
endloop
endfacet
facet normal 1 0 0
outer loop
vertex 200.15625 -171.1 0
vertex 200.15625 -170.21459935421763 3.5
vertex 200.15625 -170.42095177560157 3.5
endloop
endfacet
facet normal 1 0 0
outer loop
vertex 200.15625 -171.1 0
vertex 200.15625 -170.42095177560157 3.5
vertex 200.15625 -170.61112725632168 3.5
endloop
endfacet
facet normal 1 0 0
outer loop
vertex 200.15625 -171.1 0
vertex 200.15625 -170.61112725632168 3.5
vertex 200.15625 -170.77781745930517 3.5
endloop
endfacet
facet normal 1 0 0
outer loop
vertex 200.15625 -171.1 0
vertex 200.15625 -170.77781745930517 3.5
vertex 200.15625 -170.91461657353275 3.5
endloop
endfacet
facet normal 1 0 0
outer loop
vertex 200.15625 -171.1 0
vertex 200.15625 -170.91461657353275 3.5
vertex 200.15625 -171.01626748576248 3.5
endloop
endfacet
facet normal 1 0 0
outer loop
vertex 200.15625 -171.1 0
vertex 200.15625 -171.01626748576248 3.5
vertex 200.15625 -171.07886380844354 3.5
endloop
endfacet
facet normal 1 0 0
outer loop
vertex 200.15625 -171.1 0
vertex 200.15625 -171.07886380844354 3.5
vertex 200.15625 -171.1 3.5
endloop
endfacet
facet normal 1 0 0
outer loop
vertex 200.15625 -171.1 0
vertex 200.15625 -171.1 3.5
vertex 200.15625 -183.2 3.5
endloop
endfacet
facet normal 1 0 0
outer loop
vertex 200.15625 -171.1 0
vertex 200.15625 -183.2 3.5
vertex 200.15625 -183.2 0
endloop
endfacet
facet normal -0.9951847266722011 0.09801714032951732 0
outer loop
vertex 113.57886380844356 -137.81459935421785 3.5
vertex 113.6 -137.6 3.5
vertex 113.6 -137.59999999999997 0
endloop
endfacet
facet normal -0.9951847266722011 0.09801714032951732 0
outer loop
vertex 113.57886380844356 -137.81459935421785 3.5
vertex 113.6 -137.59999999999997 0
vertex 113.57886380844354 -137.8145993542178 0
endloop
endfacet
facet normal -0.9951847266722013 -0.09801714032951732 0
outer loop
vertex 113.6 -137.6 3.5
vertex 113.57886380844356 -137.38540064578225 3.5
vertex 113.57886380844356 -137.38540064578225 0
endloop
endfacet
facet normal -0.9951847266722013 -0.09801714032951732 0
outer loop
vertex 113.6 -137.6 3.5
vertex 113.57886380844356 -137.38540064578225 0
vertex 113.6 -137.59999999999997 0
endloop
endfacet
facet normal -0.9569403357321961 -0.2902846772545049 0
outer loop
vertex 113.57886380844356 -137.38540064578225 3.5
vertex 113.5162674857624 -137.17904822439834 3.5
vertex 113.5162674857624 -137.17904822439837 0
endloop
endfacet
facet normal -0.9569403357321961 -0.2902846772545049 0
outer loop
vertex 113.57886380844356 -137.38540064578225 3.5
vertex 113.5162674857624 -137.17904822439837 0
vertex 113.57886380844356 -137.38540064578225 0
endloop
endfacet
facet normal -0.8819212643483583 -0.47139673682599165 0
outer loop
vertex 113.5162674857624 -137.17904822439834 3.5
vertex 113.41461657353284 -136.98887274367848 3.5
vertex 113.41461657353283 -136.98887274367848 0
endloop
endfacet
facet normal -0.8819212643483583 -0.47139673682599165 0
outer loop
vertex 113.5162674857624 -137.17904822439834 3.5
vertex 113.41461657353283 -136.98887274367848 0
vertex 113.5162674857624 -137.17904822439837 0
endloop
endfacet
facet normal -0.7730104533627318 -0.6343932841636518 0
outer loop
vertex 113.41461657353284 -136.98887274367848 3.5
vertex 113.27781745930517 -136.82218254069477 3.5
vertex 113.27781745930515 -136.82218254069477 0
endloop
endfacet
facet normal -0.7730104533627318 -0.6343932841636518 0
outer loop
vertex 113.41461657353284 -136.98887274367848 3.5
vertex 113.27781745930515 -136.82218254069477 0
vertex 113.41461657353283 -136.98887274367848 0
endloop
endfacet
facet normal -0.6343932841636989 -0.773010453362693 0
outer loop
vertex 113.27781745930517 -136.82218254069477 3.5
vertex 113.11112725632161 -136.6853834264672 3.5
vertex 113.11112725632157 -136.68538342646718 0
endloop
endfacet
facet normal -0.6343932841636989 -0.773010453362693 0
outer loop
vertex 113.27781745930517 -136.82218254069477 3.5
vertex 113.11112725632157 -136.68538342646718 0
vertex 113.27781745930515 -136.82218254069477 0
endloop
endfacet
facet normal -0.4713967368259679 -0.881921264348371 0
outer loop
vertex 113.11112725632161 -136.6853834264672 3.5
vertex 112.92095177560165 -136.5837325142376 3.5
vertex 112.92095177560162 -136.5837325142376 0
endloop
endfacet
facet normal -0.4713967368259679 -0.881921264348371 0
outer loop
vertex 113.11112725632161 -136.6853834264672 3.5
vertex 112.92095177560162 -136.5837325142376 0
vertex 113.11112725632157 -136.68538342646718 0
endloop
endfacet
facet normal -0.29028467725439094 -0.9569403357322306 0
outer loop
vertex 112.92095177560165 -136.5837325142376 3.5
vertex 112.71459935421761 -136.52113619155642 3.5
vertex 112.7145993542176 -136.52113619155642 0
endloop
endfacet
facet normal -0.29028467725439094 -0.9569403357322306 0
outer loop
vertex 112.92095177560165 -136.5837325142376 3.5
vertex 112.7145993542176 -136.52113619155642 0
vertex 112.92095177560162 -136.5837325142376 0
endloop
endfacet
facet normal -0.09801714032960263 -0.9951847266721927 0
outer loop
vertex 112.71459935421761 -136.52113619155642 3.5
vertex 112.50000000000003 -136.5 3.5
vertex 112.50000000000014 -136.5 0
endloop
endfacet
facet normal -0.09801714032960263 -0.9951847266721927 0
outer loop
vertex 112.71459935421761 -136.52113619155642 3.5
vertex 112.50000000000014 -136.5 0
vertex 112.7145993542176 -136.52113619155642 0
endloop
endfacet
facet normal 0.09801714032957415 -0.9951847266721956 0
outer loop
vertex 112.50000000000003 -136.5 3.5
vertex 112.2854006457822 -136.52113619155642 3.5
vertex 112.28540064578269 -136.52113619155642 0
endloop
endfacet
facet normal 0.09801714032957415 -0.9951847266721956 0
outer loop
vertex 112.50000000000003 -136.5 3.5
vertex 112.28540064578269 -136.52113619155642 0
vertex 112.50000000000014 -136.5 0
endloop
endfacet
facet normal 0.2902846772543639 -0.9569403357322387 0
outer loop
vertex 112.2854006457822 -136.52113619155642 3.5
vertex 112.0790482243984 -136.5837325142376 3.5
vertex 112.07904822439819 -136.5837325142376 0
endloop
endfacet
facet normal 0.2902846772543639 -0.9569403357322387 0
outer loop
vertex 112.2854006457822 -136.52113619155642 3.5
vertex 112.07904822439819 -136.5837325142376 0
vertex 112.28540064578269 -136.52113619155642 0
endloop
endfacet
facet normal 0.4713967368259914 -0.8819212643483584 0
outer loop
vertex 112.0790482243984 -136.5837325142376 3.5
vertex 111.88887274367855 -136.6853834264672 3.5
vertex 111.88887274367848 -136.68538342646718 0
endloop
endfacet
facet normal 0.4713967368259914 -0.8819212643483584 0
outer loop
vertex 112.0790482243984 -136.5837325142376 3.5
vertex 111.88887274367848 -136.68538342646718 0
vertex 112.07904822439819 -136.5837325142376 0
endloop
endfacet
facet normal 0.6343932841637067 -0.7730104533626868 0
outer loop
vertex 111.88887274367855 -136.6853834264672 3.5
vertex 111.72218254069477 -136.82218254069477 3.5
vertex 111.72218254069476 -136.82218254069477 0
endloop
endfacet
facet normal 0.6343932841637067 -0.7730104533626868 0
outer loop
vertex 111.88887274367855 -136.6853834264672 3.5
vertex 111.72218254069476 -136.82218254069477 0
vertex 111.88887274367848 -136.68538342646718 0
endloop
endfacet
facet normal 0.7730104533627121 -0.6343932841636758 0
outer loop
vertex 111.72218254069477 -136.82218254069477 3.5
vertex 111.5853834264672 -136.98887274367848 3.5
vertex 111.58538342646725 -136.98887274367848 0
endloop
endfacet
facet normal 0.7730104533627121 -0.6343932841636758 0
outer loop
vertex 111.72218254069477 -136.82218254069477 3.5
vertex 111.58538342646725 -136.98887274367848 0
vertex 111.72218254069476 -136.82218254069477 0
endloop
endfacet
facet normal 0.8819212643483701 -0.47139673682596933 0
outer loop
vertex 111.5853834264672 -136.98887274367848 3.5
vertex 111.48373251423762 -137.17904822439834 3.5
vertex 111.48373251423764 -137.17904822439837 0
endloop
endfacet
facet normal 0.8819212643483701 -0.47139673682596933 0
outer loop
vertex 111.5853834264672 -136.98887274367848 3.5
vertex 111.48373251423764 -137.17904822439837 0
vertex 111.58538342646725 -136.98887274367848 0
endloop
endfacet
facet normal 0.9569403357321963 -0.2902846772545039 0
outer loop
vertex 111.48373251423762 -137.17904822439834 3.5
vertex 111.42113619155643 -137.38540064578225 3.5
vertex 111.42113619155639 -137.38540064578225 0
endloop
endfacet
facet normal 0.9569403357321963 -0.2902846772545039 0
outer loop
vertex 111.48373251423762 -137.17904822439834 3.5
vertex 111.42113619155639 -137.38540064578225 0
vertex 111.48373251423764 -137.17904822439837 0
endloop
endfacet
facet normal 0.9951847266722011 -0.09801714032951732 0
outer loop
vertex 111.42113619155643 -137.38540064578225 3.5
vertex 111.4 -137.6 3.5
vertex 111.40000000000002 -137.59999999999997 0
endloop
endfacet
facet normal 0.9951847266722011 -0.09801714032951732 0
outer loop
vertex 111.42113619155643 -137.38540064578225 3.5
vertex 111.40000000000002 -137.59999999999997 0
vertex 111.42113619155639 -137.38540064578225 0
endloop
endfacet
facet normal 0.9951847266722011 0.09801714032951732 0
outer loop
vertex 111.4 -137.6 3.5
vertex 111.42113619155646 -137.81459935421785 3.5
vertex 111.42113619155646 -137.8145993542178 0
endloop
endfacet
facet normal 0.9951847266722011 0.09801714032951732 0
outer loop
vertex 111.4 -137.6 3.5
vertex 111.42113619155646 -137.8145993542178 0
vertex 111.40000000000002 -137.59999999999997 0
endloop
endfacet
facet normal 0.9569403357321963 0.2902846772545039 0
outer loop
vertex 111.42113619155646 -137.81459935421785 3.5
vertex 111.48373251423753 -138.02095177560147 3.5
vertex 111.48373251423753 -138.02095177560147 0
endloop
endfacet
facet normal 0.9569403357321963 0.2902846772545039 0
outer loop
vertex 111.42113619155646 -137.81459935421785 3.5
vertex 111.48373251423753 -138.02095177560147 0
vertex 111.42113619155646 -137.8145993542178 0
endloop
endfacet
facet normal 0.8819212643483759 0.4713967368259586 0
outer loop
vertex 111.48373251423753 -138.02095177560147 3.5
vertex 111.58538342646723 -138.2111272563216 3.5
vertex 111.58538342646722 -138.21112725632156 0
endloop
endfacet
facet normal 0.8819212643483759 0.4713967368259586 0
outer loop
vertex 111.48373251423753 -138.02095177560147 3.5
vertex 111.58538342646722 -138.21112725632156 0
vertex 111.48373251423753 -138.02095177560147 0
endloop
endfacet
facet normal 0.7730104533627179 0.6343932841636689 0
outer loop
vertex 111.58538342646723 -138.2111272563216 3.5
vertex 111.72218254069485 -138.37781745930525 3.5
vertex 111.72218254069483 -138.37781745930522 0
endloop
endfacet
facet normal 0.7730104533627179 0.6343932841636689 0
outer loop
vertex 111.58538342646723 -138.2111272563216 3.5
vertex 111.72218254069483 -138.37781745930522 0
vertex 111.58538342646722 -138.21112725632156 0
endloop
endfacet
facet normal 0.6343932841636989 0.773010453362693 0
outer loop
vertex 111.72218254069485 -138.37781745930525 3.5
vertex 111.88887274367833 -138.51461657353275 3.5
vertex 111.8888727436784 -138.51461657353278 0
endloop
endfacet
facet normal 0.6343932841636989 0.773010453362693 0
outer loop
vertex 111.72218254069485 -138.37781745930525 3.5
vertex 111.8888727436784 -138.51461657353278 0
vertex 111.72218254069483 -138.37781745930522 0
endloop
endfacet
facet normal 0.4713967368259944 0.8819212643483568 0
outer loop
vertex 111.88887274367833 -138.51461657353275 3.5
vertex 112.07904822439832 -138.61626748576236 3.5
vertex 112.07904822439833 -138.61626748576236 0
endloop
endfacet
facet normal 0.4713967368259944 0.8819212643483568 0
outer loop
vertex 111.88887274367833 -138.51461657353275 3.5
vertex 112.07904822439833 -138.61626748576236 0
vertex 111.8888727436784 -138.51461657353278 0
endloop
endfacet
facet normal 0.29028467725437596 0.9569403357322351 0
outer loop
vertex 112.07904822439832 -138.61626748576236 3.5
vertex 112.28540064578229 -138.6788638084435 3.5
vertex 112.28540064578237 -138.67886380844354 0
endloop
endfacet
facet normal 0.29028467725437596 0.9569403357322351 0
outer loop
vertex 112.07904822439832 -138.61626748576236 3.5
vertex 112.28540064578237 -138.67886380844354 0
vertex 112.07904822439833 -138.61626748576236 0
endloop
endfacet
facet normal 0.09801714032960263 0.9951847266721927 0
outer loop
vertex 112.28540064578229 -138.6788638084435 3.5
vertex 112.5 -138.69999999999996 3.5
vertex 112.50000000000011 -138.7 0
endloop
endfacet
facet normal 0.09801714032960263 0.9951847266721927 0
outer loop
vertex 112.28540064578229 -138.6788638084435 3.5
vertex 112.50000000000011 -138.7 0
vertex 112.28540064578237 -138.67886380844354 0
endloop
endfacet
facet normal -0.09801714032957415 0.9951847266721956 0
outer loop
vertex 112.5 -138.69999999999996 3.5
vertex 112.7145993542179 -138.6788638084435 3.5
vertex 112.71459935421775 -138.67886380844354 0
endloop
endfacet
facet normal -0.09801714032957415 0.9951847266721956 0
outer loop
vertex 112.5 -138.69999999999996 3.5
vertex 112.71459935421775 -138.67886380844354 0
vertex 112.50000000000011 -138.7 0
endloop
endfacet
facet normal -0.2902846772543619 0.9569403357322394 0
outer loop
vertex 112.7145993542179 -138.6788638084435 3.5
vertex 112.92095177560181 -138.61626748576236 3.5
vertex 112.92095177560158 -138.61626748576236 0
endloop
endfacet
facet normal -0.2902846772543619 0.9569403357322394 0
outer loop
vertex 112.7145993542179 -138.6788638084435 3.5
vertex 112.92095177560158 -138.61626748576236 0
vertex 112.71459935421775 -138.67886380844354 0
endloop
endfacet
facet normal -0.47139673682599736 0.8819212643483552 0
outer loop
vertex 112.92095177560181 -138.61626748576236 3.5
vertex 113.11112725632151 -138.51461657353275 3.5
vertex 113.11112725632148 -138.51461657353278 0
endloop
endfacet
facet normal -0.47139673682599736 0.8819212643483552 0
outer loop
vertex 112.92095177560181 -138.61626748576236 3.5
vertex 113.11112725632148 -138.51461657353278 0
vertex 112.92095177560158 -138.61626748576236 0
endloop
endfacet
facet normal -0.6343932841637067 0.7730104533626868 0
outer loop
vertex 113.11112725632151 -138.51461657353275 3.5
vertex 113.27781745930508 -138.37781745930525 3.5
vertex 113.2778174593052 -138.37781745930522 0
endloop
endfacet
facet normal -0.6343932841637067 0.7730104533626868 0
outer loop
vertex 113.11112725632151 -138.51461657353275 3.5
vertex 113.2778174593052 -138.37781745930522 0
vertex 113.11112725632148 -138.51461657353278 0
endloop
endfacet
facet normal -0.7730104533627121 0.6343932841636758 0
outer loop
vertex 113.27781745930508 -138.37781745930525 3.5
vertex 113.41461657353281 -138.2111272563216 3.5
vertex 113.41461657353277 -138.21112725632156 0
endloop
endfacet
facet normal -0.7730104533627121 0.6343932841636758 0
outer loop
vertex 113.27781745930508 -138.37781745930525 3.5
vertex 113.41461657353277 -138.21112725632156 0
vertex 113.2778174593052 -138.37781745930522 0
endloop
endfacet
facet normal -0.8819212643483584 0.4713967368259914 0
outer loop
vertex 113.41461657353281 -138.2111272563216 3.5
vertex 113.51626748576247 -138.02095177560147 3.5
vertex 113.51626748576241 -138.02095177560147 0
endloop
endfacet
facet normal -0.8819212643483584 0.4713967368259914 0
outer loop
vertex 113.41461657353281 -138.2111272563216 3.5
vertex 113.51626748576241 -138.02095177560147 0
vertex 113.41461657353277 -138.21112725632156 0
endloop
endfacet
facet normal -0.9569403357321963 0.2902846772545039 0
outer loop
vertex 113.51626748576247 -138.02095177560147 3.5
vertex 113.57886380844356 -137.81459935421785 3.5
vertex 113.57886380844354 -137.8145993542178 0
endloop
endfacet
facet normal -0.9569403357321963 0.2902846772545039 0
outer loop
vertex 113.51626748576247 -138.02095177560147 3.5
vertex 113.57886380844354 -137.8145993542178 0
vertex 113.51626748576241 -138.02095177560147 0
endloop
endfacet
facet normal -0.9951847266721956 0.09801714032957415 0
outer loop
vertex 143.57886380844357 -170.21459935421763 3.5
vertex 143.6 -170.0000000000001 3.5
vertex 143.6 -169.99999999999997 0
endloop
endfacet
facet normal -0.9951847266721956 0.09801714032957415 0
outer loop
vertex 143.57886380844357 -170.21459935421763 3.5
vertex 143.6 -169.99999999999997 0
vertex 143.57886380844357 -170.21459935421765 0
endloop
endfacet
facet normal -0.9951847266721927 -0.09801714032960263 0
outer loop
vertex 143.6 -170.0000000000001 3.5
vertex 143.57886380844351 -169.78540064578212 3.5
vertex 143.57886380844354 -169.78540064578223 0
endloop
endfacet
facet normal -0.9951847266721927 -0.09801714032960263 0
outer loop
vertex 143.6 -170.0000000000001 3.5
vertex 143.57886380844354 -169.78540064578223 0
vertex 143.6 -169.99999999999997 0
endloop
endfacet
facet normal -0.9569403357322306 -0.29028467725439094 0
outer loop
vertex 143.57886380844351 -169.78540064578212 3.5
vertex 143.51626748576246 -169.57904822439846 3.5
vertex 143.51626748576246 -169.57904822439838 0
endloop
endfacet
facet normal -0.9569403357322306 -0.29028467725439094 0
outer loop
vertex 143.57886380844351 -169.78540064578212 3.5
vertex 143.51626748576246 -169.57904822439838 0
vertex 143.57886380844354 -169.78540064578223 0
endloop
endfacet
facet normal -0.8819212643483717 -0.4713967368259664 0
outer loop
vertex 143.51626748576246 -169.57904822439846 3.5
vertex 143.4146165735328 -169.38887274367843 3.5
vertex 143.41461657353273 -169.38887274367832 0
endloop
endfacet
facet normal -0.8819212643483717 -0.4713967368259664 0
outer loop
vertex 143.51626748576246 -169.57904822439846 3.5
vertex 143.41461657353273 -169.38887274367832 0
vertex 143.51626748576246 -169.57904822439838 0
endloop
endfacet
facet normal -0.7730104533626854 -0.6343932841637083 0
outer loop
vertex 143.4146165735328 -169.38887274367843 3.5
vertex 143.27781745930517 -169.2221825406948 3.5
vertex 143.27781745930523 -169.22218254069486 0
endloop
endfacet
facet normal -0.7730104533626854 -0.6343932841637083 0
outer loop
vertex 143.4146165735328 -169.38887274367843 3.5
vertex 143.27781745930523 -169.22218254069486 0
vertex 143.41461657353273 -169.38887274367832 0
endloop
endfacet
facet normal 0 0 -1
outer loop
vertex 143.27781745930517 -169.2221825406948 3.5
vertex 143.25078795526204 -169.2 3.5
vertex 143.11112725632154 -169.08538342646716 3.5
endloop
endfacet
facet normal 0 0 -1
outer loop
vertex 143.27781745930517 -169.2221825406948 3.5
vertex 143.11112725632154 -169.08538342646716 3.5
vertex 143.11112725632154 -169.08538342646716 0
endloop
endfacet
facet normal 0 0 -1
outer loop
vertex 143.27781745930517 -169.2221825406948 3.5
vertex 143.11112725632154 -169.08538342646716 0
vertex 143.25078795526207 -169.2 0
endloop
endfacet
facet normal 0 0 -1
outer loop
vertex 143.27781745930517 -169.2221825406948 3.5
vertex 143.25078795526207 -169.2 0
vertex 143.27781745930523 -169.22218254069486 0
endloop
endfacet
facet normal -0.4713967368259944 -0.8819212643483568 0
outer loop
vertex 143.11112725632154 -169.08538342646716 3.5
vertex 142.92095177560174 -168.98373251423763 3.5
vertex 142.92095177560165 -168.9837325142376 0
endloop
endfacet
facet normal -0.4713967368259944 -0.8819212643483568 0
outer loop
vertex 143.11112725632154 -169.08538342646716 3.5
vertex 142.92095177560165 -168.9837325142376 0
vertex 143.11112725632154 -169.08538342646716 0
endloop
endfacet
facet normal -0.29028467725438994 -0.9569403357322309 0
outer loop
vertex 142.92095177560174 -168.98373251423763 3.5
vertex 142.71459935421757 -168.92113619155643 3.5
vertex 142.71459935421763 -168.92113619155643 0
endloop
endfacet
facet normal -0.29028467725438994 -0.9569403357322309 0
outer loop
vertex 142.92095177560174 -168.98373251423763 3.5
vertex 142.71459935421763 -168.92113619155643 0
vertex 142.92095177560165 -168.9837325142376 0
endloop
endfacet
facet normal -0.09801714032957415 -0.9951847266721956 0
outer loop
vertex 142.71459935421757 -168.92113619155643 3.5
vertex 142.49999999999997 -168.9 3.5
vertex 142.50000000000003 -168.89999999999998 0
endloop
endfacet
facet normal -0.09801714032957415 -0.9951847266721956 0
outer loop
vertex 142.71459935421757 -168.92113619155643 3.5
vertex 142.50000000000003 -168.89999999999998 0
vertex 142.71459935421763 -168.92113619155643 0
endloop
endfacet
facet normal 0.09801714032957415 -0.9951847266721956 0
outer loop
vertex 142.49999999999997 -168.9 3.5
vertex 142.2854006457823 -168.92113619155643 3.5
vertex 142.2854006457823 -168.92113619155643 0
endloop
endfacet
facet normal 0.09801714032957415 -0.9951847266721956 0
outer loop
vertex 142.49999999999997 -168.9 3.5
vertex 142.2854006457823 -168.92113619155643 0
vertex 142.50000000000003 -168.89999999999998 0
endloop
endfacet
facet normal 0.2902846772543619 -0.9569403357322394 0
outer loop
vertex 142.2854006457823 -168.92113619155643 3.5
vertex 142.07904822439838 -168.98373251423763 3.5
vertex 142.07904822439838 -168.9837325142376 0
endloop
endfacet
facet normal 0.2902846772543619 -0.9569403357322394 0
outer loop
vertex 142.2854006457823 -168.92113619155643 3.5
vertex 142.07904822439838 -168.9837325142376 0
vertex 142.2854006457823 -168.92113619155643 0
endloop
endfacet
facet normal 0.4713967368259914 -0.8819212643483584 0
outer loop
vertex 142.07904822439838 -168.98373251423763 3.5
vertex 141.88887274367852 -169.08538342646716 3.5
vertex 141.88887274367855 -169.08538342646716 0
endloop
endfacet
facet normal 0.4713967368259914 -0.8819212643483584 0
outer loop
vertex 142.07904822439838 -168.98373251423763 3.5
vertex 141.88887274367855 -169.08538342646716 0
vertex 142.07904822439838 -168.9837325142376 0
endloop
endfacet
facet normal 0 0 1
outer loop
vertex 141.88887274367852 -169.08538342646716 3.5
vertex 141.74921204473793 -169.2 3.5
vertex 141.72218254069483 -169.2221825406948 3.5
endloop
endfacet
facet normal 0 0 1
outer loop
vertex 141.88887274367852 -169.08538342646716 3.5
vertex 141.72218254069483 -169.2221825406948 3.5
vertex 141.72218254069472 -169.22218254069486 0
endloop
endfacet
facet normal 0 0 1
outer loop
vertex 141.88887274367852 -169.08538342646716 3.5
vertex 141.72218254069472 -169.22218254069486 0
vertex 141.74921204473793 -169.2 0
endloop
endfacet
facet normal 0 0 1
outer loop
vertex 141.88887274367852 -169.08538342646716 3.5
vertex 141.74921204473793 -169.2 0
vertex 141.88887274367855 -169.08538342646716 0
endloop
endfacet
facet normal 0.773010453362681 -0.6343932841637137 0
outer loop
vertex 141.72218254069483 -169.2221825406948 3.5
vertex 141.5853834264672 -169.38887274367843 3.5
vertex 141.58538342646733 -169.38887274367832 0
endloop
endfacet
facet normal 0.773010453362681 -0.6343932841637137 0
outer loop
vertex 141.72218254069483 -169.2221825406948 3.5
vertex 141.58538342646733 -169.38887274367832 0
vertex 141.72218254069472 -169.22218254069486 0
endloop
endfacet
facet normal 0.8819212643483552 -0.47139673682599736 0
outer loop
vertex 141.5853834264672 -169.38887274367843 3.5
vertex 141.4837325142376 -169.57904822439846 3.5
vertex 141.48373251423757 -169.57904822439838 0
endloop
endfacet
facet normal 0.8819212643483552 -0.47139673682599736 0
outer loop
vertex 141.5853834264672 -169.38887274367843 3.5
vertex 141.48373251423757 -169.57904822439838 0
vertex 141.58538342646733 -169.38887274367832 0
endloop
endfacet
facet normal 0.9569403357322394 -0.2902846772543619 0
outer loop
vertex 141.4837325142376 -169.57904822439846 3.5
vertex 141.42113619155649 -169.78540064578212 3.5
vertex 141.4211361915565 -169.78540064578223 0
endloop
endfacet
facet normal 0.9569403357322394 -0.2902846772543619 0
outer loop
vertex 141.4837325142376 -169.57904822439846 3.5
vertex 141.4211361915565 -169.78540064578223 0
vertex 141.48373251423757 -169.57904822439838 0
endloop
endfacet
facet normal 0.9951847266721956 -0.09801714032957431 0
outer loop
vertex 141.42113619155649 -169.78540064578212 3.5
vertex 141.4 -170.0000000000001 3.5
vertex 141.4 -169.99999999999997 0
endloop
endfacet
facet normal 0.9951847266721956 -0.09801714032957431 0
outer loop
vertex 141.42113619155649 -169.78540064578212 3.5
vertex 141.4 -169.99999999999997 0
vertex 141.4211361915565 -169.78540064578223 0
endloop
endfacet
facet normal 0.9951847266721927 0.09801714032960263 0
outer loop
vertex 141.4 -170.0000000000001 3.5
vertex 141.42113619155643 -170.21459935421763 3.5
vertex 141.42113619155646 -170.21459935421765 0
endloop
endfacet
facet normal 0.9951847266721927 0.09801714032960263 0
outer loop
vertex 141.4 -170.0000000000001 3.5
vertex 141.42113619155646 -170.21459935421765 0
vertex 141.4 -169.99999999999997 0
endloop
endfacet
facet normal 0.9569403357322391 0.2902846772543629 0
outer loop
vertex 141.42113619155643 -170.21459935421763 3.5
vertex 141.48373251423752 -170.42095177560157 3.5
vertex 141.4837325142376 -170.42095177560157 0
endloop
endfacet
facet normal 0.9569403357322391 0.2902846772543629 0
outer loop
vertex 141.42113619155643 -170.21459935421763 3.5
vertex 141.4837325142376 -170.42095177560157 0
vertex 141.42113619155646 -170.21459935421765 0
endloop
endfacet
facet normal 0.8819212643483643 0.47139673682598043 0
outer loop
vertex 141.48373251423752 -170.42095177560157 3.5
vertex 141.58538342646713 -170.61112725632168 3.5
vertex 141.58538342646733 -170.61112725632174 0
endloop
endfacet
facet normal 0.8819212643483643 0.47139673682598043 0
outer loop
vertex 141.48373251423752 -170.42095177560157 3.5
vertex 141.58538342646733 -170.61112725632174 0
vertex 141.4837325142376 -170.42095177560157 0
endloop
endfacet
facet normal 0.773010453362681 0.6343932841637135 0
outer loop
vertex 141.58538342646713 -170.61112725632168 3.5
vertex 141.72218254069486 -170.77781745930517 3.5
vertex 141.7221825406946 -170.7778174593051 0
endloop
endfacet
facet normal 0.773010453362681 0.6343932841637135 0
outer loop
vertex 141.58538342646713 -170.61112725632168 3.5
vertex 141.7221825406946 -170.7778174593051 0
vertex 141.58538342646733 -170.61112725632174 0
endloop
endfacet
facet normal 0.6343932841636989 0.773010453362693 0
outer loop
vertex 141.72218254069486 -170.77781745930517 3.5
vertex 141.88887274367838 -170.91461657353275 3.5
vertex 141.88887274367846 -170.91461657353275 0
endloop
endfacet
facet normal 0.6343932841636989 0.773010453362693 0
outer loop
vertex 141.72218254069486 -170.77781745930517 3.5
vertex 141.88887274367846 -170.91461657353275 0
vertex 141.7221825406946 -170.7778174593051 0
endloop
endfacet
facet normal 0.4713967368259664 0.8819212643483718 0
outer loop
vertex 141.88887274367838 -170.91461657353275 3.5
vertex 142.07904822439858 -171.01626748576248 3.5
vertex 142.07904822439852 -171.01626748576248 0
endloop
endfacet
facet normal 0.4713967368259664 0.8819212643483718 0
outer loop
vertex 141.88887274367838 -170.91461657353275 3.5
vertex 142.07904822439852 -171.01626748576248 0
vertex 141.88887274367846 -170.91461657353275 0
endloop
endfacet
facet normal 0.2902846772543619 0.9569403357322394 0
outer loop
vertex 142.07904822439858 -171.01626748576248 3.5
vertex 142.2854006457823 -171.07886380844354 3.5
vertex 142.2854006457822 -171.07886380844357 0
endloop
endfacet
facet normal 0.2902846772543619 0.9569403357322394 0
outer loop
vertex 142.07904822439858 -171.01626748576248 3.5
vertex 142.2854006457822 -171.07886380844357 0
vertex 142.07904822439852 -171.01626748576248 0
endloop
endfacet
facet normal 0.09801714032957415 0.9951847266721956 0
outer loop
vertex 142.2854006457823 -171.07886380844354 3.5
vertex 142.5 -171.1 3.5
vertex 142.4999999999998 -171.1 0
endloop
endfacet
facet normal 0.09801714032957415 0.9951847266721956 0
outer loop
vertex 142.2854006457823 -171.07886380844354 3.5
vertex 142.4999999999998 -171.1 0
vertex 142.2854006457822 -171.07886380844357 0
endloop
endfacet
facet normal -0.09801714032954566 0.9951847266721985 0
outer loop
vertex 142.5 -171.1 3.5
vertex 142.71459935421774 -171.07886380844354 3.5
vertex 142.71459935421763 -171.07886380844357 0
endloop
endfacet
facet normal -0.09801714032954566 0.9951847266721985 0
outer loop
vertex 142.5 -171.1 3.5
vertex 142.71459935421763 -171.07886380844357 0
vertex 142.4999999999998 -171.1 0
endloop
endfacet
facet normal -0.2902846772543619 0.9569403357322394 0
outer loop
vertex 142.71459935421774 -171.07886380844354 3.5
vertex 142.92095177560142 -171.01626748576248 3.5
vertex 142.92095177560157 -171.01626748576248 0
endloop
endfacet
facet normal -0.2902846772543619 0.9569403357322394 0
outer loop
vertex 142.71459935421774 -171.07886380844354 3.5
vertex 142.92095177560157 -171.01626748576248 0
vertex 142.71459935421763 -171.07886380844357 0
endloop
endfacet
facet normal -0.4713967368259914 0.8819212643483584 0
outer loop
vertex 142.92095177560142 -171.01626748576248 3.5
vertex 143.11112725632157 -170.91461657353275 3.5
vertex 143.1111272563216 -170.91461657353275 0
endloop
endfacet
facet normal -0.4713967368259914 0.8819212643483584 0
outer loop
vertex 142.92095177560142 -171.01626748576248 3.5
vertex 143.1111272563216 -170.91461657353275 0
vertex 142.92095177560157 -171.01626748576248 0
endloop
endfacet
facet normal -0.6343932841637306 0.773010453362667 0
outer loop
vertex 143.11112725632157 -170.91461657353275 3.5
vertex 143.27781745930523 -170.77781745930517 3.5
vertex 143.27781745930517 -170.7778174593051 0
endloop
endfacet
facet normal -0.6343932841637306 0.773010453362667 0
outer loop
vertex 143.11112725632157 -170.91461657353275 3.5
vertex 143.27781745930517 -170.7778174593051 0
vertex 143.1111272563216 -170.91461657353275 0
endloop
endfacet
facet normal -0.773010453362681 0.6343932841637137 0
outer loop
vertex 143.27781745930523 -170.77781745930517 3.5
vertex 143.4146165735327 -170.61112725632168 3.5
vertex 143.4146165735329 -170.61112725632174 0
endloop
endfacet
facet normal -0.773010453362681 0.6343932841637137 0
outer loop
vertex 143.27781745930523 -170.77781745930517 3.5
vertex 143.4146165735329 -170.61112725632174 0
vertex 143.27781745930517 -170.7778174593051 0
endloop
endfacet
facet normal -0.8819212643483552 0.47139673682599736 0
outer loop
vertex 143.4146165735327 -170.61112725632168 3.5
vertex 143.51626748576246 -170.42095177560157 3.5
vertex 143.51626748576243 -170.42095177560157 0
endloop
endfacet
facet normal -0.8819212643483552 0.47139673682599736 0
outer loop
vertex 143.4146165735327 -170.61112725632168 3.5
vertex 143.51626748576243 -170.42095177560157 0
vertex 143.4146165735329 -170.61112725632174 0
endloop
endfacet
facet normal -0.9569403357322309 0.29028467725438994 0
outer loop
vertex 143.51626748576246 -170.42095177560157 3.5
vertex 143.57886380844357 -170.21459935421763 3.5
vertex 143.57886380844357 -170.21459935421765 0
endloop
endfacet
facet normal -0.9569403357322309 0.29028467725438994 0
outer loop
vertex 143.51626748576246 -170.42095177560157 3.5
vertex 143.57886380844357 -170.21459935421765 0
vertex 143.51626748576243 -170.42095177560157 0
endloop
endfacet
facet normal -0.9951847266721957 0.09801714032957415 0
outer loop
vertex 183.57886380844354 -170.21459935421763 3.5
vertex 183.60000000000002 -170.0000000000001 3.5
vertex 183.6 -169.99999999999997 0
endloop
endfacet
facet normal -0.9951847266721957 0.09801714032957415 0
outer loop
vertex 183.57886380844354 -170.21459935421763 3.5
vertex 183.6 -169.99999999999997 0
vertex 183.57886380844357 -170.21459935421765 0
endloop
endfacet
facet normal -0.9951847266721956 -0.09801714032957415 0
outer loop
vertex 183.60000000000002 -170.0000000000001 3.5
vertex 183.57886380844351 -169.78540064578212 3.5
vertex 183.57886380844351 -169.78540064578223 0
endloop
endfacet
facet normal -0.9951847266721956 -0.09801714032957415 0
outer loop
vertex 183.60000000000002 -170.0000000000001 3.5
vertex 183.57886380844351 -169.78540064578223 0
vertex 183.6 -169.99999999999997 0
endloop
endfacet
facet normal -0.9569403357322303 -0.2902846772543919 0
outer loop
vertex 183.57886380844351 -169.78540064578212 3.5
vertex 183.51626748576246 -169.57904822439846 3.5
vertex 183.51626748576243 -169.57904822439838 0
endloop
endfacet
facet normal -0.9569403357322303 -0.2902846772543919 0
outer loop
vertex 183.57886380844351 -169.78540064578212 3.5
vertex 183.51626748576243 -169.57904822439838 0
vertex 183.57886380844351 -169.78540064578223 0
endloop
endfacet
facet normal -0.8819212643483568 -0.4713967368259944 0
outer loop
vertex 183.51626748576246 -169.57904822439846 3.5
vertex 183.4146165735328 -169.38887274367843 3.5
vertex 183.41461657353278 -169.38887274367832 0
endloop
endfacet
facet normal -0.8819212643483568 -0.4713967368259944 0
outer loop
vertex 183.51626748576246 -169.57904822439846 3.5
vertex 183.41461657353278 -169.38887274367832 0
vertex 183.51626748576243 -169.57904822439838 0
endloop
endfacet
facet normal -0.7730104533626868 -0.6343932841637067 0
outer loop
vertex 183.4146165735328 -169.38887274367843 3.5
vertex 183.2778174593052 -169.2221825406948 3.5
vertex 183.27781745930528 -169.22218254069486 0
endloop
endfacet
facet normal -0.7730104533626868 -0.6343932841637067 0
outer loop
vertex 183.4146165735328 -169.38887274367843 3.5
vertex 183.27781745930528 -169.22218254069486 0
vertex 183.41461657353278 -169.38887274367832 0
endloop
endfacet
facet normal 0 0 -1
outer loop
vertex 183.2778174593052 -169.2221825406948 3.5
vertex 183.25078795526207 -169.2 3.5
vertex 183.11112725632154 -169.08538342646716 3.5
endloop
endfacet
facet normal 0 0 -1
outer loop
vertex 183.2778174593052 -169.2221825406948 3.5
vertex 183.11112725632154 -169.08538342646716 3.5
vertex 183.1111272563214 -169.08538342646716 0
endloop
endfacet
facet normal 0 0 -1
outer loop
vertex 183.2778174593052 -169.2221825406948 3.5
vertex 183.1111272563214 -169.08538342646716 0
vertex 183.25078795526204 -169.2 0
endloop
endfacet
facet normal 0 0 -1
outer loop
vertex 183.2778174593052 -169.2221825406948 3.5
vertex 183.25078795526204 -169.2 0
vertex 183.27781745930528 -169.22218254069486 0
endloop
endfacet
facet normal -0.4713967368259664 -0.8819212643483718 0
outer loop
vertex 183.11112725632154 -169.08538342646716 3.5
vertex 182.92095177560174 -168.98373251423763 3.5
vertex 182.9209517756017 -168.9837325142376 0
endloop
endfacet
facet normal -0.4713967368259664 -0.8819212643483718 0
outer loop
vertex 183.11112725632154 -169.08538342646716 3.5
vertex 182.9209517756017 -168.9837325142376 0
vertex 183.1111272563214 -169.08538342646716 0
endloop
endfacet
facet normal -0.2902846772543619 -0.9569403357322394 0
outer loop
vertex 182.92095177560174 -168.98373251423763 3.5
vertex 182.71459935421748 -168.92113619155643 3.5
vertex 182.71459935421768 -168.92113619155643 0
endloop
endfacet
facet normal -0.2902846772543619 -0.9569403357322394 0
outer loop
vertex 182.92095177560174 -168.98373251423763 3.5
vertex 182.71459935421768 -168.92113619155643 0
vertex 182.9209517756017 -168.9837325142376 0
endloop
endfacet
facet normal -0.09801714032957415 -0.9951847266721956 0
outer loop
vertex 182.71459935421748 -168.92113619155643 3.5
vertex 182.4999999999999 -168.9 3.5
vertex 182.50000000000023 -168.89999999999998 0
endloop
endfacet
facet normal -0.09801714032957415 -0.9951847266721956 0
outer loop
vertex 182.71459935421748 -168.92113619155643 3.5
vertex 182.50000000000023 -168.89999999999998 0
vertex 182.71459935421768 -168.92113619155643 0
endloop
endfacet
facet normal 0.09801714032957415 -0.9951847266721956 0
outer loop
vertex 182.4999999999999 -168.9 3.5
vertex 182.28540064578257 -168.92113619155643 3.5
vertex 182.2854006457825 -168.92113619155643 0
endloop
endfacet
facet normal 0.09801714032957415 -0.9951847266721956 0
outer loop
vertex 182.4999999999999 -168.9 3.5
vertex 182.2854006457825 -168.92113619155643 0
vertex 182.50000000000023 -168.89999999999998 0
endloop
endfacet
facet normal 0.2902846772543619 -0.9569403357322394 0
outer loop
vertex 182.28540064578257 -168.92113619155643 3.5
vertex 182.07904822439824 -168.98373251423763 3.5
vertex 182.0790482243983 -168.9837325142376 0
endloop
endfacet
facet normal 0.2902846772543619 -0.9569403357322394 0
outer loop
vertex 182.28540064578257 -168.92113619155643 3.5
vertex 182.0790482243983 -168.9837325142376 0
vertex 182.2854006457825 -168.92113619155643 0
endloop
endfacet
facet normal 0.47139673682601946 -0.8819212643483434 0
outer loop
vertex 182.07904822439824 -168.98373251423763 3.5
vertex 181.88887274367852 -169.08538342646716 3.5
vertex 181.8888727436785 -169.08538342646716 0
endloop
endfacet
facet normal 0.47139673682601946 -0.8819212643483434 0
outer loop
vertex 182.07904822439824 -168.98373251423763 3.5
vertex 181.8888727436785 -169.08538342646716 0
vertex 182.0790482243983 -168.9837325142376 0
endloop
endfacet
facet normal 0 0 -1
outer loop
vertex 181.88887274367852 -169.08538342646716 3.5
vertex 181.7492120447379 -169.2 3.5
vertex 181.72218254069472 -169.2221825406948 3.5
endloop
endfacet
facet normal 0 0 -1
outer loop
vertex 181.88887274367852 -169.08538342646716 3.5
vertex 181.72218254069472 -169.2221825406948 3.5
vertex 181.72218254069475 -169.22218254069486 0
endloop
endfacet
facet normal 0 0 -1
outer loop
vertex 181.88887274367852 -169.08538342646716 3.5
vertex 181.72218254069475 -169.22218254069486 0
vertex 181.74921204473793 -169.2 0
endloop
endfacet
facet normal 0 0 -1
outer loop
vertex 181.88887274367852 -169.08538342646716 3.5
vertex 181.74921204473793 -169.2 0
vertex 181.8888727436785 -169.08538342646716 0
endloop
endfacet
facet normal 0.773010453362681 -0.6343932841637137 0
outer loop
vertex 181.72218254069472 -169.2221825406948 3.5
vertex 181.58538342646727 -169.38887274367843 3.5
vertex 181.58538342646725 -169.38887274367832 0
endloop
endfacet
facet normal 0.773010453362681 -0.6343932841637137 0
outer loop
vertex 181.72218254069472 -169.2221825406948 3.5
vertex 181.58538342646725 -169.38887274367832 0
vertex 181.72218254069475 -169.22218254069486 0
endloop
endfacet
facet normal 0.8819212643483584 -0.4713967368259914 0
outer loop
vertex 181.58538342646727 -169.38887274367843 3.5
vertex 181.4837325142376 -169.57904822439846 3.5
vertex 181.48373251423757 -169.57904822439838 0
endloop
endfacet
facet normal 0.8819212643483584 -0.4713967368259914 0
outer loop
vertex 181.58538342646727 -169.38887274367843 3.5
vertex 181.48373251423757 -169.57904822439838 0
vertex 181.58538342646725 -169.38887274367832 0
endloop
endfacet
facet normal 0.9569403357322394 -0.2902846772543619 0
outer loop
vertex 181.4837325142376 -169.57904822439846 3.5
vertex 181.42113619155649 -169.78540064578212 3.5
vertex 181.4211361915565 -169.78540064578223 0
endloop
endfacet
facet normal 0.9569403357322394 -0.2902846772543619 0
outer loop
vertex 181.4837325142376 -169.57904822439846 3.5
vertex 181.4211361915565 -169.78540064578223 0
vertex 181.48373251423757 -169.57904822439838 0
endloop
endfacet
facet normal 0.9951847266721956 -0.09801714032957415 0
outer loop
vertex 181.42113619155649 -169.78540064578212 3.5
vertex 181.4 -170.0000000000001 3.5
vertex 181.4 -169.99999999999997 0
endloop
endfacet
facet normal 0.9951847266721956 -0.09801714032957415 0
outer loop
vertex 181.42113619155649 -169.78540064578212 3.5
vertex 181.4 -169.99999999999997 0
vertex 181.4211361915565 -169.78540064578223 0
endloop
endfacet
facet normal 0.9951847266721956 0.09801714032957415 0
outer loop
vertex 181.4 -170.0000000000001 3.5
vertex 181.42113619155643 -170.21459935421763 3.5
vertex 181.42113619155646 -170.21459935421765 0
endloop
endfacet
facet normal 0.9951847266721956 0.09801714032957415 0
outer loop
vertex 181.4 -170.0000000000001 3.5
vertex 181.42113619155646 -170.21459935421765 0
vertex 181.4 -169.99999999999997 0
endloop
endfacet
facet normal 0.9569403357322309 0.29028467725438994 0
outer loop
vertex 181.42113619155643 -170.21459935421763 3.5
vertex 181.48373251423757 -170.42095177560157 3.5
vertex 181.4837325142376 -170.42095177560157 0
endloop
endfacet
facet normal 0.9569403357322309 0.29028467725438994 0
outer loop
vertex 181.42113619155643 -170.21459935421763 3.5
vertex 181.4837325142376 -170.42095177560157 0
vertex 181.42113619155646 -170.21459935421765 0
endloop
endfacet
facet normal 0.8819212643483718 0.4713967368259664 0
outer loop
vertex 181.48373251423757 -170.42095177560157 3.5
vertex 181.5853834264672 -170.61112725632168 3.5
vertex 181.58538342646733 -170.61112725632174 0
endloop
endfacet
facet normal 0.8819212643483718 0.4713967368259664 0
outer loop
vertex 181.48373251423757 -170.42095177560157 3.5
vertex 181.58538342646733 -170.61112725632174 0
vertex 181.4837325142376 -170.42095177560157 0
endloop
endfacet
facet normal 0.773010453362666 0.634393284163732 0
outer loop
vertex 181.5853834264672 -170.61112725632168 3.5
vertex 181.7221825406949 -170.77781745930517 3.5
vertex 181.72218254069455 -170.7778174593051 0
endloop
endfacet
facet normal 0.773010453362666 0.634393284163732 0
outer loop
vertex 181.5853834264672 -170.61112725632168 3.5
vertex 181.72218254069455 -170.7778174593051 0
vertex 181.58538342646733 -170.61112725632174 0
endloop
endfacet
facet normal 0.6343932841637301 0.7730104533626676 0
outer loop
vertex 181.7221825406949 -170.77781745930517 3.5
vertex 181.88887274367835 -170.91461657353275 3.5
vertex 181.88887274367858 -170.91461657353275 0
endloop
endfacet
facet normal 0.6343932841637301 0.7730104533626676 0
outer loop
vertex 181.7221825406949 -170.77781745930517 3.5
vertex 181.88887274367858 -170.91461657353275 0
vertex 181.72218254069455 -170.7778174593051 0
endloop
endfacet
facet normal 0.4713967368259944 0.8819212643483568 0
outer loop
vertex 181.88887274367835 -170.91461657353275 3.5
vertex 182.07904822439852 -171.01626748576248 3.5
vertex 182.07904822439858 -171.01626748576248 0
endloop
endfacet
facet normal 0.4713967368259944 0.8819212643483568 0
outer loop
vertex 181.88887274367835 -170.91461657353275 3.5
vertex 182.07904822439858 -171.01626748576248 0
vertex 181.88887274367858 -170.91461657353275 0
endloop
endfacet
facet normal 0.29028467725439094 0.9569403357322306 0
outer loop
vertex 182.07904822439852 -171.01626748576248 3.5
vertex 182.28540064578223 -171.07886380844354 3.5
vertex 182.28540064578226 -171.07886380844357 0
endloop
endfacet
facet normal 0.29028467725439094 0.9569403357322306 0
outer loop
vertex 182.07904822439852 -171.01626748576248 3.5
vertex 182.28540064578226 -171.07886380844357 0
vertex 182.07904822439858 -171.01626748576248 0
endloop
endfacet
facet normal 0.09801714032957415 0.9951847266721956 0
outer loop
vertex 182.28540064578223 -171.07886380844354 3.5
vertex 182.49999999999994 -171.1 3.5
vertex 182.49999999999974 -171.1 0
endloop
endfacet
facet normal 0.09801714032957415 0.9951847266721956 0
outer loop
vertex 182.28540064578223 -171.07886380844354 3.5
vertex 182.49999999999974 -171.1 0
vertex 182.28540064578226 -171.07886380844357 0
endloop
endfacet
facet normal -0.09801714032957415 0.9951847266721956 0
outer loop
vertex 182.49999999999994 -171.1 3.5
vertex 182.71459935421785 -171.07886380844354 3.5
vertex 182.71459935421768 -171.07886380844357 0
endloop
endfacet
facet normal -0.09801714032957415 0.9951847266721956 0
outer loop
vertex 182.49999999999994 -171.1 3.5
vertex 182.71459935421768 -171.07886380844357 0
vertex 182.49999999999974 -171.1 0
endloop
endfacet
facet normal -0.2902846772543619 0.9569403357322394 0
outer loop
vertex 182.71459935421785 -171.07886380844354 3.5
vertex 182.92095177560137 -171.01626748576248 3.5
vertex 182.92095177560176 -171.01626748576248 0
endloop
endfacet
facet normal -0.2902846772543619 0.9569403357322394 0
outer loop
vertex 182.71459935421785 -171.07886380844354 3.5
vertex 182.92095177560176 -171.01626748576248 0
vertex 182.71459935421768 -171.07886380844357 0
endloop
endfacet
facet normal -0.47139673682599736 0.8819212643483552 0
outer loop
vertex 182.92095177560137 -171.01626748576248 3.5
vertex 183.11112725632177 -170.91461657353275 3.5
vertex 183.11112725632148 -170.91461657353275 0
endloop
endfacet
facet normal -0.47139673682599736 0.8819212643483552 0
outer loop
vertex 182.92095177560137 -171.01626748576248 3.5
vertex 183.11112725632148 -170.91461657353275 0
vertex 182.92095177560176 -171.01626748576248 0
endloop
endfacet
facet normal -0.6343932841636997 0.7730104533626925 0
outer loop
vertex 183.11112725632177 -170.91461657353275 3.5
vertex 183.27781745930523 -170.77781745930517 3.5
vertex 183.27781745930514 -170.7778174593051 0
endloop
endfacet
facet normal -0.6343932841636997 0.7730104533626925 0
outer loop
vertex 183.11112725632177 -170.91461657353275 3.5
vertex 183.27781745930514 -170.7778174593051 0
vertex 183.11112725632148 -170.91461657353275 0
endloop
endfacet
facet normal -0.773010453362681 0.6343932841637137 0
outer loop
vertex 183.27781745930523 -170.77781745930517 3.5
vertex 183.41461657353273 -170.61112725632168 3.5
vertex 183.41461657353284 -170.61112725632174 0
endloop
endfacet
facet normal -0.773010453362681 0.6343932841637137 0
outer loop
vertex 183.27781745930523 -170.77781745930517 3.5
vertex 183.41461657353284 -170.61112725632174 0
vertex 183.27781745930514 -170.7778174593051 0
endloop
endfacet
facet normal -0.8819212643483584 0.4713967368259914 0
outer loop
vertex 183.41461657353273 -170.61112725632168 3.5
vertex 183.51626748576248 -170.42095177560157 3.5
vertex 183.51626748576243 -170.42095177560157 0
endloop
endfacet
facet normal -0.8819212643483584 0.4713967368259914 0
outer loop
vertex 183.41461657353273 -170.61112725632168 3.5
vertex 183.51626748576243 -170.42095177560157 0
vertex 183.41461657353284 -170.61112725632174 0
endloop
endfacet
facet normal -0.9569403357322394 0.2902846772543619 0
outer loop
vertex 183.51626748576248 -170.42095177560157 3.5
vertex 183.57886380844354 -170.21459935421763 3.5
vertex 183.57886380844357 -170.21459935421765 0
endloop
endfacet
facet normal -0.9569403357322394 0.2902846772543619 0
outer loop
vertex 183.51626748576248 -170.42095177560157 3.5
vertex 183.57886380844357 -170.21459935421765 0
vertex 183.51626748576243 -170.42095177560157 0
endloop
endfacet
facet normal -0.9951847266721956 0.09801714032957415 0
outer loop
vertex 226.07886380844357 -170.21459935421763 3.5
vertex 226.1 -170.0000000000001 3.5
vertex 226.09999999999997 -169.99999999999997 0
endloop
endfacet
facet normal -0.9951847266721956 0.09801714032957415 0
outer loop
vertex 226.07886380844357 -170.21459935421763 3.5
vertex 226.09999999999997 -169.99999999999997 0
vertex 226.07886380844354 -170.21459935421765 0
endloop
endfacet
facet normal -0.9951847266721957 -0.09801714032957415 0
outer loop
vertex 226.1 -170.0000000000001 3.5
vertex 226.07886380844351 -169.78540064578212 3.5
vertex 226.07886380844351 -169.78540064578223 0
endloop
endfacet
facet normal -0.9951847266721957 -0.09801714032957415 0
outer loop
vertex 226.1 -170.0000000000001 3.5
vertex 226.07886380844351 -169.78540064578223 0
vertex 226.09999999999997 -169.99999999999997 0
endloop
endfacet
facet normal -0.9569403357322394 -0.2902846772543619 0
outer loop
vertex 226.07886380844351 -169.78540064578212 3.5
vertex 226.01626748576246 -169.57904822439846 3.5
vertex 226.01626748576243 -169.57904822439838 0
endloop
endfacet
facet normal -0.9569403357322394 -0.2902846772543619 0
outer loop
vertex 226.07886380844351 -169.78540064578212 3.5
vertex 226.01626748576243 -169.57904822439838 0
vertex 226.07886380844351 -169.78540064578223 0
endloop
endfacet
facet normal -0.8819212643483568 -0.4713967368259944 0
outer loop
vertex 226.01626748576246 -169.57904822439846 3.5
vertex 225.9146165735328 -169.38887274367843 3.5
vertex 225.91461657353284 -169.38887274367832 0
endloop
endfacet
facet normal -0.8819212643483568 -0.4713967368259944 0
outer loop
vertex 226.01626748576246 -169.57904822439846 3.5
vertex 225.91461657353284 -169.38887274367832 0
vertex 226.01626748576243 -169.57904822439838 0
endloop
endfacet
facet normal -0.7730104533626677 -0.6343932841637299 0
outer loop
vertex 225.9146165735328 -169.38887274367843 3.5
vertex 225.77781745930517 -169.2221825406948 3.5
vertex 225.77781745930514 -169.22218254069486 0
endloop
endfacet
facet normal -0.7730104533626677 -0.6343932841637299 0
outer loop
vertex 225.9146165735328 -169.38887274367843 3.5
vertex 225.77781745930514 -169.22218254069486 0
vertex 225.91461657353284 -169.38887274367832 0
endloop
endfacet
facet normal -0.6343932841637052 -0.773010453362688 0
outer loop
vertex 225.77781745930517 -169.2221825406948 3.5
vertex 225.61112725632157 -169.08538342646716 3.5
vertex 225.61112725632154 -169.08538342646716 0
endloop
endfacet
facet normal -0.6343932841637052 -0.773010453362688 0
outer loop
vertex 225.77781745930517 -169.2221825406948 3.5
vertex 225.61112725632154 -169.08538342646716 0
vertex 225.77781745930514 -169.22218254069486 0
endloop
endfacet
facet normal -0.4713967368259664 -0.8819212643483717 0
outer loop
vertex 225.61112725632157 -169.08538342646716 3.5
vertex 225.4209517756018 -168.98373251423763 3.5
vertex 225.42095177560165 -168.9837325142376 0
endloop
endfacet
facet normal -0.4713967368259664 -0.8819212643483717 0
outer loop
vertex 225.61112725632157 -169.08538342646716 3.5
vertex 225.42095177560165 -168.9837325142376 0
vertex 225.61112725632154 -169.08538342646716 0
endloop
endfacet
facet normal -0.29028467725439094 -0.9569403357322306 0
outer loop
vertex 225.4209517756018 -168.98373251423763 3.5
vertex 225.2145993542174 -168.92113619155643 3.5
vertex 225.21459935421763 -168.92113619155643 0
endloop
endfacet
facet normal -0.29028467725439094 -0.9569403357322306 0
outer loop
vertex 225.4209517756018 -168.98373251423763 3.5
vertex 225.21459935421763 -168.92113619155643 0
vertex 225.42095177560165 -168.9837325142376 0
endloop
endfacet
facet normal -0.09801714032957415 -0.9951847266721956 0
outer loop
vertex 225.2145993542174 -168.92113619155643 3.5
vertex 225.00000000000009 -168.9 3.5
vertex 225.00000000000017 -168.89999999999998 0
endloop
endfacet
facet normal -0.09801714032957415 -0.9951847266721956 0
outer loop
vertex 225.2145993542174 -168.92113619155643 3.5
vertex 225.00000000000017 -168.89999999999998 0
vertex 225.21459935421763 -168.92113619155643 0
endloop
endfacet
facet normal 0.09801714032957415 -0.9951847266721956 0
outer loop
vertex 225.00000000000009 -168.9 3.5
vertex 224.7854006457824 -168.92113619155643 3.5
vertex 224.78540064578243 -168.92113619155643 0
endloop
endfacet
facet normal 0.09801714032957415 -0.9951847266721956 0
outer loop
vertex 225.00000000000009 -168.9 3.5
vertex 224.78540064578243 -168.92113619155643 0
vertex 225.00000000000017 -168.89999999999998 0
endloop
endfacet
facet normal 0.29028467725436197 -0.9569403357322395 0
outer loop
vertex 224.7854006457824 -168.92113619155643 3.5
vertex 224.5790482243984 -168.98373251423763 3.5
vertex 224.57904822439826 -168.9837325142376 0
endloop
endfacet
facet normal 0.29028467725436197 -0.9569403357322395 0
outer loop
vertex 224.7854006457824 -168.92113619155643 3.5
vertex 224.57904822439826 -168.9837325142376 0
vertex 224.78540064578243 -168.92113619155643 0
endloop
endfacet
facet normal 0.4713967368259914 -0.8819212643483584 0
outer loop
vertex 224.5790482243984 -168.98373251423763 3.5
vertex 224.38887274367855 -169.08538342646716 3.5
vertex 224.38887274367855 -169.08538342646716 0
endloop
endfacet
facet normal 0.4713967368259914 -0.8819212643483584 0
outer loop
vertex 224.5790482243984 -168.98373251423763 3.5
vertex 224.38887274367855 -169.08538342646716 0
vertex 224.57904822439826 -168.9837325142376 0
endloop
endfacet
facet normal 0 0 1
outer loop
vertex 224.38887274367855 -169.08538342646716 3.5
vertex 224.24921204473796 -169.2 3.5
vertex 224.22218254069486 -169.2221825406948 3.5
endloop
endfacet
facet normal 0 0 1
outer loop
vertex 224.38887274367855 -169.08538342646716 3.5
vertex 224.22218254069486 -169.2221825406948 3.5
vertex 224.22218254069483 -169.22218254069486 0
endloop
endfacet
facet normal 0 0 1
outer loop
vertex 224.38887274367855 -169.08538342646716 3.5
vertex 224.22218254069483 -169.22218254069486 0
vertex 224.249212044738 -169.2 0
endloop
endfacet
facet normal 0 0 1
outer loop
vertex 224.38887274367855 -169.08538342646716 3.5
vertex 224.249212044738 -169.2 0
vertex 224.38887274367855 -169.08538342646716 0
endloop
endfacet
facet normal 0.773010453362681 -0.6343932841637137 0
outer loop
vertex 224.22218254069486 -169.2221825406948 3.5
vertex 224.0853834264671 -169.38887274367843 3.5
vertex 224.08538342646725 -169.38887274367832 0
endloop
endfacet
facet normal 0.773010453362681 -0.6343932841637137 0
outer loop
vertex 224.22218254069486 -169.2221825406948 3.5
vertex 224.08538342646725 -169.38887274367832 0
vertex 224.22218254069483 -169.22218254069486 0
endloop
endfacet
facet normal 0.8819212643483703 -0.47139673682596933 0
outer loop
vertex 224.0853834264671 -169.38887274367843 3.5
vertex 223.98373251423754 -169.57904822439846 3.5
vertex 223.9837325142376 -169.57904822439838 0
endloop
endfacet
facet normal 0.8819212643483703 -0.47139673682596933 0
outer loop
vertex 224.0853834264671 -169.38887274367843 3.5
vertex 223.9837325142376 -169.57904822439838 0
vertex 224.08538342646725 -169.38887274367832 0
endloop
endfacet
facet normal 0.9569403357322394 -0.2902846772543619 0
outer loop
vertex 223.98373251423754 -169.57904822439846 3.5
vertex 223.9211361915565 -169.78540064578212 3.5
vertex 223.9211361915564 -169.78540064578223 0
endloop
endfacet
facet normal 0.9569403357322394 -0.2902846772543619 0
outer loop
vertex 223.98373251423754 -169.57904822439846 3.5
vertex 223.9211361915564 -169.78540064578223 0
vertex 223.9837325142376 -169.57904822439838 0
endloop
endfacet
facet normal 0.9951847266721985 -0.09801714032954566 0
outer loop
vertex 223.9211361915565 -169.78540064578212 3.5
vertex 223.9 -170.0000000000001 3.5
vertex 223.89999999999998 -169.99999999999997 0
endloop
endfacet
facet normal 0.9951847266721985 -0.09801714032954566 0
outer loop
vertex 223.9211361915565 -169.78540064578212 3.5
vertex 223.89999999999998 -169.99999999999997 0
vertex 223.9211361915564 -169.78540064578223 0
endloop
endfacet
facet normal 0.9951847266721957 0.09801714032957415 0
outer loop
vertex 223.9 -170.0000000000001 3.5
vertex 223.92113619155643 -170.21459935421763 3.5
vertex 223.92113619155643 -170.21459935421765 0
endloop
endfacet
facet normal 0.9951847266721957 0.09801714032957415 0
outer loop
vertex 223.9 -170.0000000000001 3.5
vertex 223.92113619155643 -170.21459935421765 0
vertex 223.89999999999998 -169.99999999999997 0
endloop
endfacet
facet normal 0.9569403357322394 0.2902846772543619 0
outer loop
vertex 223.92113619155643 -170.21459935421763 3.5
vertex 223.98373251423757 -170.42095177560157 3.5
vertex 223.98373251423757 -170.42095177560157 0
endloop
endfacet
facet normal 0.9569403357322394 0.2902846772543619 0
outer loop
vertex 223.92113619155643 -170.21459935421763 3.5
vertex 223.98373251423757 -170.42095177560157 0
vertex 223.92113619155643 -170.21459935421765 0
endloop
endfacet
facet normal 0.8819212643483718 0.4713967368259664 0
outer loop
vertex 223.98373251423757 -170.42095177560157 3.5
vertex 224.08538342646727 -170.61112725632168 3.5
vertex 224.0853834264673 -170.61112725632174 0
endloop
endfacet
facet normal 0.8819212643483718 0.4713967368259664 0
outer loop
vertex 223.98373251423757 -170.42095177560157 3.5
vertex 224.0853834264673 -170.61112725632174 0
vertex 223.98373251423757 -170.42095177560157 0
endloop
endfacet
facet normal 0.7730104533626868 0.6343932841637067 0
outer loop
vertex 224.08538342646727 -170.61112725632168 3.5
vertex 224.22218254069477 -170.77781745930517 3.5
vertex 224.22218254069472 -170.7778174593051 0
endloop
endfacet
facet normal 0.7730104533626868 0.6343932841637067 0
outer loop
vertex 224.08538342646727 -170.61112725632168 3.5
vertex 224.22218254069472 -170.7778174593051 0
vertex 224.0853834264673 -170.61112725632174 0
endloop
endfacet
facet normal 0.6343932841637134 0.7730104533626811 0
outer loop
vertex 224.22218254069477 -170.77781745930517 3.5
vertex 224.38887274367835 -170.91461657353275 3.5
vertex 224.38887274367838 -170.91461657353275 0
endloop
endfacet
facet normal 0.6343932841637134 0.7730104533626811 0
outer loop
vertex 224.22218254069477 -170.77781745930517 3.5
vertex 224.38887274367838 -170.91461657353275 0
vertex 224.22218254069472 -170.7778174593051 0
endloop
endfacet
facet normal 0.4713967368259664 0.8819212643483718 0
outer loop
vertex 224.38887274367835 -170.91461657353275 3.5
vertex 224.57904822439852 -171.01626748576248 3.5
vertex 224.57904822439858 -171.01626748576248 0
endloop
endfacet
facet normal 0.4713967368259664 0.8819212643483718 0
outer loop
vertex 224.38887274367835 -170.91461657353275 3.5
vertex 224.57904822439858 -171.01626748576248 0
vertex 224.38887274367838 -170.91461657353275 0
endloop
endfacet
facet normal 0.2902846772543919 0.9569403357322303 0
outer loop
vertex 224.57904822439852 -171.01626748576248 3.5
vertex 224.78540064578223 -171.07886380844354 3.5
vertex 224.78540064578237 -171.07886380844357 0
endloop
endfacet
facet normal 0.2902846772543919 0.9569403357322303 0
outer loop
vertex 224.57904822439852 -171.01626748576248 3.5
vertex 224.78540064578237 -171.07886380844357 0
vertex 224.57904822439858 -171.01626748576248 0
endloop
endfacet
facet normal 0.09801714032960263 0.9951847266721927 0
outer loop
vertex 224.78540064578223 -171.07886380844354 3.5
vertex 224.99999999999994 -171.1 3.5
vertex 224.99999999999983 -171.1 0
endloop
endfacet
facet normal 0.09801714032960263 0.9951847266721927 0
outer loop
vertex 224.78540064578223 -171.07886380844354 3.5
vertex 224.99999999999983 -171.1 0
vertex 224.78540064578237 -171.07886380844357 0
endloop
endfacet
facet normal -0.09801714032957415 0.9951847266721956 0
outer loop
vertex 224.99999999999994 -171.1 3.5
vertex 225.21459935421782 -171.07886380844354 3.5
vertex 225.21459935421757 -171.07886380844357 0
endloop
endfacet
facet normal -0.09801714032957415 0.9951847266721956 0
outer loop
vertex 224.99999999999994 -171.1 3.5
vertex 225.21459935421757 -171.07886380844357 0
vertex 224.99999999999983 -171.1 0
endloop
endfacet
facet normal -0.2902846772543619 0.9569403357322394 0
outer loop
vertex 225.21459935421782 -171.07886380844354 3.5
vertex 225.42095177560137 -171.01626748576248 3.5
vertex 225.42095177560168 -171.01626748576248 0
endloop
endfacet
facet normal -0.2902846772543619 0.9569403357322394 0
outer loop
vertex 225.21459935421782 -171.07886380844354 3.5
vertex 225.42095177560168 -171.01626748576248 0
vertex 225.21459935421757 -171.07886380844357 0
endloop
endfacet
facet normal -0.47139673682601946 0.8819212643483434 0
outer loop
vertex 225.42095177560137 -171.01626748576248 3.5
vertex 225.61112725632165 -170.91461657353275 3.5
vertex 225.6111272563213 -170.91461657353275 0
endloop
endfacet
facet normal -0.47139673682601946 0.8819212643483434 0
outer loop
vertex 225.42095177560137 -171.01626748576248 3.5
vertex 225.6111272563213 -170.91461657353275 0
vertex 225.42095177560168 -171.01626748576248 0
endloop
endfacet
facet normal -0.6343932841637306 0.773010453362667 0
outer loop
vertex 225.61112725632165 -170.91461657353275 3.5
vertex 225.77781745930525 -170.77781745930517 3.5
vertex 225.77781745930534 -170.7778174593051 0
endloop
endfacet
facet normal -0.6343932841637306 0.773010453362667 0
outer loop
vertex 225.61112725632165 -170.91461657353275 3.5
vertex 225.77781745930534 -170.7778174593051 0
vertex 225.6111272563213 -170.91461657353275 0
endloop
endfacet
facet normal -0.7730104533626925 0.6343932841636997 0
outer loop
vertex 225.77781745930525 -170.77781745930517 3.5
vertex 225.9146165735327 -170.61112725632168 3.5
vertex 225.91461657353275 -170.61112725632174 0
endloop
endfacet
facet normal -0.7730104533626925 0.6343932841636997 0
outer loop
vertex 225.77781745930525 -170.77781745930517 3.5
vertex 225.91461657353275 -170.61112725632174 0
vertex 225.77781745930534 -170.7778174593051 0
endloop
endfacet
facet normal -0.8819212643483584 0.4713967368259914 0
outer loop
vertex 225.9146165735327 -170.61112725632168 3.5
vertex 226.01626748576243 -170.42095177560157 3.5
vertex 226.0162674857625 -170.42095177560157 0
endloop
endfacet
facet normal -0.8819212643483584 0.4713967368259914 0
outer loop
vertex 225.9146165735327 -170.61112725632168 3.5
vertex 226.0162674857625 -170.42095177560157 0
vertex 225.91461657353275 -170.61112725632174 0
endloop
endfacet
facet normal -0.9569403357322395 0.29028467725436197 0
outer loop
vertex 226.01626748576243 -170.42095177560157 3.5
vertex 226.07886380844357 -170.21459935421763 3.5
vertex 226.07886380844354 -170.21459935421765 0
endloop
endfacet
facet normal -0.9569403357322395 0.29028467725436197 0
outer loop
vertex 226.01626748576243 -170.42095177560157 3.5
vertex 226.07886380844354 -170.21459935421765 0
vertex 226.0162674857625 -170.42095177560157 0
endloop
endfacet
facet normal -0.9951847266722013 0.09801714032951732 0
outer loop
vertex 101.07886380844356 -88.31459935421765 3.5
vertex 101.1 -88.10000000000004 3.5
vertex 101.1 -88.10000000000004 0
endloop
endfacet
facet normal -0.9951847266722013 0.09801714032951732 0
outer loop
vertex 101.07886380844356 -88.31459935421765 3.5
vertex 101.1 -88.10000000000004 0
vertex 101.07886380844359 -88.31459935421759 0
endloop
endfacet
facet normal -0.9951847266722013 -0.09801714032951732 0
outer loop
vertex 101.1 -88.10000000000004 3.5
vertex 101.07886380844356 -87.88540064578227 3.5
vertex 101.07886380844356 -87.88540064578225 0
endloop
endfacet
facet normal -0.9951847266722013 -0.09801714032951732 0
outer loop
vertex 101.1 -88.10000000000004 3.5
vertex 101.07886380844356 -87.88540064578225 0
vertex 101.1 -88.10000000000004 0
endloop
endfacet
facet normal -0.9569403357322002 -0.2902846772544909 0
outer loop
vertex 101.07886380844356 -87.88540064578227 3.5
vertex 101.01626748576241 -87.67904822439841 3.5
vertex 101.0162674857624 -87.67904822439836 0
endloop
endfacet
facet normal -0.9569403357322002 -0.2902846772544909 0
outer loop
vertex 101.07886380844356 -87.88540064578227 3.5
vertex 101.0162674857624 -87.67904822439836 0
vertex 101.07886380844356 -87.88540064578225 0
endloop
endfacet
facet normal -0.8819212643483763 -0.4713967368259579 0
outer loop
vertex 101.01626748576241 -87.67904822439841 3.5
vertex 100.91461657353277 -87.48887274367839 3.5
vertex 100.91461657353284 -87.48887274367848 0
endloop
endfacet
facet normal -0.8819212643483763 -0.4713967368259579 0
outer loop
vertex 101.01626748576241 -87.67904822439841 3.5
vertex 100.91461657353284 -87.48887274367848 0
vertex 101.0162674857624 -87.67904822439836 0
endloop
endfacet
facet normal -0.7730104533626925 -0.6343932841636999 0
outer loop
vertex 100.91461657353277 -87.48887274367839 3.5
vertex 100.77781745930523 -87.32218254069483 3.5
vertex 100.77781745930523 -87.32218254069484 0
endloop
endfacet
facet normal -0.7730104533626925 -0.6343932841636999 0
outer loop
vertex 100.91461657353277 -87.48887274367839 3.5
vertex 100.77781745930523 -87.32218254069484 0
vertex 100.91461657353284 -87.48887274367848 0
endloop
endfacet
facet normal -0.634393284163683 -0.7730104533627062 0
outer loop
vertex 100.77781745930523 -87.32218254069483 3.5
vertex 100.61112725632154 -87.18538342646718 3.5
vertex 100.61112725632145 -87.18538342646713 0
endloop
endfacet
facet normal -0.634393284163683 -0.7730104533627062 0
outer loop
vertex 100.77781745930523 -87.32218254069483 3.5
vertex 100.61112725632145 -87.18538342646713 0
vertex 100.77781745930523 -87.32218254069484 0
endloop
endfacet
facet normal -0.47139673682598043 -0.8819212643483644 0
outer loop
vertex 100.61112725632154 -87.18538342646718 3.5
vertex 100.42095177560161 -87.08373251423758 3.5
vertex 100.42095177560167 -87.08373251423761 0
endloop
endfacet
facet normal -0.47139673682598043 -0.8819212643483644 0
outer loop
vertex 100.61112725632154 -87.18538342646718 3.5
vertex 100.42095177560167 -87.08373251423761 0
vertex 100.61112725632145 -87.18538342646713 0
endloop
endfacet
facet normal -0.2902846772544834 -0.9569403357322025 0
outer loop
vertex 100.42095177560161 -87.08373251423758 3.5
vertex 100.21459935421775 -87.02113619155644 3.5
vertex 100.21459935421771 -87.02113619155644 0
endloop
endfacet
facet normal -0.2902846772544834 -0.9569403357322025 0
outer loop
vertex 100.42095177560161 -87.08373251423758 3.5
vertex 100.21459935421771 -87.02113619155644 0
vertex 100.42095177560167 -87.08373251423761 0
endloop
endfacet
facet normal -0.09801714032951732 -0.9951847266722011 0
outer loop
vertex 100.21459935421775 -87.02113619155644 3.5
vertex 99.99999999999999 -87 3.5
vertex 100.00000000000004 -87 0
endloop
endfacet
facet normal -0.09801714032951732 -0.9951847266722011 0
outer loop
vertex 100.21459935421775 -87.02113619155644 3.5
vertex 100.00000000000004 -87 0
vertex 100.21459935421771 -87.02113619155644 0
endloop
endfacet
facet normal 0.09801714032951732 -0.9951847266722011 0
outer loop
vertex 99.99999999999999 -87 3.5
vertex 99.78540064578226 -87.02113619155644 3.5
vertex 99.78540064578229 -87.02113619155644 0
endloop
endfacet
facet normal 0.09801714032951732 -0.9951847266722011 0
outer loop
vertex 99.99999999999999 -87 3.5
vertex 99.78540064578229 -87.02113619155644 0
vertex 100.00000000000004 -87 0
endloop
endfacet
facet normal 0.2902846772544909 -0.9569403357322002 0
outer loop
vertex 99.78540064578226 -87.02113619155644 3.5
vertex 99.57904822439839 -87.08373251423758 3.5
vertex 99.57904822439825 -87.08373251423761 0
endloop
endfacet
facet normal 0.2902846772544909 -0.9569403357322002 0
outer loop
vertex 99.78540064578226 -87.02113619155644 3.5
vertex 99.57904822439825 -87.08373251423761 0
vertex 99.78540064578229 -87.02113619155644 0
endloop
endfacet
facet normal 0.47139673682598043 -0.8819212643483643 0
outer loop
vertex 99.57904822439839 -87.08373251423758 3.5
vertex 99.38887274367853 -87.18538342646718 3.5
vertex 99.38887274367858 -87.18538342646713 0
endloop
endfacet
facet normal 0.47139673682598043 -0.8819212643483643 0
outer loop
vertex 99.57904822439839 -87.08373251423758 3.5
vertex 99.38887274367858 -87.18538342646713 0
vertex 99.57904822439825 -87.08373251423761 0
endloop
endfacet
facet normal 0.6343932841636758 -0.7730104533627121 0
outer loop
vertex 99.38887274367853 -87.18538342646718 3.5
vertex 99.22218254069475 -87.32218254069483 3.5
vertex 99.22218254069475 -87.32218254069484 0
endloop
endfacet
facet normal 0.6343932841636758 -0.7730104533627121 0
outer loop
vertex 99.38887274367853 -87.18538342646718 3.5
vertex 99.22218254069475 -87.32218254069484 0
vertex 99.38887274367858 -87.18538342646713 0
endloop
endfacet
facet normal 0.7730104533627121 -0.6343932841636758 0
outer loop
vertex 99.22218254069475 -87.32218254069483 3.5
vertex 99.08538342646719 -87.48887274367839 3.5
vertex 99.08538342646717 -87.48887274367848 0
endloop
endfacet
facet normal 0.7730104533627121 -0.6343932841636758 0
outer loop
vertex 99.22218254069475 -87.32218254069483 3.5
vertex 99.08538342646717 -87.48887274367848 0
vertex 99.22218254069475 -87.32218254069484 0
endloop
endfacet
facet normal 0.8819212643483643 -0.47139673682598043 0
outer loop
vertex 99.08538342646719 -87.48887274367839 3.5
vertex 98.9837325142376 -87.67904822439841 3.5
vertex 98.98373251423763 -87.67904822439836 0
endloop
endfacet
facet normal 0.8819212643483643 -0.47139673682598043 0
outer loop
vertex 99.08538342646719 -87.48887274367839 3.5
vertex 98.98373251423763 -87.67904822439836 0
vertex 99.08538342646717 -87.48887274367848 0
endloop
endfacet
facet normal 0.9569403357322002 -0.2902846772544909 0
outer loop
vertex 98.9837325142376 -87.67904822439841 3.5
vertex 98.92113619155643 -87.88540064578227 3.5
vertex 98.9211361915564 -87.88540064578225 0
endloop
endfacet
facet normal 0.9569403357322002 -0.2902846772544909 0
outer loop
vertex 98.9837325142376 -87.67904822439841 3.5
vertex 98.9211361915564 -87.88540064578225 0
vertex 98.98373251423763 -87.67904822439836 0
endloop
endfacet
facet normal 0.9951847266722013 -0.09801714032951732 0
outer loop
vertex 98.92113619155643 -87.88540064578227 3.5
vertex 98.89999999999999 -88.10000000000004 3.5
vertex 98.9 -88.10000000000004 0
endloop
endfacet
facet normal 0.9951847266722013 -0.09801714032951732 0
outer loop
vertex 98.92113619155643 -87.88540064578227 3.5
vertex 98.9 -88.10000000000004 0
vertex 98.9211361915564 -87.88540064578225 0
endloop
endfacet
facet normal 0.9951847266722013 0.09801714032951732 0
outer loop
vertex 98.89999999999999 -88.10000000000004 3.5
vertex 98.92113619155641 -88.31459935421765 3.5
vertex 98.92113619155641 -88.31459935421759 0
endloop
endfacet
facet normal 0.9951847266722013 0.09801714032951732 0
outer loop
vertex 98.89999999999999 -88.10000000000004 3.5
vertex 98.92113619155641 -88.31459935421759 0
vertex 98.9 -88.10000000000004 0
endloop
endfacet
facet normal 0.9569403357322005 0.2902846772544899 0
outer loop
vertex 98.92113619155641 -88.31459935421765 3.5
vertex 98.98373251423757 -88.52095177560157 3.5
vertex 98.9837325142376 -88.52095177560159 0
endloop
endfacet
facet normal 0.9569403357322005 0.2902846772544899 0
outer loop
vertex 98.92113619155641 -88.31459935421765 3.5
vertex 98.9837325142376 -88.52095177560159 0
vertex 98.92113619155641 -88.31459935421759 0
endloop
endfacet
facet normal 0.8819212643483717 0.4713967368259664 0
outer loop
vertex 98.98373251423757 -88.52095177560157 3.5
vertex 99.08538342646719 -88.71112725632153 3.5
vertex 99.08538342646726 -88.71112725632165 0
endloop
endfacet
facet normal 0.8819212643483717 0.4713967368259664 0
outer loop
vertex 98.98373251423757 -88.52095177560157 3.5
vertex 99.08538342646726 -88.71112725632165 0
vertex 98.9837325142376 -88.52095177560159 0
endloop
endfacet
facet normal 0.7730104533627068 0.6343932841636823 0
outer loop
vertex 99.08538342646719 -88.71112725632153 3.5
vertex 99.22218254069483 -88.87781745930522 3.5
vertex 99.22218254069477 -88.87781745930516 0
endloop
endfacet
facet normal 0.7730104533627068 0.6343932841636823 0
outer loop
vertex 99.08538342646719 -88.71112725632153 3.5
vertex 99.22218254069477 -88.87781745930516 0
vertex 99.08538342646726 -88.71112725632165 0
endloop
endfacet
facet normal 0.6343932841636517 0.7730104533627319 0
outer loop
vertex 99.22218254069483 -88.87781745930522 3.5
vertex 99.38887274367846 -89.01461657353282 3.5
vertex 99.38887274367848 -89.01461657353283 0
endloop
endfacet
facet normal 0.6343932841636517 0.7730104533627319 0
outer loop
vertex 99.22218254069483 -88.87781745930522 3.5
vertex 99.38887274367848 -89.01461657353283 0
vertex 99.22218254069477 -88.87781745930516 0
endloop
endfacet
facet normal 0.47139673682598043 0.8819212643483643 0
outer loop
vertex 99.38887274367846 -89.01461657353282 3.5
vertex 99.57904822439833 -89.11626748576238 3.5
vertex 99.57904822439835 -89.11626748576239 0
endloop
endfacet
facet normal 0.47139673682598043 0.8819212643483643 0
outer loop
vertex 99.38887274367846 -89.01461657353282 3.5
vertex 99.57904822439835 -89.11626748576239 0
vertex 99.38887274367848 -89.01461657353283 0
endloop
endfacet
facet normal 0.29028467725449786 0.9569403357321982 0
outer loop
vertex 99.57904822439833 -89.11626748576238 3.5
vertex 99.78540064578227 -89.17886380844355 3.5
vertex 99.78540064578225 -89.17886380844355 0
endloop
endfacet
facet normal 0.29028467725449786 0.9569403357321982 0
outer loop
vertex 99.57904822439833 -89.11626748576238 3.5
vertex 99.78540064578225 -89.17886380844355 0
vertex 99.57904822439835 -89.11626748576239 0
endloop
endfacet
facet normal 0.09801714032951732 0.9951847266722011 0
outer loop
vertex 99.78540064578227 -89.17886380844355 3.5
vertex 100 -89.19999999999999 3.5
vertex 100 -89.19999999999999 0
endloop
endfacet
facet normal 0.09801714032951732 0.9951847266722011 0
outer loop
vertex 99.78540064578227 -89.17886380844355 3.5
vertex 100 -89.19999999999999 0
vertex 99.78540064578225 -89.17886380844355 0
endloop
endfacet
facet normal -0.09801714032951732 0.9951847266722011 0
outer loop
vertex 100 -89.19999999999999 3.5
vertex 100.21459935421775 -89.17886380844355 3.5
vertex 100.21459935421771 -89.17886380844355 0
endloop
endfacet
facet normal -0.09801714032951732 0.9951847266722011 0
outer loop
vertex 100 -89.19999999999999 3.5
vertex 100.21459935421771 -89.17886380844355 0
vertex 100 -89.19999999999999 0
endloop
endfacet
facet normal -0.29028467725450585 0.9569403357321956 0
outer loop
vertex 100.21459935421775 -89.17886380844355 3.5
vertex 100.42095177560168 -89.11626748576238 3.5
vertex 100.42095177560167 -89.11626748576239 0
endloop
endfacet
facet normal -0.29028467725450585 0.9569403357321956 0
outer loop
vertex 100.21459935421775 -89.17886380844355 3.5
vertex 100.42095177560167 -89.11626748576239 0
vertex 100.21459935421771 -89.17886380844355 0
endloop
endfacet
facet normal -0.4713967368259664 0.8819212643483718 0
outer loop
vertex 100.42095177560168 -89.11626748576238 3.5
vertex 100.61112725632151 -89.01461657353282 3.5
vertex 100.6111272563215 -89.01461657353283 0
endloop
endfacet
facet normal -0.4713967368259664 0.8819212643483718 0
outer loop
vertex 100.42095177560168 -89.11626748576238 3.5
vertex 100.6111272563215 -89.01461657353283 0
vertex 100.42095177560167 -89.11626748576239 0
endloop
endfacet
facet normal -0.6343932841636758 0.7730104533627121 0
outer loop
vertex 100.61112725632151 -89.01461657353282 3.5
vertex 100.77781745930514 -88.87781745930522 3.5
vertex 100.77781745930521 -88.87781745930516 0
endloop
endfacet
facet normal -0.6343932841636758 0.7730104533627121 0
outer loop
vertex 100.61112725632151 -89.01461657353282 3.5
vertex 100.77781745930521 -88.87781745930516 0
vertex 100.6111272563215 -89.01461657353283 0
endloop
endfacet
facet normal -0.7730104533627191 0.6343932841636674 0
outer loop
vertex 100.77781745930514 -88.87781745930522 3.5
vertex 100.91461657353284 -88.71112725632153 3.5
vertex 100.91461657353288 -88.71112725632165 0
endloop
endfacet
facet normal -0.7730104533627191 0.6343932841636674 0
outer loop
vertex 100.77781745930514 -88.87781745930522 3.5
vertex 100.91461657353288 -88.71112725632165 0
vertex 100.77781745930521 -88.87781745930516 0
endloop
endfacet
facet normal -0.8819212643483718 0.4713967368259664 0
outer loop
vertex 100.91461657353284 -88.71112725632153 3.5
vertex 101.01626748576244 -88.52095177560157 3.5
vertex 101.0162674857624 -88.52095177560159 0
endloop
endfacet
facet normal -0.8819212643483718 0.4713967368259664 0
outer loop
vertex 100.91461657353284 -88.71112725632153 3.5
vertex 101.0162674857624 -88.52095177560159 0
vertex 100.91461657353288 -88.71112725632165 0
endloop
endfacet
facet normal -0.9569403357322002 0.2902846772544909 0
outer loop
vertex 101.01626748576244 -88.52095177560157 3.5
vertex 101.07886380844356 -88.31459935421765 3.5
vertex 101.07886380844359 -88.31459935421759 0
endloop
endfacet
facet normal -0.9569403357322002 0.2902846772544909 0
outer loop
vertex 101.01626748576244 -88.52095177560157 3.5
vertex 101.07886380844359 -88.31459935421759 0
vertex 101.0162674857624 -88.52095177560159 0
endloop
endfacet
facet normal -0.9951847266721956 0.09801714032957415 0
outer loop
vertex 158.07886380844357 -88.31459935421765 3.5
vertex 158.1 -88.10000000000004 3.5
vertex 158.1 -88.10000000000004 0
endloop
endfacet
facet normal -0.9951847266721956 0.09801714032957415 0
outer loop
vertex 158.07886380844357 -88.31459935421765 3.5
vertex 158.1 -88.10000000000004 0
vertex 158.07886380844357 -88.31459935421759 0
endloop
endfacet
facet normal -0.9951847266721956 -0.09801714032957415 0
outer loop
vertex 158.1 -88.10000000000004 3.5
vertex 158.07886380844357 -87.88540064578227 3.5
vertex 158.07886380844354 -87.88540064578225 0
endloop
endfacet
facet normal -0.9951847266721956 -0.09801714032957415 0
outer loop
vertex 158.1 -88.10000000000004 3.5
vertex 158.07886380844354 -87.88540064578225 0
vertex 158.1 -88.10000000000004 0
endloop
endfacet
facet normal -0.9569403357322309 -0.29028467725438994 0
outer loop
vertex 158.07886380844357 -87.88540064578227 3.5
vertex 158.01626748576248 -87.67904822439841 3.5
vertex 158.0162674857624 -87.67904822439836 0
endloop
endfacet
facet normal -0.9569403357322309 -0.29028467725438994 0
outer loop
vertex 158.07886380844357 -87.88540064578227 3.5
vertex 158.0162674857624 -87.67904822439836 0
vertex 158.07886380844354 -87.88540064578225 0
endloop
endfacet
facet normal -0.8819212643483718 -0.4713967368259664 0
outer loop
vertex 158.01626748576248 -87.67904822439841 3.5
vertex 157.9146165735328 -87.48887274367839 3.5
vertex 157.91461657353295 -87.48887274367848 0
endloop
endfacet
facet normal -0.8819212643483718 -0.4713967368259664 0
outer loop
vertex 158.01626748576248 -87.67904822439841 3.5
vertex 157.91461657353295 -87.48887274367848 0
vertex 158.0162674857624 -87.67904822439836 0
endloop
endfacet
facet normal -0.7730104533626677 -0.6343932841637299 0
outer loop
vertex 157.9146165735328 -87.48887274367839 3.5
vertex 157.77781745930525 -87.32218254069483 3.5
vertex 157.77781745930517 -87.32218254069484 0
endloop
endfacet
facet normal -0.7730104533626677 -0.6343932841637299 0
outer loop
vertex 157.9146165735328 -87.48887274367839 3.5
vertex 157.77781745930517 -87.32218254069484 0
vertex 157.91461657353295 -87.48887274367848 0
endloop
endfacet
facet normal -0.6343932841636676 -0.7730104533627188 0
outer loop
vertex 157.77781745930525 -87.32218254069483 3.5
vertex 157.61112725632148 -87.18538342646718 3.5
vertex 157.61112725632148 -87.18538342646713 0
endloop
endfacet
facet normal -0.6343932841636676 -0.7730104533627188 0
outer loop
vertex 157.77781745930525 -87.32218254069483 3.5
vertex 157.61112725632148 -87.18538342646713 0
vertex 157.77781745930517 -87.32218254069484 0
endloop
endfacet
facet normal -0.4713967368259805 -0.8819212643483643 0
outer loop
vertex 157.61112725632148 -87.18538342646718 3.5
vertex 157.4209517756016 -87.08373251423758 3.5
vertex 157.42095177560168 -87.08373251423761 0
endloop
endfacet
facet normal -0.4713967368259805 -0.8819212643483643 0
outer loop
vertex 157.61112725632148 -87.18538342646718 3.5
vertex 157.42095177560168 -87.08373251423761 0
vertex 157.61112725632148 -87.18538342646713 0
endloop
endfacet
facet normal -0.2902846772544904 -0.9569403357322004 0
outer loop
vertex 157.4209517756016 -87.08373251423758 3.5
vertex 157.21459935421782 -87.02113619155644 3.5
vertex 157.2145993542177 -87.02113619155644 0
endloop
endfacet
facet normal -0.2902846772544904 -0.9569403357322004 0
outer loop
vertex 157.4209517756016 -87.08373251423758 3.5
vertex 157.2145993542177 -87.02113619155644 0
vertex 157.42095177560168 -87.08373251423761 0
endloop
endfacet
facet normal -0.09801714032951742 -0.9951847266722011 0
outer loop
vertex 157.21459935421782 -87.02113619155644 3.5
vertex 157.0000000000001 -87 3.5
vertex 156.99999999999997 -87 0
endloop
endfacet
facet normal -0.09801714032951742 -0.9951847266722011 0
outer loop
vertex 157.21459935421782 -87.02113619155644 3.5
vertex 156.99999999999997 -87 0
vertex 157.2145993542177 -87.02113619155644 0
endloop
endfacet
facet normal 0.09801714032951732 -0.9951847266722011 0
outer loop
vertex 157.0000000000001 -87 3.5
vertex 156.7854006457822 -87.02113619155644 3.5
vertex 156.78540064578223 -87.02113619155644 0
endloop
endfacet
facet normal 0.09801714032951732 -0.9951847266722011 0
outer loop
vertex 157.0000000000001 -87 3.5
vertex 156.78540064578223 -87.02113619155644 0
vertex 156.99999999999997 -87 0
endloop
endfacet
facet normal 0.29028467725447593 -0.9569403357322048 0
outer loop
vertex 156.7854006457822 -87.02113619155644 3.5
vertex 156.57904822439852 -87.08373251423758 3.5
vertex 156.57904822439832 -87.08373251423761 0
endloop
endfacet
facet normal 0.29028467725447593 -0.9569403357322048 0
outer loop
vertex 156.7854006457822 -87.02113619155644 3.5
vertex 156.57904822439832 -87.08373251423761 0
vertex 156.78540064578223 -87.02113619155644 0
endloop
endfacet
facet normal 0.4713967368259914 -0.8819212643483584 0
outer loop
vertex 156.57904822439852 -87.08373251423758 3.5
vertex 156.38887274367835 -87.18538342646718 3.5
vertex 156.38887274367866 -87.18538342646713 0
endloop
endfacet
facet normal 0.4713967368259914 -0.8819212643483584 0
outer loop
vertex 156.57904822439852 -87.08373251423758 3.5
vertex 156.38887274367866 -87.18538342646713 0
vertex 156.57904822439832 -87.08373251423761 0
endloop
endfacet
facet normal 0.6343932841636758 -0.7730104533627121 0
outer loop
vertex 156.38887274367835 -87.18538342646718 3.5
vertex 156.22218254069472 -87.32218254069483 3.5
vertex 156.2221825406947 -87.32218254069484 0
endloop
endfacet
facet normal 0.6343932841636758 -0.7730104533627121 0
outer loop
vertex 156.38887274367835 -87.18538342646718 3.5
vertex 156.2221825406947 -87.32218254069484 0
vertex 156.38887274367866 -87.18538342646713 0
endloop
endfacet
facet normal 0.7730104533626868 -0.6343932841637067 0
outer loop
vertex 156.22218254069472 -87.32218254069483 3.5
vertex 156.08538342646727 -87.48887274367839 3.5
vertex 156.08538342646708 -87.48887274367848 0
endloop
endfacet
facet normal 0.7730104533626868 -0.6343932841637067 0
outer loop
vertex 156.22218254069472 -87.32218254069483 3.5
vertex 156.08538342646708 -87.48887274367848 0
vertex 156.2221825406947 -87.32218254069484 0
endloop
endfacet
facet normal 0.8819212643483584 -0.4713967368259914 0
outer loop
vertex 156.08538342646727 -87.48887274367839 3.5
vertex 155.9837325142376 -87.67904822439841 3.5
vertex 155.98373251423766 -87.67904822439836 0
endloop
endfacet
facet normal 0.8819212643483584 -0.4713967368259914 0
outer loop
vertex 156.08538342646727 -87.48887274367839 3.5
vertex 155.98373251423766 -87.67904822439836 0
vertex 156.08538342646708 -87.48887274367848 0
endloop
endfacet
facet normal 0.9569403357322394 -0.2902846772543619 0
outer loop
vertex 155.9837325142376 -87.67904822439841 3.5
vertex 155.92113619155646 -87.88540064578227 3.5
vertex 155.92113619155643 -87.88540064578225 0
endloop
endfacet
facet normal 0.9569403357322394 -0.2902846772543619 0
outer loop
vertex 155.9837325142376 -87.67904822439841 3.5
vertex 155.92113619155643 -87.88540064578225 0
vertex 155.98373251423766 -87.67904822439836 0
endloop
endfacet
facet normal 0.9951847266721957 -0.09801714032957415 0
outer loop
vertex 155.92113619155646 -87.88540064578227 3.5
vertex 155.9 -88.10000000000004 3.5
vertex 155.9 -88.10000000000004 0
endloop
endfacet
facet normal 0.9951847266721957 -0.09801714032957415 0
outer loop
vertex 155.92113619155646 -87.88540064578227 3.5
vertex 155.9 -88.10000000000004 0
vertex 155.92113619155643 -87.88540064578225 0
endloop
endfacet
facet normal 0.9951847266721957 0.09801714032957415 0
outer loop
vertex 155.9 -88.10000000000004 3.5
vertex 155.92113619155643 -88.31459935421765 3.5
vertex 155.92113619155643 -88.31459935421759 0
endloop
endfacet
facet normal 0.9951847266721957 0.09801714032957415 0
outer loop
vertex 155.9 -88.10000000000004 3.5
vertex 155.92113619155643 -88.31459935421759 0
vertex 155.9 -88.10000000000004 0
endloop
endfacet
facet normal 0.9569403357322303 0.2902846772543919 0
outer loop
vertex 155.92113619155643 -88.31459935421765 3.5
vertex 155.98373251423754 -88.52095177560157 3.5
vertex 155.9837325142376 -88.52095177560159 0
endloop
endfacet
facet normal 0.9569403357322303 0.2902846772543919 0
outer loop
vertex 155.92113619155643 -88.31459935421765 3.5
vertex 155.9837325142376 -88.52095177560159 0
vertex 155.92113619155643 -88.31459935421759 0
endloop
endfacet
facet normal 0.8819212643483718 0.4713967368259664 0
outer loop
vertex 155.98373251423754 -88.52095177560157 3.5
vertex 156.0853834264672 -88.71112725632153 3.5
vertex 156.08538342646722 -88.71112725632165 0
endloop
endfacet
facet normal 0.8819212643483718 0.4713967368259664 0
outer loop
vertex 155.98373251423754 -88.52095177560157 3.5
vertex 156.08538342646722 -88.71112725632165 0
vertex 155.9837325142376 -88.52095177560159 0
endloop
endfacet
facet normal 0.7730104533626868 0.6343932841637067 0
outer loop
vertex 156.0853834264672 -88.71112725632153 3.5
vertex 156.22218254069486 -88.87781745930522 3.5
vertex 156.2221825406947 -88.87781745930516 0
endloop
endfacet
facet normal 0.7730104533626868 0.6343932841637067 0
outer loop
vertex 156.0853834264672 -88.71112725632153 3.5
vertex 156.2221825406947 -88.87781745930516 0
vertex 156.08538342646722 -88.71112725632165 0
endloop
endfacet
facet normal 0.6343932841636754 0.7730104533627125 0
outer loop
vertex 156.22218254069486 -88.87781745930522 3.5
vertex 156.38887274367846 -89.01461657353282 3.5
vertex 156.3888727436785 -89.01461657353283 0
endloop
endfacet
facet normal 0.6343932841636754 0.7730104533627125 0
outer loop
vertex 156.22218254069486 -88.87781745930522 3.5
vertex 156.3888727436785 -89.01461657353283 0
vertex 156.2221825406947 -88.87781745930516 0
endloop
endfacet
facet normal 0.4713967368259802 0.8819212643483644 0
outer loop
vertex 156.38887274367846 -89.01461657353282 3.5
vertex 156.5790482243984 -89.11626748576238 3.5
vertex 156.57904822439832 -89.11626748576239 0
endloop
endfacet
facet normal 0.4713967368259802 0.8819212643483644 0
outer loop
vertex 156.38887274367846 -89.01461657353282 3.5
vertex 156.57904822439832 -89.11626748576239 0
vertex 156.3888727436785 -89.01461657353283 0
endloop
endfacet
facet normal 0.2902846772544839 0.9569403357322024 0
outer loop
vertex 156.5790482243984 -89.11626748576238 3.5
vertex 156.7854006457822 -89.17886380844355 3.5
vertex 156.7854006457822 -89.17886380844355 0
endloop
endfacet
facet normal 0.2902846772544839 0.9569403357322024 0
outer loop
vertex 156.5790482243984 -89.11626748576238 3.5
vertex 156.7854006457822 -89.17886380844355 0
vertex 156.57904822439832 -89.11626748576239 0
endloop
endfacet
facet normal 0.09801714032951732 0.9951847266722011 0
outer loop
vertex 156.7854006457822 -89.17886380844355 3.5
vertex 156.99999999999994 -89.19999999999999 3.5
vertex 157.00000000000003 -89.19999999999999 0
endloop
endfacet
facet normal 0.09801714032951732 0.9951847266722011 0
outer loop
vertex 156.7854006457822 -89.17886380844355 3.5
vertex 157.00000000000003 -89.19999999999999 0
vertex 156.7854006457822 -89.17886380844355 0
endloop
endfacet
facet normal -0.09801714032951732 0.9951847266722011 0
outer loop
vertex 156.99999999999994 -89.19999999999999 3.5
vertex 157.21459935421782 -89.17886380844355 3.5
vertex 157.21459935421774 -89.17886380844355 0
endloop
endfacet
facet normal -0.09801714032951732 0.9951847266722011 0
outer loop
vertex 156.99999999999994 -89.19999999999999 3.5
vertex 157.21459935421774 -89.17886380844355 0
vertex 157.00000000000003 -89.19999999999999 0
endloop
endfacet
facet normal -0.29028467725450585 0.9569403357321956 0
outer loop
vertex 157.21459935421782 -89.17886380844355 3.5
vertex 157.4209517756017 -89.11626748576238 3.5
vertex 157.42095177560168 -89.11626748576239 0
endloop
endfacet
facet normal -0.29028467725450585 0.9569403357321956 0
outer loop
vertex 157.21459935421782 -89.17886380844355 3.5
vertex 157.42095177560168 -89.11626748576239 0
vertex 157.21459935421774 -89.17886380844355 0
endloop
endfacet
facet normal -0.4713967368259914 0.8819212643483584 0
outer loop
vertex 157.4209517756017 -89.11626748576238 3.5
vertex 157.61112725632154 -89.01461657353282 3.5
vertex 157.6111272563215 -89.01461657353283 0
endloop
endfacet
facet normal -0.4713967368259914 0.8819212643483584 0
outer loop
vertex 157.4209517756017 -89.11626748576238 3.5
vertex 157.6111272563215 -89.01461657353283 0
vertex 157.42095177560168 -89.11626748576239 0
endloop
endfacet
facet normal -0.6343932841636827 0.7730104533627065 0
outer loop
vertex 157.61112725632154 -89.01461657353282 3.5
vertex 157.77781745930514 -88.87781745930522 3.5
vertex 157.77781745930514 -88.87781745930516 0
endloop
endfacet
facet normal -0.6343932841636827 0.7730104533627065 0
outer loop
vertex 157.61112725632154 -89.01461657353282 3.5
vertex 157.77781745930514 -88.87781745930516 0
vertex 157.6111272563215 -89.01461657353283 0
endloop
endfacet
facet normal -0.7730104533626868 0.6343932841637067 0
outer loop
vertex 157.77781745930514 -88.87781745930522 3.5
vertex 157.91461657353278 -88.71112725632153 3.5
vertex 157.9146165735328 -88.71112725632165 0
endloop
endfacet
facet normal -0.7730104533626868 0.6343932841637067 0
outer loop
vertex 157.77781745930514 -88.87781745930522 3.5
vertex 157.9146165735328 -88.71112725632165 0
vertex 157.77781745930514 -88.87781745930516 0
endloop
endfacet
facet normal -0.8819212643483553 0.47139673682599736 0
outer loop
vertex 157.91461657353278 -88.71112725632153 3.5
vertex 158.01626748576243 -88.52095177560157 3.5
vertex 158.0162674857623 -88.52095177560159 0
endloop
endfacet
facet normal -0.8819212643483553 0.47139673682599736 0
outer loop
vertex 157.91461657353278 -88.71112725632153 3.5
vertex 158.0162674857623 -88.52095177560159 0
vertex 157.9146165735328 -88.71112725632165 0
endloop
endfacet
facet normal -0.9569403357322394 0.2902846772543619 0
outer loop
vertex 158.01626748576243 -88.52095177560157 3.5
vertex 158.07886380844357 -88.31459935421765 3.5
vertex 158.07886380844357 -88.31459935421759 0
endloop
endfacet
facet normal -0.9569403357322394 0.2902846772543619 0
outer loop
vertex 158.01626748576243 -88.52095177560157 3.5
vertex 158.07886380844357 -88.31459935421759 0
vertex 158.0162674857623 -88.52095177560159 0
endloop
endfacet
facet normal -0.9951847266721985 0.09801714032954566 0
outer loop
vertex 215.07886380844357 -88.31459935421765 3.5
vertex 215.10000000000002 -88.10000000000004 3.5
vertex 215.1 -88.10000000000004 0
endloop
endfacet
facet normal -0.9951847266721985 0.09801714032954566 0
outer loop
vertex 215.07886380844357 -88.31459935421765 3.5
vertex 215.1 -88.10000000000004 0
vertex 215.07886380844357 -88.31459935421759 0
endloop
endfacet
facet normal -0.9951847266721956 -0.09801714032957415 0
outer loop
vertex 215.10000000000002 -88.10000000000004 3.5
vertex 215.07886380844357 -87.88540064578227 3.5
vertex 215.07886380844354 -87.88540064578225 0
endloop
endfacet
facet normal -0.9951847266721956 -0.09801714032957415 0
outer loop
vertex 215.10000000000002 -88.10000000000004 3.5
vertex 215.07886380844354 -87.88540064578225 0
vertex 215.1 -88.10000000000004 0
endloop
endfacet
facet normal -0.9569403357322394 -0.2902846772543619 0
outer loop
vertex 215.07886380844357 -87.88540064578227 3.5
vertex 215.01626748576246 -87.67904822439841 3.5
vertex 215.01626748576234 -87.67904822439836 0
endloop
endfacet
facet normal -0.9569403357322394 -0.2902846772543619 0
outer loop
vertex 215.07886380844357 -87.88540064578227 3.5
vertex 215.01626748576234 -87.67904822439836 0
vertex 215.07886380844354 -87.88540064578225 0
endloop
endfacet
facet normal -0.8819212643483553 -0.47139673682599736 0
outer loop
vertex 215.01626748576246 -87.67904822439841 3.5
vertex 214.91461657353278 -87.48887274367839 3.5
vertex 214.91461657353275 -87.48887274367848 0
endloop
endfacet
facet normal -0.8819212643483553 -0.47139673682599736 0
outer loop
vertex 215.01626748576246 -87.67904822439841 3.5
vertex 214.91461657353275 -87.48887274367848 0
vertex 215.01626748576234 -87.67904822439836 0
endloop
endfacet
facet normal -0.7730104533626938 -0.6343932841636982 0
outer loop
vertex 214.91461657353278 -87.48887274367839 3.5
vertex 214.77781745930528 -87.32218254069483 3.5
vertex 214.7778174593053 -87.32218254069484 0
endloop
endfacet
facet normal -0.7730104533626938 -0.6343932841636982 0
outer loop
vertex 214.91461657353278 -87.48887274367839 3.5
vertex 214.7778174593053 -87.32218254069484 0
vertex 214.91461657353275 -87.48887274367848 0
endloop
endfacet
facet normal -0.6343932841636912 -0.7730104533626995 0
outer loop
vertex 214.77781745930528 -87.32218254069483 3.5
vertex 214.61112725632157 -87.18538342646718 3.5
vertex 214.6111272563215 -87.18538342646713 0
endloop
endfacet
facet normal -0.6343932841636912 -0.7730104533626995 0
outer loop
vertex 214.77781745930528 -87.32218254069483 3.5
vertex 214.6111272563215 -87.18538342646713 0
vertex 214.7778174593053 -87.32218254069484 0
endloop
endfacet
facet normal -0.47139673682600214 -0.8819212643483526 0
outer loop
vertex 214.61112725632157 -87.18538342646718 3.5
vertex 214.42095177560154 -87.08373251423758 3.5
vertex 214.42095177560168 -87.08373251423761 0
endloop
endfacet
facet normal -0.47139673682600214 -0.8819212643483526 0
outer loop
vertex 214.61112725632157 -87.18538342646718 3.5
vertex 214.42095177560168 -87.08373251423761 0
vertex 214.6111272563215 -87.18538342646713 0
endloop
endfacet
facet normal -0.29028467725450113 -0.9569403357321972 0
outer loop
vertex 214.42095177560154 -87.08373251423758 3.5
vertex 214.21459935421777 -87.02113619155644 3.5
vertex 214.2145993542177 -87.02113619155644 0
endloop
endfacet
facet normal -0.29028467725450113 -0.9569403357321972 0
outer loop
vertex 214.42095177560154 -87.08373251423758 3.5
vertex 214.2145993542177 -87.02113619155644 0
vertex 214.42095177560168 -87.08373251423761 0
endloop
endfacet
facet normal -0.09801714032951732 -0.9951847266722011 0
outer loop
vertex 214.21459935421777 -87.02113619155644 3.5
vertex 214.00000000000006 -87 3.5
vertex 214.00000000000006 -87 0
endloop
endfacet
facet normal -0.09801714032951732 -0.9951847266722011 0
outer loop
vertex 214.21459935421777 -87.02113619155644 3.5
vertex 214.00000000000006 -87 0
vertex 214.2145993542177 -87.02113619155644 0
endloop
endfacet
facet normal 0.09801714032951732 -0.9951847266722011 0
outer loop
vertex 214.00000000000006 -87 3.5
vertex 213.7854006457822 -87.02113619155644 3.5
vertex 213.78540064578232 -87.02113619155644 0
endloop
endfacet
facet normal 0.09801714032951732 -0.9951847266722011 0
outer loop
vertex 214.00000000000006 -87 3.5
vertex 213.78540064578232 -87.02113619155644 0
vertex 214.00000000000006 -87 0
endloop
endfacet
facet normal 0.2902846772545039 -0.9569403357321963 0
outer loop
vertex 213.7854006457822 -87.02113619155644 3.5
vertex 213.57904822439852 -87.08373251423758 3.5
vertex 213.57904822439838 -87.08373251423761 0
endloop
endfacet
facet normal 0.2902846772545039 -0.9569403357321963 0
outer loop
vertex 213.7854006457822 -87.02113619155644 3.5
vertex 213.57904822439838 -87.08373251423761 0
vertex 213.78540064578232 -87.02113619155644 0
endloop
endfacet
facet normal 0.47139673682599736 -0.8819212643483552 0
outer loop
vertex 213.57904822439852 -87.08373251423758 3.5
vertex 213.3888727436784 -87.18538342646718 3.5
vertex 213.38887274367863 -87.18538342646713 0
endloop
endfacet
facet normal 0.47139673682599736 -0.8819212643483552 0
outer loop
vertex 213.57904822439852 -87.08373251423758 3.5
vertex 213.38887274367863 -87.18538342646713 0
vertex 213.57904822439838 -87.08373251423761 0
endloop
endfacet
facet normal 0.6343932841636827 -0.7730104533627065 0
outer loop
vertex 213.3888727436784 -87.18538342646718 3.5
vertex 213.2221825406948 -87.32218254069483 3.5
vertex 213.22218254069443 -87.32218254069484 0
endloop
endfacet
facet normal 0.6343932841636827 -0.7730104533627065 0
outer loop
vertex 213.3888727436784 -87.18538342646718 3.5
vertex 213.22218254069443 -87.32218254069484 0
vertex 213.38887274367863 -87.18538342646713 0
endloop
endfacet
facet normal 0.773010453362681 -0.6343932841637137 0
outer loop
vertex 213.2221825406948 -87.32218254069483 3.5
vertex 213.08538342646722 -87.48887274367839 3.5
vertex 213.0853834264673 -87.48887274367848 0
endloop
endfacet
facet normal 0.773010453362681 -0.6343932841637137 0
outer loop
vertex 213.2221825406948 -87.32218254069483 3.5
vertex 213.0853834264673 -87.48887274367848 0
vertex 213.22218254069443 -87.32218254069484 0
endloop
endfacet
facet normal 0.8819212643483552 -0.47139673682599736 0
outer loop
vertex 213.08538342646722 -87.48887274367839 3.5
vertex 212.9837325142376 -87.67904822439841 3.5
vertex 212.98373251423763 -87.67904822439836 0
endloop
endfacet
facet normal 0.8819212643483552 -0.47139673682599736 0
outer loop
vertex 213.08538342646722 -87.48887274367839 3.5
vertex 212.98373251423763 -87.67904822439836 0
vertex 213.0853834264673 -87.48887274367848 0
endloop
endfacet
facet normal 0.9569403357322394 -0.2902846772543619 0
outer loop
vertex 212.9837325142376 -87.67904822439841 3.5
vertex 212.92113619155646 -87.88540064578227 3.5
vertex 212.92113619155649 -87.88540064578225 0
endloop
endfacet
facet normal 0.9569403357322394 -0.2902846772543619 0
outer loop
vertex 212.9837325142376 -87.67904822439841 3.5
vertex 212.92113619155649 -87.88540064578225 0
vertex 212.98373251423763 -87.67904822439836 0
endloop
endfacet
facet normal 0.9951847266721956 -0.09801714032957415 0
outer loop
vertex 212.92113619155646 -87.88540064578227 3.5
vertex 212.9 -88.10000000000004 3.5
vertex 212.89999999999998 -88.10000000000004 0
endloop
endfacet
facet normal 0.9951847266721956 -0.09801714032957415 0
outer loop
vertex 212.92113619155646 -87.88540064578227 3.5
vertex 212.89999999999998 -88.10000000000004 0
vertex 212.92113619155649 -87.88540064578225 0
endloop
endfacet
facet normal 0.9951847266721985 0.09801714032954566 0
outer loop
vertex 212.9 -88.10000000000004 3.5
vertex 212.92113619155643 -88.31459935421765 3.5
vertex 212.9211361915564 -88.31459935421759 0
endloop
endfacet
facet normal 0.9951847266721985 0.09801714032954566 0
outer loop
vertex 212.9 -88.10000000000004 3.5
vertex 212.9211361915564 -88.31459935421759 0
vertex 212.89999999999998 -88.10000000000004 0
endloop
endfacet
facet normal 0.9569403357322303 0.2902846772543919 0
outer loop
vertex 212.92113619155643 -88.31459935421765 3.5
vertex 212.98373251423754 -88.52095177560157 3.5
vertex 212.98373251423757 -88.52095177560159 0
endloop
endfacet
facet normal 0.9569403357322303 0.2902846772543919 0
outer loop
vertex 212.92113619155643 -88.31459935421765 3.5
vertex 212.98373251423757 -88.52095177560159 0
vertex 212.9211361915564 -88.31459935421759 0
endloop
endfacet
facet normal 0.8819212643483553 0.47139673682599736 0
outer loop
vertex 212.98373251423754 -88.52095177560157 3.5
vertex 213.08538342646713 -88.71112725632153 3.5
vertex 213.08538342646725 -88.71112725632165 0
endloop
endfacet
facet normal 0.8819212643483553 0.47139673682599736 0
outer loop
vertex 212.98373251423754 -88.52095177560157 3.5
vertex 213.08538342646725 -88.71112725632165 0
vertex 212.98373251423757 -88.52095177560159 0
endloop
endfacet
facet normal 0.773010453362667 0.6343932841637306 0
outer loop
vertex 213.08538342646713 -88.71112725632153 3.5
vertex 213.22218254069475 -88.87781745930522 3.5
vertex 213.22218254069475 -88.87781745930516 0
endloop
endfacet
facet normal 0.773010453362667 0.6343932841637306 0
outer loop
vertex 213.08538342646713 -88.71112725632153 3.5
vertex 213.22218254069475 -88.87781745930516 0
vertex 213.08538342646725 -88.71112725632165 0
endloop
endfacet
facet normal 0.6343932841636716 0.7730104533627157 0
outer loop
vertex 213.22218254069475 -88.87781745930522 3.5
vertex 213.38887274367858 -89.01461657353282 3.5
vertex 213.3888727436785 -89.01461657353283 0
endloop
endfacet
facet normal 0.6343932841636716 0.7730104533627157 0
outer loop
vertex 213.22218254069475 -88.87781745930522 3.5
vertex 213.3888727436785 -89.01461657353283 0
vertex 213.22218254069475 -88.87781745930516 0
endloop
endfacet
facet normal 0.4713967368259909 0.8819212643483587 0
outer loop
vertex 213.38887274367858 -89.01461657353282 3.5
vertex 213.57904822439838 -89.11626748576238 3.5
vertex 213.57904822439835 -89.11626748576239 0
endloop
endfacet
facet normal 0.4713967368259909 0.8819212643483587 0
outer loop
vertex 213.38887274367858 -89.01461657353282 3.5
vertex 213.57904822439835 -89.11626748576239 0
vertex 213.3888727436785 -89.01461657353283 0
endloop
endfacet
facet normal 0.2902846772544869 0.9569403357322015 0
outer loop
vertex 213.57904822439838 -89.11626748576238 3.5
vertex 213.78540064578226 -89.17886380844355 3.5
vertex 213.7854006457823 -89.17886380844355 0
endloop
endfacet
facet normal 0.2902846772544869 0.9569403357322015 0
outer loop
vertex 213.57904822439838 -89.11626748576238 3.5
vertex 213.7854006457823 -89.17886380844355 0
vertex 213.57904822439835 -89.11626748576239 0
endloop
endfacet
facet normal 0.09801714032951742 0.9951847266722011 0
outer loop
vertex 213.78540064578226 -89.17886380844355 3.5
vertex 213.99999999999997 -89.19999999999999 3.5
vertex 213.99999999999997 -89.19999999999999 0
endloop
endfacet
facet normal 0.09801714032951742 0.9951847266722011 0
outer loop
vertex 213.78540064578226 -89.17886380844355 3.5
vertex 213.99999999999997 -89.19999999999999 0
vertex 213.7854006457823 -89.17886380844355 0
endloop
endfacet
facet normal -0.09801714032951732 0.9951847266722011 0
outer loop
vertex 213.99999999999997 -89.19999999999999 3.5
vertex 214.21459935421782 -89.17886380844355 3.5
vertex 214.21459935421774 -89.17886380844355 0
endloop
endfacet
facet normal -0.09801714032951732 0.9951847266722011 0
outer loop
vertex 213.99999999999997 -89.19999999999999 3.5
vertex 214.21459935421774 -89.17886380844355 0
vertex 213.99999999999997 -89.19999999999999 0
endloop
endfacet
facet normal -0.29028467725450585 0.9569403357321956 0
outer loop
vertex 214.21459935421782 -89.17886380844355 3.5
vertex 214.4209517756017 -89.11626748576238 3.5
vertex 214.4209517756017 -89.11626748576239 0
endloop
endfacet
facet normal -0.29028467725450585 0.9569403357321956 0
outer loop
vertex 214.21459935421782 -89.17886380844355 3.5
vertex 214.4209517756017 -89.11626748576239 0
vertex 214.21459935421774 -89.17886380844355 0
endloop
endfacet
facet normal -0.47139673682599736 0.8819212643483552 0
outer loop
vertex 214.4209517756017 -89.11626748576238 3.5
vertex 214.6111272563215 -89.01461657353282 3.5
vertex 214.61112725632142 -89.01461657353283 0
endloop
endfacet
facet normal -0.47139673682599736 0.8819212643483552 0
outer loop
vertex 214.4209517756017 -89.11626748576238 3.5
vertex 214.61112725632142 -89.01461657353283 0
vertex 214.4209517756017 -89.11626748576239 0
endloop
endfacet
facet normal -0.6343932841636827 0.7730104533627065 0
outer loop
vertex 214.6111272563215 -89.01461657353282 3.5
vertex 214.7778174593051 -88.87781745930522 3.5
vertex 214.77781745930534 -88.87781745930516 0
endloop
endfacet
facet normal -0.6343932841636827 0.7730104533627065 0
outer loop
vertex 214.6111272563215 -89.01461657353282 3.5
vertex 214.77781745930534 -88.87781745930516 0
vertex 214.61112725632142 -89.01461657353283 0
endloop
endfacet
facet normal -0.773010453362667 0.6343932841637306 0
outer loop
vertex 214.7778174593051 -88.87781745930522 3.5
vertex 214.91461657353284 -88.71112725632153 3.5
vertex 214.9146165735327 -88.71112725632165 0
endloop
endfacet
facet normal -0.773010453362667 0.6343932841637306 0
outer loop
vertex 214.7778174593051 -88.87781745930522 3.5
vertex 214.9146165735327 -88.71112725632165 0
vertex 214.77781745930534 -88.87781745930516 0
endloop
endfacet
facet normal -0.8819212643483584 0.4713967368259914 0
outer loop
vertex 214.91461657353284 -88.71112725632153 3.5
vertex 215.01626748576243 -88.52095177560157 3.5
vertex 215.0162674857625 -88.52095177560159 0
endloop
endfacet
facet normal -0.8819212643483584 0.4713967368259914 0
outer loop
vertex 214.91461657353284 -88.71112725632153 3.5
vertex 215.0162674857625 -88.52095177560159 0
vertex 214.9146165735327 -88.71112725632165 0
endloop
endfacet
facet normal -0.9569403357322394 0.2902846772543619 0
outer loop
vertex 215.01626748576243 -88.52095177560157 3.5
vertex 215.07886380844357 -88.31459935421765 3.5
vertex 215.07886380844357 -88.31459935421759 0
endloop
endfacet
facet normal -0.9569403357322394 0.2902846772543619 0
outer loop
vertex 215.01626748576243 -88.52095177560157 3.5
vertex 215.07886380844357 -88.31459935421759 0
vertex 215.0162674857625 -88.52095177560159 0
endloop
endfacet
facet normal -0.9951847266722011 0.09801714032951732 0
outer loop
vertex 99.07886380844357 -60.21459935421772 3.5
vertex 99.1 -60.00000000000003 3.5
vertex 99.10000000000001 -60.00000000000003 0
endloop
endfacet
facet normal -0.9951847266722011 0.09801714032951732 0
outer loop
vertex 99.07886380844357 -60.21459935421772 3.5
vertex 99.10000000000001 -60.00000000000003 0
vertex 99.07886380844357 -60.21459935421776 0
endloop
endfacet
facet normal -0.9951847266722011 -0.09801714032951732 0
outer loop
vertex 99.1 -60.00000000000003 3.5
vertex 99.07886380844357 -59.785400645782296 3.5
vertex 99.07886380844357 -59.7854006457823 0
endloop
endfacet
facet normal -0.9951847266722011 -0.09801714032951732 0
outer loop
vertex 99.1 -60.00000000000003 3.5
vertex 99.07886380844357 -59.7854006457823 0
vertex 99.10000000000001 -60.00000000000003 0
endloop
endfacet
facet normal -0.9569403357322002 -0.2902846772544909 0
outer loop
vertex 99.07886380844357 -59.785400645782296 3.5
vertex 99.01626748576243 -59.57904822439841 3.5
vertex 99.01626748576241 -59.579048224398385 0
endloop
endfacet
facet normal -0.9569403357322002 -0.2902846772544909 0
outer loop
vertex 99.07886380844357 -59.785400645782296 3.5
vertex 99.01626748576241 -59.579048224398385 0
vertex 99.07886380844357 -59.7854006457823 0
endloop
endfacet
facet normal -0.8819212643483529 -0.47139673682600136 0
outer loop
vertex 99.01626748576243 -59.57904822439841 3.5
vertex 98.91461657353283 -59.388872743678476 3.5
vertex 98.91461657353281 -59.38887274367845 0
endloop
endfacet
facet normal -0.8819212643483529 -0.47139673682600136 0
outer loop
vertex 99.01626748576243 -59.57904822439841 3.5
vertex 98.91461657353281 -59.38887274367845 0
vertex 99.01626748576241 -59.579048224398385 0
endloop
endfacet
facet normal -0.7730104533627364 -0.6343932841636462 0
outer loop
vertex 98.91461657353283 -59.388872743678476 3.5
vertex 98.7778174593052 -59.22218254069479 3.5
vertex 98.77781745930523 -59.22218254069482 0
endloop
endfacet
facet normal -0.7730104533627364 -0.6343932841636462 0
outer loop
vertex 98.91461657353283 -59.388872743678476 3.5
vertex 98.77781745930523 -59.22218254069482 0
vertex 98.91461657353281 -59.38887274367845 0
endloop
endfacet
facet normal -0.634393284163652 -0.7730104533627318 0
outer loop
vertex 98.7778174593052 -59.22218254069479 3.5
vertex 98.61112725632157 -59.0853834264672 3.5
vertex 98.6111272563216 -59.085383426467224 0
endloop
endfacet
facet normal -0.634393284163652 -0.7730104533627318 0
outer loop
vertex 98.7778174593052 -59.22218254069479 3.5
vertex 98.6111272563216 -59.085383426467224 0
vertex 98.77781745930523 -59.22218254069482 0
endloop
endfacet
facet normal -0.4713967368259802 -0.8819212643483644 0
outer loop
vertex 98.61112725632157 -59.0853834264672 3.5
vertex 98.4209517756016 -58.98373251423759 3.5
vertex 98.42095177560158 -58.98373251423759 0
endloop
endfacet
facet normal -0.4713967368259802 -0.8819212643483644 0
outer loop
vertex 98.61112725632157 -59.0853834264672 3.5
vertex 98.42095177560158 -58.98373251423759 0
vertex 98.6111272563216 -59.085383426467224 0
endloop
endfacet
facet normal -0.2902846772544619 -0.956940335732209 0
outer loop
vertex 98.4209517756016 -58.98373251423759 3.5
vertex 98.21459935421777 -58.92113619155646 3.5
vertex 98.21459935421773 -58.92113619155645 0
endloop
endfacet
facet normal -0.2902846772544619 -0.956940335732209 0
outer loop
vertex 98.4209517756016 -58.98373251423759 3.5
vertex 98.21459935421773 -58.92113619155645 0
vertex 98.42095177560158 -58.98373251423759 0
endloop
endfacet
facet normal -0.09801714032957423 -0.9951847266721956 0
outer loop
vertex 98.21459935421777 -58.92113619155646 3.5
vertex 98 -58.900000000000006 3.5
vertex 98.00000000000004 -58.900000000000006 0
endloop
endfacet
facet normal -0.09801714032957423 -0.9951847266721956 0
outer loop
vertex 98.21459935421777 -58.92113619155646 3.5
vertex 98.00000000000004 -58.900000000000006 0
vertex 98.21459935421773 -58.92113619155645 0
endloop
endfacet
facet normal 0.09801714032958839 -0.9951847266721943 0
outer loop
vertex 98 -58.900000000000006 3.5
vertex 97.78540064578222 -58.92113619155646 3.5
vertex 97.78540064578237 -58.92113619155645 0
endloop
endfacet
facet normal 0.09801714032958839 -0.9951847266721943 0
outer loop
vertex 98 -58.900000000000006 3.5
vertex 97.78540064578237 -58.92113619155645 0
vertex 98.00000000000004 -58.900000000000006 0
endloop
endfacet
facet normal 0.2902846772544619 -0.956940335732209 0
outer loop
vertex 97.78540064578222 -58.92113619155646 3.5
vertex 97.57904822439843 -58.98373251423759 3.5
vertex 97.57904822439838 -58.98373251423759 0
endloop
endfacet
facet normal 0.2902846772544619 -0.956940335732209 0
outer loop
vertex 97.78540064578222 -58.92113619155646 3.5
vertex 97.57904822439838 -58.98373251423759 0
vertex 97.78540064578237 -58.92113619155645 0
endloop
endfacet
facet normal 0.47139673682598043 -0.8819212643483643 0
outer loop
vertex 97.57904822439843 -58.98373251423759 3.5
vertex 97.38887274367843 -59.0853834264672 3.5
vertex 97.38887274367842 -59.085383426467224 0
endloop
endfacet
facet normal 0.47139673682598043 -0.8819212643483643 0
outer loop
vertex 97.57904822439843 -58.98373251423759 3.5
vertex 97.38887274367842 -59.085383426467224 0
vertex 97.57904822439838 -58.98373251423759 0
endloop
endfacet
facet normal 0.6343932841636518 -0.7730104533627319 0
outer loop
vertex 97.38887274367843 -59.0853834264672 3.5
vertex 97.22218254069469 -59.22218254069479 3.5
vertex 97.22218254069475 -59.22218254069482 0
endloop
endfacet
facet normal 0.6343932841636518 -0.7730104533627319 0
outer loop
vertex 97.38887274367843 -59.0853834264672 3.5
vertex 97.22218254069475 -59.22218254069482 0
vertex 97.38887274367842 -59.085383426467224 0
endloop
endfacet
facet normal 0.7730104533627445 -0.6343932841636364 0
outer loop
vertex 97.22218254069469 -59.22218254069479 3.5
vertex 97.08538342646725 -59.388872743678476 3.5
vertex 97.08538342646722 -59.38887274367845 0
endloop
endfacet
facet normal 0.7730104533627445 -0.6343932841636364 0
outer loop
vertex 97.22218254069469 -59.22218254069479 3.5
vertex 97.08538342646722 -59.38887274367845 0
vertex 97.22218254069475 -59.22218254069482 0
endloop
endfacet
facet normal 0.8819212643483493 -0.47139673682600836 0
outer loop
vertex 97.08538342646725 -59.388872743678476 3.5
vertex 96.98373251423759 -59.57904822439841 3.5
vertex 96.98373251423764 -59.579048224398385 0
endloop
endfacet
facet normal 0.8819212643483493 -0.47139673682600836 0
outer loop
vertex 97.08538342646725 -59.388872743678476 3.5
vertex 96.98373251423764 -59.579048224398385 0
vertex 97.08538342646722 -59.38887274367845 0
endloop
endfacet
facet normal 0.9569403357322002 -0.2902846772544909 0
outer loop
vertex 96.98373251423759 -59.57904822439841 3.5
vertex 96.92113619155644 -59.785400645782296 3.5
vertex 96.9211361915564 -59.7854006457823 0
endloop
endfacet
facet normal 0.9569403357322002 -0.2902846772544909 0
outer loop
vertex 96.98373251423759 -59.57904822439841 3.5
vertex 96.9211361915564 -59.7854006457823 0
vertex 96.98373251423764 -59.579048224398385 0
endloop
endfacet
facet normal 0.9951847266722011 -0.09801714032951732 0
outer loop
vertex 96.92113619155644 -59.785400645782296 3.5
vertex 96.9 -60.00000000000003 3.5
vertex 96.9 -60.00000000000003 0
endloop
endfacet
facet normal 0.9951847266722011 -0.09801714032951732 0
outer loop
vertex 96.92113619155644 -59.785400645782296 3.5
vertex 96.9 -60.00000000000003 0
vertex 96.9211361915564 -59.7854006457823 0
endloop
endfacet
facet normal 0.9951847266722011 0.09801714032951732 0
outer loop
vertex 96.9 -60.00000000000003 3.5
vertex 96.92113619155643 -60.21459935421772 3.5
vertex 96.92113619155644 -60.21459935421776 0
endloop
endfacet
facet normal 0.9951847266722011 0.09801714032951732 0
outer loop
vertex 96.9 -60.00000000000003 3.5
vertex 96.92113619155644 -60.21459935421776 0
vertex 96.9 -60.00000000000003 0
endloop
endfacet
facet normal 0.9569403357322005 0.2902846772544899 0
outer loop
vertex 96.92113619155643 -60.21459935421772 3.5
vertex 96.98373251423757 -60.420951775601594 3.5
vertex 96.98373251423756 -60.420951775601544 0
endloop
endfacet
facet normal 0.9569403357322005 0.2902846772544899 0
outer loop
vertex 96.92113619155643 -60.21459935421772 3.5
vertex 96.98373251423756 -60.420951775601544 0
vertex 96.92113619155644 -60.21459935421776 0
endloop
endfacet
facet normal 0.8819212643483568 0.4713967368259944 0
outer loop
vertex 96.98373251423757 -60.420951775601594 3.5
vertex 97.08538342646716 -60.6111272563215 3.5
vertex 97.08538342646719 -60.61112725632154 0
endloop
endfacet
facet normal 0.8819212643483568 0.4713967368259944 0
outer loop
vertex 96.98373251423757 -60.420951775601594 3.5
vertex 97.08538342646719 -60.61112725632154 0
vertex 96.98373251423756 -60.420951775601544 0
endloop
endfacet
facet normal 0.7730104533627332 0.6343932841636499 0
outer loop
vertex 97.08538342646716 -60.6111272563215 3.5
vertex 97.22218254069479 -60.777817459305176 3.5
vertex 97.2221825406948 -60.7778174593052 0
endloop
endfacet
facet normal 0.7730104533627332 0.6343932841636499 0
outer loop
vertex 97.08538342646716 -60.6111272563215 3.5
vertex 97.2221825406948 -60.7778174593052 0
vertex 97.08538342646719 -60.61112725632154 0
endloop
endfacet
facet normal 0.634393284163652 0.7730104533627318 0
outer loop
vertex 97.22218254069479 -60.777817459305176 3.5
vertex 97.38887274367846 -60.91461657353281 3.5
vertex 97.38887274367846 -60.91461657353281 0
endloop
endfacet
facet normal 0.634393284163652 0.7730104533627318 0
outer loop
vertex 97.22218254069479 -60.777817459305176 3.5
vertex 97.38887274367846 -60.91461657353281 0
vertex 97.2221825406948 -60.7778174593052 0
endloop
endfacet
facet normal 0.4713967368259802 0.8819212643483644 0
outer loop
vertex 97.38887274367846 -60.91461657353281 3.5
vertex 97.57904822439842 -61.01626748576242 3.5
vertex 97.57904822439845 -61.016267485762434 0
endloop
endfacet
facet normal 0.4713967368259802 0.8819212643483644 0
outer loop
vertex 97.38887274367846 -60.91461657353281 3.5
vertex 97.57904822439845 -61.016267485762434 0
vertex 97.38887274367846 -60.91461657353281 0
endloop
endfacet
facet normal 0.2902846772544619 0.956940335732209 0
outer loop
vertex 97.57904822439842 -61.01626748576242 3.5
vertex 97.78540064578223 -61.07886380844354 3.5
vertex 97.78540064578222 -61.07886380844354 0
endloop
endfacet
facet normal 0.2902846772544619 0.956940335732209 0
outer loop
vertex 97.57904822439842 -61.01626748576242 3.5
vertex 97.78540064578222 -61.07886380844354 0
vertex 97.57904822439845 -61.016267485762434 0
endloop
endfacet
facet normal 0.09801714032957423 0.9951847266721956 0
outer loop
vertex 97.78540064578223 -61.07886380844354 3.5
vertex 97.99999999999997 -61.099999999999994 3.5
vertex 98.00000000000001 -61.1 0
endloop
endfacet
facet normal 0.09801714032957423 0.9951847266721956 0
outer loop
vertex 97.78540064578223 -61.07886380844354 3.5
vertex 98.00000000000001 -61.1 0
vertex 97.78540064578222 -61.07886380844354 0
endloop
endfacet
facet normal -0.09801714032958839 0.9951847266721943 0
outer loop
vertex 97.99999999999997 -61.099999999999994 3.5
vertex 98.21459935421774 -61.07886380844354 3.5
vertex 98.21459935421778 -61.07886380844354 0
endloop
endfacet
facet normal -0.09801714032958839 0.9951847266721943 0
outer loop
vertex 97.99999999999997 -61.099999999999994 3.5
vertex 98.21459935421778 -61.07886380844354 0
vertex 98.00000000000001 -61.1 0
endloop
endfacet
facet normal -0.2902846772544619 0.956940335732209 0
outer loop
vertex 98.21459935421774 -61.07886380844354 3.5
vertex 98.4209517756016 -61.01626748576242 3.5
vertex 98.4209517756016 -61.016267485762434 0
endloop
endfacet
facet normal -0.2902846772544619 0.956940335732209 0
outer loop
vertex 98.21459935421774 -61.07886380844354 3.5
vertex 98.4209517756016 -61.016267485762434 0
vertex 98.21459935421778 -61.07886380844354 0
endloop
endfacet
facet normal -0.47139673682598043 0.8819212643483643 0
outer loop
vertex 98.4209517756016 -61.01626748576242 3.5
vertex 98.61112725632151 -60.91461657353281 3.5
vertex 98.61112725632147 -60.91461657353281 0
endloop
endfacet
facet normal -0.47139673682598043 0.8819212643483643 0
outer loop
vertex 98.4209517756016 -61.01626748576242 3.5
vertex 98.61112725632147 -60.91461657353281 0
vertex 98.4209517756016 -61.016267485762434 0
endloop
endfacet
facet normal -0.6343932841636518 0.7730104533627319 0
outer loop
vertex 98.61112725632151 -60.91461657353281 3.5
vertex 98.77781745930524 -60.777817459305176 3.5
vertex 98.77781745930524 -60.7778174593052 0
endloop
endfacet
facet normal -0.6343932841636518 0.7730104533627319 0
outer loop
vertex 98.61112725632151 -60.91461657353281 3.5
vertex 98.77781745930524 -60.7778174593052 0
vertex 98.61112725632147 -60.91461657353281 0
endloop
endfacet
facet normal -0.7730104533627445 0.6343932841636364 0
outer loop
vertex 98.77781745930524 -60.777817459305176 3.5
vertex 98.91461657353281 -60.6111272563215 3.5
vertex 98.91461657353285 -60.61112725632154 0
endloop
endfacet
facet normal -0.7730104533627445 0.6343932841636364 0
outer loop
vertex 98.77781745930524 -60.777817459305176 3.5
vertex 98.91461657353285 -60.61112725632154 0
vertex 98.77781745930524 -60.7778174593052 0
endloop
endfacet
facet normal -0.8819212643483493 0.47139673682600836 0
outer loop
vertex 98.91461657353281 -60.6111272563215 3.5
vertex 99.01626748576241 -60.420951775601594 3.5
vertex 99.0162674857624 -60.420951775601544 0
endloop
endfacet
facet normal -0.8819212643483493 0.47139673682600836 0
outer loop
vertex 98.91461657353281 -60.6111272563215 3.5
vertex 99.0162674857624 -60.420951775601544 0
vertex 98.91461657353285 -60.61112725632154 0
endloop
endfacet
facet normal -0.9569403357322002 0.2902846772544909 0
outer loop
vertex 99.01626748576241 -60.420951775601594 3.5
vertex 99.07886380844357 -60.21459935421772 3.5
vertex 99.07886380844357 -60.21459935421776 0
endloop
endfacet
facet normal -0.9569403357322002 0.2902846772544909 0
outer loop
vertex 99.01626748576241 -60.420951775601594 3.5
vertex 99.07886380844357 -60.21459935421776 0
vertex 99.0162674857624 -60.420951775601544 0
endloop
endfacet
facet normal -0.9951847266721956 0.09801714032957415 0
outer loop
vertex 166.07886380844351 -47.21459935421751 3.5
vertex 166.09999994212689 -47.000000000000114 3.5
vertex 166.1 -47.00000000000003 0
endloop
endfacet
facet normal -0.9951847266721956 0.09801714032957415 0
outer loop
vertex 166.07886380844351 -47.21459935421751 3.5
vertex 166.1 -47.00000000000003 0
vertex 166.07886375248117 -47.214599354217626 0
endloop
endfacet
facet normal -0.9951847266721957 -0.09801714032957415 0
outer loop
vertex 166.09999994212689 -47.000000000000114 3.5
vertex 166.07886381418405 -46.78540064578212 3.5
vertex 166.07886380844351 -46.78540064578223 0
endloop
endfacet
facet normal -0.9951847266721957 -0.09801714032957415 0
outer loop
vertex 166.09999994212689 -47.000000000000114 3.5
vertex 166.07886380844351 -46.78540064578223 0
vertex 166.1 -47.00000000000003 0
endloop
endfacet
facet normal -0.9569403357322394 -0.2902846772543619 0
outer loop
vertex 166.07886381418405 -46.78540064578212 3.5
vertex 166.01626750418924 -46.57904822439848 3.5
vertex 166.01626748576243 -46.579048224398306 0
endloop
endfacet
facet normal -0.9569403357322394 -0.2902846772543619 0
outer loop
vertex 166.07886381418405 -46.78540064578212 3.5
vertex 166.01626748576243 -46.579048224398306 0
vertex 166.07886380844351 -46.78540064578223 0
endloop
endfacet
facet normal -0.881921264348342 -0.47139673682602246 0
outer loop
vertex 166.01626750418924 -46.57904822439848 3.5
vertex 165.91461660604628 -46.388872743678235 3.5
vertex 165.91461657353284 -46.38887274367846 0
endloop
endfacet
facet normal -0.881921264348342 -0.47139673682602246 0
outer loop
vertex 166.01626750418924 -46.57904822439848 3.5
vertex 165.91461657353284 -46.38887274367846 0
vertex 166.01626748576243 -46.579048224398306 0
endloop
endfacet
facet normal -0.7730104533627093 -0.6343932841636792 0
outer loop
vertex 165.91461660604628 -46.388872743678235 3.5
vertex 165.77781750689917 -46.2221825406948 3.5
vertex 165.7778174593051 -46.22218254069472 0
endloop
endfacet
facet normal -0.7730104533627093 -0.6343932841636792 0
outer loop
vertex 165.91461660604628 -46.388872743678235 3.5
vertex 165.7778174593051 -46.22218254069472 0
vertex 165.91461657353284 -46.38887274367846 0
endloop
endfacet
facet normal -0.6343932841636638 -0.773010453362722 0
outer loop
vertex 165.77781750689917 -46.2221825406948 3.5
vertex 165.6111273194116 -46.08538342646723 3.5
vertex 165.6111272563215 -46.085383426467246 0
endloop
endfacet
facet normal -0.6343932841636638 -0.773010453362722 0
outer loop
vertex 165.77781750689917 -46.2221825406948 3.5
vertex 165.6111272563215 -46.085383426467246 0
vertex 165.7778174593051 -46.22218254069472 0
endloop
endfacet
facet normal -0.4713967368259944 -0.8819212643483568 0
outer loop
vertex 165.6111273194116 -46.08538342646723 3.5
vertex 165.42095185408715 -45.98373251423757 3.5
vertex 165.42095177560154 -45.98373251423759 0
endloop
endfacet
facet normal -0.4713967368259944 -0.8819212643483568 0
outer loop
vertex 165.6111273194116 -46.08538342646723 3.5
vertex 165.42095177560154 -45.98373251423759 0
vertex 165.6111272563215 -46.085383426467246 0
endloop
endfacet
facet normal -0.2902846772544611 -0.9569403357322093 0
outer loop
vertex 165.42095185408715 -45.98373251423757 3.5
vertex 165.21459935421777 -45.92113619155646 3.5
vertex 165.21459935421777 -45.92113619155646 0
endloop
endfacet
facet normal -0.2902846772544611 -0.9569403357322093 0
outer loop
vertex 165.42095185408715 -45.98373251423757 3.5
vertex 165.21459935421777 -45.92113619155646 0
vertex 165.42095177560154 -45.98373251423759 0
endloop
endfacet
facet normal -0.09801714032957423 -0.9951847266721956 0
outer loop
vertex 165.21459935421777 -45.92113619155646 3.5
vertex 164.99999999999997 -45.900000000000006 3.5
vertex 164.99999999999994 -45.900000000000006 0
endloop
endfacet
facet normal -0.09801714032957423 -0.9951847266721956 0
outer loop
vertex 165.21459935421777 -45.92113619155646 3.5
vertex 164.99999999999994 -45.900000000000006 0
vertex 165.21459935421777 -45.92113619155646 0
endloop
endfacet
facet normal 0.09801714032958839 -0.9951847266721943 0
outer loop
vertex 164.99999999999997 -45.900000000000006 3.5
vertex 164.78540064578226 -45.92113619155646 3.5
vertex 164.7854006457822 -45.92113619155646 0
endloop
endfacet
facet normal 0.09801714032958839 -0.9951847266721943 0
outer loop
vertex 164.99999999999997 -45.900000000000006 3.5
vertex 164.7854006457822 -45.92113619155646 0
vertex 164.99999999999994 -45.900000000000006 0
endloop
endfacet
facet normal 0.2902846772544619 -0.956940335732209 0
outer loop
vertex 164.78540064578226 -45.92113619155646 3.5
vertex 164.57904822439852 -45.98373251423757 3.5
vertex 164.57904822439843 -45.98373251423759 0
endloop
endfacet
facet normal 0.2902846772544619 -0.956940335732209 0
outer loop
vertex 164.78540064578226 -45.92113619155646 3.5
vertex 164.57904822439843 -45.98373251423759 0
vertex 164.7854006457822 -45.92113619155646 0
endloop
endfacet
facet normal 0.47139673682598043 -0.8819212643483643 0
outer loop
vertex 164.57904822439852 -45.98373251423757 3.5
vertex 164.38887274367843 -46.08538342646723 3.5
vertex 164.3888727436785 -46.085383426467246 0
endloop
endfacet
facet normal 0.47139673682598043 -0.8819212643483643 0
outer loop
vertex 164.57904822439852 -45.98373251423757 3.5
vertex 164.3888727436785 -46.085383426467246 0
vertex 164.57904822439843 -45.98373251423759 0
endloop
endfacet
facet normal 0.6343932841636518 -0.7730104533627319 0
outer loop
vertex 164.38887274367843 -46.08538342646723 3.5
vertex 164.2221825406947 -46.2221825406948 3.5
vertex 164.22218254069494 -46.22218254069472 0
endloop
endfacet
facet normal 0.6343932841636518 -0.7730104533627319 0
outer loop
vertex 164.38887274367843 -46.08538342646723 3.5
vertex 164.22218254069494 -46.22218254069472 0
vertex 164.3888727436785 -46.085383426467246 0
endloop
endfacet
facet normal 0.7730104533627122 -0.6343932841636757 0
outer loop
vertex 164.2221825406947 -46.2221825406948 3.5
vertex 164.08538342646725 -46.388872743678235 3.5
vertex 164.08538342646702 -46.38887274367846 0
endloop
endfacet
facet normal 0.7730104533627122 -0.6343932841636757 0
outer loop
vertex 164.2221825406947 -46.2221825406948 3.5
vertex 164.08538342646702 -46.38887274367846 0
vertex 164.22218254069494 -46.22218254069472 0
endloop
endfacet
facet normal 0.8819212643483584 -0.4713967368259914 0
outer loop
vertex 164.08538342646725 -46.388872743678235 3.5
vertex 163.98373251423757 -46.57904822439848 3.5
vertex 163.98373251423772 -46.579048224398306 0
endloop
endfacet
facet normal 0.8819212643483584 -0.4713967368259914 0
outer loop
vertex 164.08538342646725 -46.388872743678235 3.5
vertex 163.98373251423772 -46.579048224398306 0
vertex 164.08538342646702 -46.38887274367846 0
endloop
endfacet
facet normal 0.9569403357322394 -0.2902846772543619 0
outer loop
vertex 163.98373251423757 -46.57904822439848 3.5
vertex 163.92113619155646 -46.78540064578212 3.5
vertex 163.9211361915564 -46.78540064578223 0
endloop
endfacet
facet normal 0.9569403357322394 -0.2902846772543619 0
outer loop
vertex 163.98373251423757 -46.57904822439848 3.5
vertex 163.9211361915564 -46.78540064578223 0
vertex 163.98373251423772 -46.579048224398306 0
endloop
endfacet
facet normal 0.9951847266721956 -0.09801714032957413 0
outer loop
vertex 163.92113619155646 -46.78540064578212 3.5
vertex 163.9 -47.000000000000114 3.5
vertex 163.9 -47.00000000000003 0
endloop
endfacet
facet normal 0.9951847266721956 -0.09801714032957413 0
outer loop
vertex 163.92113619155646 -46.78540064578212 3.5
vertex 163.9 -47.00000000000003 0
vertex 163.9211361915564 -46.78540064578223 0
endloop
endfacet
facet normal 0.9951847266721984 0.09801714032954582 0
outer loop
vertex 163.9 -47.000000000000114 3.5
vertex 163.92113619155643 -47.21459935421751 3.5
vertex 163.92113619155646 -47.214599354217626 0
endloop
endfacet
facet normal 0.9951847266721984 0.09801714032954582 0
outer loop
vertex 163.9 -47.000000000000114 3.5
vertex 163.92113619155646 -47.214599354217626 0
vertex 163.9 -47.00000000000003 0
endloop
endfacet
facet normal 0.9569403357322394 0.2902846772543619 0
outer loop
vertex 163.92113619155643 -47.21459935421751 3.5
vertex 163.98373251423757 -47.42095177560165 3.5
vertex 163.9837325142376 -47.420951775601566 0
endloop
endfacet
facet normal 0.9569403357322394 0.2902846772543619 0
outer loop
vertex 163.92113619155643 -47.21459935421751 3.5
vertex 163.9837325142376 -47.420951775601566 0
vertex 163.92113619155646 -47.214599354217626 0
endloop
endfacet
facet normal 0.8819212643483568 0.4713967368259944 0
outer loop
vertex 163.98373251423757 -47.42095177560165 3.5
vertex 164.08538342646725 -47.61112725632148 3.5
vertex 164.0853834264672 -47.611127256321424 0
endloop
endfacet
facet normal 0.8819212643483568 0.4713967368259944 0
outer loop
vertex 163.98373251423757 -47.42095177560165 3.5
vertex 164.0853834264672 -47.611127256321424 0
vertex 163.9837325142376 -47.420951775601566 0
endloop
endfacet
facet normal 0.7730104533627121 0.6343932841636758 0
outer loop
vertex 164.08538342646725 -47.61112725632148 3.5
vertex 164.22218254069475 -47.7778174593053 3.5
vertex 164.22218254069492 -47.777817459305254 0
endloop
endfacet
facet normal 0.7730104533627121 0.6343932841636758 0
outer loop
vertex 164.08538342646725 -47.61112725632148 3.5
vertex 164.22218254069492 -47.777817459305254 0
vertex 164.0853834264672 -47.611127256321424 0
endloop
endfacet
facet normal 0.6343932841636518 0.7730104533627319 0
outer loop
vertex 164.22218254069475 -47.7778174593053 3.5
vertex 164.38887274367843 -47.914616573532754 3.5
vertex 164.3888727436784 -47.91461657353281 0
endloop
endfacet
facet normal 0.6343932841636518 0.7730104533627319 0
outer loop
vertex 164.22218254069475 -47.7778174593053 3.5
vertex 164.3888727436784 -47.91461657353281 0
vertex 164.22218254069492 -47.777817459305254 0
endloop
endfacet
facet normal 0.47139673682596916 0.8819212643483704 0
outer loop
vertex 164.38887274367843 -47.914616573532754 3.5
vertex 164.5790482243984 -48.01626748576243 3.5
vertex 164.57904822439835 -48.01626748576241 0
endloop
endfacet
facet normal 0.47139673682596916 0.8819212643483704 0
outer loop
vertex 164.38887274367843 -47.914616573532754 3.5
vertex 164.57904822439835 -48.01626748576241 0
vertex 164.3888727436784 -47.91461657353281 0
endloop
endfacet
facet normal 0.29028467725446877 0.9569403357322069 0
outer loop
vertex 164.5790482243984 -48.01626748576243 3.5
vertex 164.78540064578226 -48.07886380844354 3.5
vertex 164.78540064578232 -48.07886380844356 0
endloop
endfacet
facet normal 0.29028467725446877 0.9569403357322069 0
outer loop
vertex 164.5790482243984 -48.01626748576243 3.5
vertex 164.78540064578232 -48.07886380844356 0
vertex 164.57904822439835 -48.01626748576241 0
endloop
endfacet
facet normal 0.09801714032957419 0.9951847266721956 0
outer loop
vertex 164.78540064578226 -48.07886380844354 3.5
vertex 165.00000000000014 -48.10000000000001 3.5
vertex 164.9999999999999 -48.099999999999994 0
endloop
endfacet
facet normal 0.09801714032957419 0.9951847266721956 0
outer loop
vertex 164.78540064578226 -48.07886380844354 3.5
vertex 164.9999999999999 -48.099999999999994 0
vertex 164.78540064578232 -48.07886380844356 0
endloop
endfacet
facet normal -0.09801714032957423 0.9951847266721956 0
outer loop
vertex 165.00000000000014 -48.10000000000001 3.5
vertex 165.21459935421797 -48.07886380844354 3.5
vertex 165.2145993542177 -48.07886380844356 0
endloop
endfacet
facet normal -0.09801714032957423 0.9951847266721956 0
outer loop
vertex 165.00000000000014 -48.10000000000001 3.5
vertex 165.2145993542177 -48.07886380844356 0
vertex 164.9999999999999 -48.099999999999994 0
endloop
endfacet
facet normal -0.2902846772544619 0.956940335732209 0
outer loop
vertex 165.21459935421797 -48.07886380844354 3.5
vertex 165.42095177560145 -48.01626748576243 3.5
vertex 165.42095177560157 -48.01626748576241 0
endloop
endfacet
facet normal -0.2902846772544619 0.956940335732209 0
outer loop
vertex 165.21459935421797 -48.07886380844354 3.5
vertex 165.42095177560157 -48.01626748576241 0
vertex 165.2145993542177 -48.07886380844356 0
endloop
endfacet
facet normal -0.47139673682598043 0.8819212643483643 0
outer loop
vertex 165.42095177560145 -48.01626748576243 3.5
vertex 165.61112725632168 -47.914616573532754 3.5
vertex 165.61112725632154 -47.91461657353281 0
endloop
endfacet
facet normal -0.47139673682598043 0.8819212643483643 0
outer loop
vertex 165.42095177560145 -48.01626748576243 3.5
vertex 165.61112725632154 -47.91461657353281 0
vertex 165.42095177560157 -48.01626748576241 0
endloop
endfacet
facet normal -0.6343932841636518 0.7730104533627319 0
outer loop
vertex 165.61112725632168 -47.914616573532754 3.5
vertex 165.77781745930503 -47.7778174593053 3.5
vertex 165.77781745930525 -47.777817459305254 0
endloop
endfacet
facet normal -0.6343932841636518 0.7730104533627319 0
outer loop
vertex 165.61112725632168 -47.914616573532754 3.5
vertex 165.77781745930525 -47.777817459305254 0
vertex 165.61112725632154 -47.91461657353281 0
endloop
endfacet
facet normal -0.7730104533627122 0.6343932841636757 0
outer loop
vertex 165.77781745930503 -47.7778174593053 3.5
vertex 165.91461657353295 -47.61112725632148 3.5
vertex 165.91461657353287 -47.611127256321424 0
endloop
endfacet
facet normal -0.7730104533627122 0.6343932841636757 0
outer loop
vertex 165.77781745930503 -47.7778174593053 3.5
vertex 165.91461657353287 -47.611127256321424 0
vertex 165.77781745930525 -47.777817459305254 0
endloop
endfacet
facet normal -0.8819212643483552 0.47139673682599736 0
outer loop
vertex 165.91461657353295 -47.61112725632148 3.5
vertex 166.01626748576243 -47.42095177560165 3.5
vertex 166.01626748576243 -47.420951775601566 0
endloop
endfacet
facet normal -0.8819212643483552 0.47139673682599736 0
outer loop
vertex 165.91461657353295 -47.61112725632148 3.5
vertex 166.01626748576243 -47.420951775601566 0
vertex 165.91461657353287 -47.611127256321424 0
endloop
endfacet
facet normal -0.9569403357322394 0.2902846772543619 0
outer loop
vertex 166.01626748576243 -47.42095177560165 3.5
vertex 166.07886380844351 -47.21459935421751 3.5
vertex 166.07886375248117 -47.214599354217626 0
endloop
endfacet
facet normal -0.9569403357322394 0.2902846772543619 0
outer loop
vertex 166.01626748576243 -47.42095177560165 3.5
vertex 166.07886375248117 -47.214599354217626 0
vertex 166.01626748576243 -47.420951775601566 0
endloop
endfacet
facet normal -0.9951847266721956 0.09801714032957415 0
outer loop
vertex 211.07886380844351 -47.21459935421751 3.5
vertex 211.09999999999997 -47.000000000000114 3.5
vertex 211.09999999999997 -47.00000000000003 0
endloop
endfacet
facet normal -0.9951847266721956 0.09801714032957415 0
outer loop
vertex 211.07886380844351 -47.21459935421751 3.5
vertex 211.09999999999997 -47.00000000000003 0
vertex 211.07886380844357 -47.214599354217626 0
endloop
endfacet
facet normal -0.9951847266721956 -0.09801714032957415 0
outer loop
vertex 211.09999999999997 -47.000000000000114 3.5
vertex 211.0788638084435 -46.78540064578212 3.5
vertex 211.07886380844351 -46.78540064578223 0
endloop
endfacet
facet normal -0.9951847266721956 -0.09801714032957415 0
outer loop
vertex 211.09999999999997 -47.000000000000114 3.5
vertex 211.07886380844351 -46.78540064578223 0
vertex 211.09999999999997 -47.00000000000003 0
endloop
endfacet
facet normal -0.9569403357322303 -0.2902846772543919 0
outer loop
vertex 211.0788638084435 -46.78540064578212 3.5
vertex 211.01626748659706 -46.57904822439848 3.5
vertex 211.01626748576237 -46.579048224398306 0
endloop
endfacet
facet normal -0.9569403357322303 -0.2902846772543919 0
outer loop
vertex 211.0788638084435 -46.78540064578212 3.5
vertex 211.01626748576237 -46.579048224398306 0
vertex 211.07886380844351 -46.78540064578223 0
endloop
endfacet
facet normal -0.8819212643483402 -0.47139673682602534 0
outer loop
vertex 211.01626748659706 -46.57904822439848 3.5
vertex 210.91461657353267 -46.388872743678235 3.5
vertex 210.9146165735328 -46.38887274367846 0
endloop
endfacet
facet normal -0.8819212643483402 -0.47139673682602534 0
outer loop
vertex 211.01626748659706 -46.57904822439848 3.5
vertex 210.9146165735328 -46.38887274367846 0
vertex 211.01626748576237 -46.579048224398306 0
endloop
endfacet
facet normal -0.7730104533626938 -0.6343932841636982 0
outer loop
vertex 210.91461657353267 -46.388872743678235 3.5
vertex 210.77781745930523 -46.2221825406948 3.5
vertex 210.77781745930514 -46.22218254069472 0
endloop
endfacet
facet normal -0.7730104533626938 -0.6343932841636982 0
outer loop
vertex 210.91461657353267 -46.388872743678235 3.5
vertex 210.77781745930514 -46.22218254069472 0
vertex 210.9146165735328 -46.38887274367846 0
endloop
endfacet
facet normal -0.6343932841636518 -0.7730104533627319 0
outer loop
vertex 210.77781745930523 -46.2221825406948 3.5
vertex 210.6111272596722 -46.08538342646723 3.5
vertex 210.61112725632165 -46.085383426467246 0
endloop
endfacet
facet normal -0.6343932841636518 -0.7730104533627319 0
outer loop
vertex 210.77781745930523 -46.2221825406948 3.5
vertex 210.61112725632165 -46.085383426467246 0
vertex 210.77781745930514 -46.22218254069472 0
endloop
endfacet
facet normal -0.4713967368259944 -0.8819212643483568 0
outer loop
vertex 210.6111272596722 -46.08538342646723 3.5
vertex 210.42095178503695 -45.98373251423757 3.5
vertex 210.4209517756016 -45.98373251423759 0
endloop
endfacet
facet normal -0.4713967368259944 -0.8819212643483568 0
outer loop
vertex 210.6111272596722 -46.08538342646723 3.5
vertex 210.4209517756016 -45.98373251423759 0
vertex 210.61112725632165 -46.085383426467246 0
endloop
endfacet
facet normal -0.29028467725448315 -0.9569403357322026 0
outer loop
vertex 210.42095178503695 -45.98373251423757 3.5
vertex 210.21459935421774 -45.92113619155646 3.5
vertex 210.21459935421774 -45.92113619155646 0
endloop
endfacet
facet normal -0.29028467725448315 -0.9569403357322026 0
outer loop
vertex 210.42095178503695 -45.98373251423757 3.5
vertex 210.21459935421774 -45.92113619155646 0
vertex 210.4209517756016 -45.98373251423759 0
endloop
endfacet
facet normal -0.09801714032957419 -0.9951847266721956 0
outer loop
vertex 210.21459935421774 -45.92113619155646 3.5
vertex 209.99999999999994 -45.900000000000006 3.5
vertex 210 -45.900000000000006 0
endloop
endfacet
facet normal -0.09801714032957419 -0.9951847266721956 0
outer loop
vertex 210.21459935421774 -45.92113619155646 3.5
vertex 210 -45.900000000000006 0
vertex 210.21459935421774 -45.92113619155646 0
endloop
endfacet
facet normal 0.09801714032958839 -0.9951847266721943 0
outer loop
vertex 209.99999999999994 -45.900000000000006 3.5
vertex 209.7854006457822 -45.92113619155646 3.5
vertex 209.78540064578226 -45.92113619155646 0
endloop
endfacet
facet normal 0.09801714032958839 -0.9951847266721943 0
outer loop
vertex 209.99999999999994 -45.900000000000006 3.5
vertex 209.78540064578226 -45.92113619155646 0
vertex 210 -45.900000000000006 0
endloop
endfacet
facet normal 0.29028467725447593 -0.9569403357322048 0
outer loop
vertex 209.7854006457822 -45.92113619155646 3.5
vertex 209.57904822439835 -45.98373251423757 3.5
vertex 209.57904822439835 -45.98373251423759 0
endloop
endfacet
facet normal 0.29028467725447593 -0.9569403357322048 0
outer loop
vertex 209.7854006457822 -45.92113619155646 3.5
vertex 209.57904822439835 -45.98373251423759 0
vertex 209.78540064578226 -45.92113619155646 0
endloop
endfacet
facet normal 0.47139673682596933 -0.8819212643483701 0
outer loop
vertex 209.57904822439835 -45.98373251423757 3.5
vertex 209.3888727436787 -46.08538342646723 3.5
vertex 209.38887274367832 -46.085383426467246 0
endloop
endfacet
facet normal 0.47139673682596933 -0.8819212643483701 0
outer loop
vertex 209.57904822439835 -45.98373251423757 3.5
vertex 209.38887274367832 -46.085383426467246 0
vertex 209.57904822439835 -45.98373251423759 0
endloop
endfacet
facet normal 0.6343932841636518 -0.7730104533627319 0
outer loop
vertex 209.3888727436787 -46.08538342646723 3.5
vertex 209.2221825406947 -46.2221825406948 3.5
vertex 209.22218254069503 -46.22218254069472 0
endloop
endfacet
facet normal 0.6343932841636518 -0.7730104533627319 0
outer loop
vertex 209.3888727436787 -46.08538342646723 3.5
vertex 209.22218254069503 -46.22218254069472 0
vertex 209.38887274367832 -46.085383426467246 0
endloop
endfacet
facet normal 0.7730104533627121 -0.6343932841636758 0
outer loop
vertex 209.2221825406947 -46.2221825406948 3.5
vertex 209.08538342646725 -46.388872743678235 3.5
vertex 209.085383426467 -46.38887274367846 0
endloop
endfacet
facet normal 0.7730104533627121 -0.6343932841636758 0
outer loop
vertex 209.2221825406947 -46.2221825406948 3.5
vertex 209.085383426467 -46.38887274367846 0
vertex 209.22218254069503 -46.22218254069472 0
endloop
endfacet
facet normal 0.8819212643483552 -0.47139673682599736 0
outer loop
vertex 209.08538342646725 -46.388872743678235 3.5
vertex 208.98373251423757 -46.57904822439848 3.5
vertex 208.9837325142377 -46.579048224398306 0
endloop
endfacet
facet normal 0.8819212643483552 -0.47139673682599736 0
outer loop
vertex 209.08538342646725 -46.388872743678235 3.5
vertex 208.9837325142377 -46.579048224398306 0
vertex 209.085383426467 -46.38887274367846 0
endloop
endfacet
facet normal 0.9569403357322394 -0.2902846772543619 0
outer loop
vertex 208.98373251423757 -46.57904822439848 3.5
vertex 208.92113619155646 -46.78540064578212 3.5
vertex 208.92113619155646 -46.78540064578223 0
endloop
endfacet
facet normal 0.9569403357322394 -0.2902846772543619 0
outer loop
vertex 208.98373251423757 -46.57904822439848 3.5
vertex 208.92113619155646 -46.78540064578223 0
vertex 208.9837325142377 -46.579048224398306 0
endloop
endfacet
facet normal 0.9951847266721956 -0.09801714032957415 0
outer loop
vertex 208.92113619155646 -46.78540064578212 3.5
vertex 208.89999999999998 -47.000000000000114 3.5
vertex 208.89999999999998 -47.00000000000003 0
endloop
endfacet
facet normal 0.9951847266721956 -0.09801714032957415 0
outer loop
vertex 208.92113619155646 -46.78540064578212 3.5
vertex 208.89999999999998 -47.00000000000003 0
vertex 208.92113619155646 -46.78540064578223 0
endloop
endfacet
facet normal 0.9951847266721985 0.09801714032954566 0
outer loop
vertex 208.89999999999998 -47.000000000000114 3.5
vertex 208.9211361915564 -47.21459935421751 3.5
vertex 208.92113619155643 -47.214599354217626 0
endloop
endfacet
facet normal 0.9951847266721985 0.09801714032954566 0
outer loop
vertex 208.89999999999998 -47.000000000000114 3.5
vertex 208.92113619155643 -47.214599354217626 0
vertex 208.89999999999998 -47.00000000000003 0
endloop
endfacet
facet normal 0.9569403357322394 0.2902846772543619 0
outer loop
vertex 208.9211361915564 -47.21459935421751 3.5
vertex 208.9837325142376 -47.42095177560165 3.5
vertex 208.98373251423757 -47.420951775601566 0
endloop
endfacet
facet normal 0.9569403357322394 0.2902846772543619 0
outer loop
vertex 208.9211361915564 -47.21459935421751 3.5
vertex 208.98373251423757 -47.420951775601566 0
vertex 208.92113619155643 -47.214599354217626 0
endloop
endfacet
facet normal 0.8819212643483552 0.47139673682599736 0
outer loop
vertex 208.9837325142376 -47.42095177560165 3.5
vertex 209.08538342646716 -47.61112725632148 3.5
vertex 209.08538342646713 -47.611127256321424 0
endloop
endfacet
facet normal 0.8819212643483552 0.47139673682599736 0
outer loop
vertex 208.9837325142376 -47.42095177560165 3.5
vertex 209.08538342646713 -47.611127256321424 0
vertex 208.98373251423757 -47.420951775601566 0
endloop
endfacet
facet normal 0.7730104533627121 0.6343932841636758 0
outer loop
vertex 209.08538342646716 -47.61112725632148 3.5
vertex 209.22218254069492 -47.7778174593053 3.5
vertex 209.2221825406949 -47.777817459305254 0
endloop
endfacet
facet normal 0.7730104533627121 0.6343932841636758 0
outer loop
vertex 209.08538342646716 -47.61112725632148 3.5
vertex 209.2221825406949 -47.777817459305254 0
vertex 209.08538342646713 -47.611127256321424 0
endloop
endfacet
facet normal 0.6343932841636518 0.7730104533627319 0
outer loop
vertex 209.22218254069492 -47.7778174593053 3.5
vertex 209.38887274367838 -47.914616573532754 3.5
vertex 209.38887274367846 -47.91461657353281 0
endloop
endfacet
facet normal 0.6343932841636518 0.7730104533627319 0
outer loop
vertex 209.22218254069492 -47.7778174593053 3.5
vertex 209.38887274367846 -47.91461657353281 0
vertex 209.2221825406949 -47.777817459305254 0
endloop
endfacet
facet normal 0.4713967368259944 0.8819212643483568 0
outer loop
vertex 209.38887274367838 -47.914616573532754 3.5
vertex 209.57904822439846 -48.01626748576243 3.5
vertex 209.5790482243984 -48.01626748576241 0
endloop
endfacet
facet normal 0.4713967368259944 0.8819212643483568 0
outer loop
vertex 209.38887274367838 -47.914616573532754 3.5
vertex 209.5790482243984 -48.01626748576241 0
vertex 209.38887274367846 -47.91461657353281 0
endloop
endfacet
facet normal 0.29028467725448154 0.956940335732203 0
outer loop
vertex 209.57904822439846 -48.01626748576243 3.5
vertex 209.78540064578223 -48.07886380844354 3.5
vertex 209.7854006457823 -48.07886380844356 0
endloop
endfacet
facet normal 0.29028467725448154 0.956940335732203 0
outer loop
vertex 209.57904822439846 -48.01626748576243 3.5
vertex 209.7854006457823 -48.07886380844356 0
vertex 209.5790482243984 -48.01626748576241 0
endloop
endfacet
facet normal 0.09801714032958843 0.9951847266721942 0
outer loop
vertex 209.78540064578223 -48.07886380844354 3.5
vertex 210.0000000000001 -48.10000000000001 3.5
vertex 209.9999999999999 -48.099999999999994 0
endloop
endfacet
facet normal 0.09801714032958843 0.9951847266721942 0
outer loop
vertex 209.78540064578223 -48.07886380844354 3.5
vertex 209.9999999999999 -48.099999999999994 0
vertex 209.7854006457823 -48.07886380844356 0
endloop
endfacet
facet normal -0.09801714032958839 0.9951847266721943 0
outer loop
vertex 210.0000000000001 -48.10000000000001 3.5
vertex 210.2145993542179 -48.07886380844354 3.5
vertex 210.21459935421777 -48.07886380844356 0
endloop
endfacet
facet normal -0.09801714032958839 0.9951847266721943 0
outer loop
vertex 210.0000000000001 -48.10000000000001 3.5
vertex 210.21459935421777 -48.07886380844356 0
vertex 209.9999999999999 -48.099999999999994 0
endloop
endfacet
facet normal -0.2902846772544629 0.9569403357322087 0
outer loop
vertex 210.2145993542179 -48.07886380844354 3.5
vertex 210.42095177560157 -48.01626748576243 3.5
vertex 210.42095177560157 -48.01626748576241 0
endloop
endfacet
facet normal -0.2902846772544629 0.9569403357322087 0
outer loop
vertex 210.2145993542179 -48.07886380844354 3.5
vertex 210.42095177560157 -48.01626748576241 0
vertex 210.21459935421777 -48.07886380844356 0
endloop
endfacet
facet normal -0.47139673682596933 0.8819212643483701 0
outer loop
vertex 210.42095177560157 -48.01626748576243 3.5
vertex 210.61112725632162 -47.914616573532754 3.5
vertex 210.61112725632154 -47.91461657353281 0
endloop
endfacet
facet normal -0.47139673682596933 0.8819212643483701 0
outer loop
vertex 210.42095177560157 -48.01626748576243 3.5
vertex 210.61112725632154 -47.91461657353281 0
vertex 210.42095177560157 -48.01626748576241 0
endloop
endfacet
facet normal -0.6343932841636518 0.7730104533627319 0
outer loop
vertex 210.61112725632162 -47.914616573532754 3.5
vertex 210.77781745930506 -47.7778174593053 3.5
vertex 210.77781745930514 -47.777817459305254 0
endloop
endfacet
facet normal -0.6343932841636518 0.7730104533627319 0
outer loop
vertex 210.61112725632162 -47.914616573532754 3.5
vertex 210.77781745930514 -47.777817459305254 0
vertex 210.61112725632154 -47.91461657353281 0
endloop
endfacet
facet normal -0.7730104533627121 0.6343932841636758 0
outer loop
vertex 210.77781745930506 -47.7778174593053 3.5
vertex 210.91461657353284 -47.61112725632148 3.5
vertex 210.91461657353284 -47.611127256321424 0
endloop
endfacet
facet normal -0.7730104533627121 0.6343932841636758 0
outer loop
vertex 210.77781745930506 -47.7778174593053 3.5
vertex 210.91461657353284 -47.611127256321424 0
vertex 210.77781745930514 -47.777817459305254 0
endloop
endfacet
facet normal -0.8819212643483584 0.4713967368259914 0
outer loop
vertex 210.91461657353284 -47.61112725632148 3.5
vertex 211.0162674857624 -47.42095177560165 3.5
vertex 211.01626748576246 -47.420951775601566 0
endloop
endfacet
facet normal -0.8819212643483584 0.4713967368259914 0
outer loop
vertex 210.91461657353284 -47.61112725632148 3.5
vertex 211.01626748576246 -47.420951775601566 0
vertex 210.91461657353284 -47.611127256321424 0
endloop
endfacet
facet normal -0.9569403357322394 0.2902846772543619 0
outer loop
vertex 211.0162674857624 -47.42095177560165 3.5
vertex 211.07886380844351 -47.21459935421751 3.5
vertex 211.07886380844357 -47.214599354217626 0
endloop
endfacet
facet normal -0.9569403357322394 0.2902846772543619 0
outer loop
vertex 211.0162674857624 -47.42095177560165 3.5
vertex 211.07886380844357 -47.214599354217626 0
vertex 211.01626748576246 -47.420951775601566 0
endloop
endfacet
endsolid csg.js
